{"type": "FeatureCollection", "features": [{"type": "Feature", "geometry": {"type": "Polygon", "coordinates": [[[107.62923808600004, -7.1044885409999665], [107.62924194500005, -7.104502199999956], [107.63019561900006, -7.104257579999967], [107.63030243000009, -7.10222577899998], [107.63065338100006, -7.100312230999975], [107.63080566800005, -7.099999999999966], [107.63100433300008, -7.099592682999969], [107.63124084500004, -7.0986356719999435], [107.63159942700008, -7.097916600999952], [107.63183593800005, -7.097556586999929], [107.63291961500005, -7.097114753999961], [107.63297271800008, -7.097093102999963], [107.63297277000004, -7.097093382999958], [107.63327789400006, -7.098743436999939], [107.63364410500009, -7.09981679699996], [107.63367863400003, -7.099999999999966], [107.63385772800007, -7.10095023599996], [107.63388824600008, -7.10112953099997], [107.63472747800006, -7.101244446999942], [107.63533020100004, -7.101599692999969], [107.63676452600004, -7.10206889899996], [107.63691302700005, -7.102117198999963], [107.63784790300008, -7.102421281999966], [107.63803863500004, -7.102547643999969], [107.63820648300003, -7.102658269999949], [107.63796997200006, -7.103615281999964], [107.63774109000008, -7.104811666999979], [107.63762665000007, -7.105529782999952], [107.63762665000007, -7.106366154999932], [107.63781738400007, -7.107009883999979], [107.63787069400007, -7.107200752999972], [107.63787079000008, -7.107201092999958], [107.63858795200008, -7.107196804999944], [107.63973408900006, -7.107075896999959], [107.63978576800008, -7.10707044399993], [107.63999176100003, -7.107277389999979], [107.64014434900008, -7.107426640999961], [107.64015198000004, -7.108024116999957], [107.63977050800008, -7.108792299999948], [107.63967911600008, -7.1089827039999705], [107.63967895700006, -7.108983033999948], [107.64070025000007, -7.108977150999976], [107.64075470000006, -7.108976836999943], [107.64166486600004, -7.109084289999942], [107.64171600500003, -7.109090327999979], [107.64254760900008, -7.108249183999931], [107.64289856000005, -7.1074109039999485], [107.64349365200007, -7.10680961099996], [107.64420318800006, -7.106088635999981], [107.64443969800004, -7.105609413999957], [107.64455799600006, -7.105286503999935], [107.64560577800006, -7.105630490999943], [107.64594803700004, -7.104946721999966], [107.64594803700004, -7.1034652199999755], [107.64640438200007, -7.102325598999926], [107.64653978300004, -7.101514075999944], [107.64668864100008, -7.101638642999944], [107.64670845300009, -7.101655221999977], [107.64672851700004, -7.101672011999938], [107.64688873300008, -7.101361749999967], [107.64742736400007, -7.101358728999969], [107.64748382600004, -7.101358411999968], [107.64796447800006, -7.101594444999932], [107.64822854100004, -7.102112050999949], [107.64831161600006, -7.102274890999979], [107.64797210800003, -7.102789874999928], [107.64749908400006, -7.103747364999947], [107.64738846100005, -7.104779478999944], [107.64715576400005, -7.106859201999953], [107.64669037100003, -7.108774659999938], [107.64633941800008, -7.110211367999966], [107.64574432400008, -7.111410138999929], [107.64540100200009, -7.1134443259999784], [107.64530944800003, -7.114022253999963], [107.64528661600008, -7.114162095999973], [107.64528656000005, -7.114162442999941], [107.64575958300009, -7.114159579999978], [107.64720153800005, -7.114031787999977], [107.64731598000009, -7.113911625999947], [107.64767456200008, -7.113311765999981], [107.64835001000006, -7.112877091999962], [107.64897540100009, -7.112474630999941], [107.64898681600005, -7.11246728499998], [107.64969633800007, -7.112581349999971], [107.64969632400005, -7.1125814499999365], [107.64959873700008, -7.11334822799995], [107.64958954000008, -7.11342048399996], [107.64899444600007, -7.114140986999928], [107.64851379600009, -7.114263054999981], [107.64804077100007, -7.1152224509999655], [107.64732360900007, -7.115465639999968], [107.64713287400008, -7.116271491999953], [107.64710177900008, -7.116395094999973], [107.64709472700008, -7.116423127999951], [107.64792633100006, -7.116059776999975], [107.64839541800006, -7.115464433999932], [107.64839935300006, -7.115459440999928], [107.64909825500007, -7.115525100999946], [107.64959716900006, -7.1155719729999305], [107.65018463300004, -7.115917679999939], [107.65018449300004, -7.115918141999941], [107.64996338000009, -7.116645811999945], [107.64955902200006, -7.1173601139999505], [107.64949035800004, -7.117485520999935], [107.65116882400008, -7.117834563999963], [107.65130988100009, -7.117974082999979], [107.65164947500006, -7.118309971999963], [107.65236564900005, -7.11854472999994], [107.65236664000008, -7.118545053999981], [107.65368652300003, -7.118537423999953], [107.65507852600007, -7.118297249999955], [107.65512085100005, -7.118289946999937], [107.65583801400004, -7.118644236999955], [107.65595245400004, -7.1191771019999806], [107.65512848000009, -7.119485377999979], [107.65380859600003, -7.119493003999935], [107.65345764200003, -7.120451445999947], [107.65286254900008, -7.120881076999979], [107.65264065000008, -7.1210430289999636], [107.65262603800005, -7.121053692999965], [107.65429687500006, -7.12080526099993], [107.65535910100004, -7.119972805999964], [107.65537262100008, -7.119962210999972], [107.65585327200006, -7.120079038999961], [107.65668487700009, -7.120193477999976], [107.65669250500008, -7.12060427199998], [107.65669144200007, -7.12060508899998], [107.65599076300003, -7.12114392999996], [107.65599068300008, -7.1211439899999505], [107.65634155300006, -7.122586720999948], [107.65639551100008, -7.122586407999961], [107.65595304900006, -7.123506316999965], [107.65612705800004, -7.124887645999934], [107.65683873700004, -7.124999996999975], [107.65887451300006, -7.12532138399996], [107.65853500400004, -7.126118179999935], [107.65888214300008, -7.12663650099995], [107.65936279400006, -7.126873013999955], [107.66019058300009, -7.127222770999936], [107.66008758600009, -7.128183836999938], [107.65900421400005, -7.128190036999968], [107.65855407800007, -7.128648991999967], [107.65865326000005, -7.12890910699997], [107.65997314500004, -7.129260060999968], [107.66056442400009, -7.130193470999927], [107.66056418100004, -7.130194772999971], [107.66022491600006, -7.132008072999952], [107.65902710100005, -7.1320152259999645], [107.65807342500005, -7.132618424999976], [107.65773773400008, -7.133537764999971], [107.65803585200007, -7.134086513999932], [107.65805053800005, -7.134113543999945], [107.65689087000004, -7.13453769299997], [107.65569305600008, -7.134664531999931], [107.65438079800003, -7.135030743999948], [107.65402221900007, -7.135241504999954], [107.65386963100008, -7.13533401199993], [107.65440368900005, -7.135484691999977], [107.65498352100008, -7.135959620999927], [107.65556335600007, -7.137103555999943], [107.65592956700004, -7.137820720999969], [107.65592929800005, -7.137821088999942], [107.65547943200005, -7.13844298999993], [107.65470886400004, -7.138543126999934], [107.65394592600006, -7.138834472999974], [107.65377426200007, -7.139635560999977], [107.65377550900007, -7.139636398999926], [107.65414428700007, -7.139885422999953], [107.65459823600008, -7.140245194999977], [107.65418127200007, -7.141344188999938], [107.65417480800005, -7.141361235999966], [107.65501404000008, -7.14188861599996], [107.65578460900008, -7.142171380999969], [107.65594538200008, -7.142330063999964], [107.65577641900006, -7.143343836999975], [107.65556226800004, -7.1442004429999315], [107.65442012700004, -7.145128432999968], [107.65356352100008, -7.14655610899996], [107.65354067800007, -7.146499002999974], [107.65313521800005, -7.145485350999934], [107.65292106600003, -7.143914906999953], [107.65286760400005, -7.143941637999944], [107.65206446000008, -7.144343210999978], [107.65135062200005, -7.145199816999934], [107.64970879400005, -7.146127806999971], [107.64956602700005, -7.1473413319999395], [107.65085093600004, -7.14826932099993], [107.65206446000008, -7.148554856999965], [107.65331256900004, -7.149479381999981], [107.65330878600008, -7.149489218999975], [107.65280909700004, -7.150488593999967], [107.65264240700009, -7.150821976999964], [107.65230941100003, -7.151487967999969], [107.65209525800009, -7.15320117899995], [107.65327499100005, -7.153836935999948], [107.65355682700005, -7.15471219799997], [107.65404489800005, -7.155071630999942], [107.65471649300008, -7.15556621199994], [107.65514497500004, -7.155685810999955], [107.65533712500007, -7.155739444999938], [107.65538787900005, -7.155753610999966], [107.65586090100004, -7.154698846999963], [107.65599510500004, -7.154698173999975], [107.65605163600009, -7.154697891999945], [107.65700149500009, -7.155165431999933], [107.65701293900008, -7.155679222999936], [107.65749299900006, -7.155932587999928], [107.65749359200004, -7.155932899999925], [107.65830178000004, -7.155928431999939], [107.65835571400004, -7.155928131999929], [107.65930938800005, -7.156017776999931], [107.66042327900004, -7.156437394999955], [107.66056060800008, -7.15648889299996], [107.66017913900004, -7.156777855999962], [107.65950775200008, -7.156877515999952], [107.65912628200005, -7.156975268999929], [107.65798187500008, -7.157173154999953], [107.65797191200005, -7.157165002999932], [107.65740203900003, -7.1566987019999715], [107.65721130500003, -7.156603808999932], [107.65644073700008, -7.156321523999964], [107.65640888500008, -7.1563307759999475], [107.65579875800006, -7.156508005999967], [107.65576935000007, -7.156516548999946], [107.65534133500006, -7.156733781999947], [107.65523147800008, -7.156789539999977], [107.65523167400005, -7.156789791999927], [107.65568542500006, -7.157377716999974], [107.65597534200003, -7.157854554999972], [107.65642166200007, -7.158032889999959], [107.65636825800004, -7.158381697999971], [107.65682813000006, -7.15898481499994], [107.65683746400003, -7.158997055999976], [107.65718991000006, -7.158906738999974], [107.65721893400007, -7.158899301999952], [107.65759027700005, -7.158997648999957], [107.65827813600004, -7.159179822999931], [107.65827941900005, -7.159180161999927], [107.65914154100005, -7.159174913999948], [107.65942382800006, -7.158886429999939], [107.66043424600008, -7.158788956999956], [107.66047668500005, -7.1587848639999265], [107.66114807200006, -7.158972258999938], [107.66158294800005, -7.159402605999958], [107.66096496900008, -7.159929273999978], [107.66087722800006, -7.16064810599994], [107.66112817900006, -7.1609734619999585], [107.66030440000009, -7.161695852999969], [107.65916226000007, -7.162623842999949], [107.65859118800006, -7.16326629699995], [107.65766319900007, -7.16419428699993], [107.65642315500008, -7.165062318999958], [107.65623552200009, -7.165193661999979], [107.65548017600008, -7.165609100999973], [107.65434874400006, -7.165615590999948], [107.65327798600003, -7.165829742999961], [107.65334936900007, -7.16661496699993], [107.65384905600007, -7.167328803999965], [107.65357656600008, -7.167873785999973], [107.65342075400008, -7.168185410999968], [107.65263553200003, -7.168970630999979], [107.65163615700004, -7.1691133989999685], [107.65135062200005, -7.170184155999948], [107.65129817800005, -7.170166674999962], [107.65006571300006, -7.16975585299997], [107.65006214500005, -7.169773699999951], [107.64999433000008, -7.170112773999961], [107.65000651600008, -7.170128614999953], [107.65070816700006, -7.171040762999951], [107.65177892500009, -7.1716832179999415], [107.65240084200008, -7.171852830999967], [107.65224075500004, -7.172471282999936], [107.65237850500006, -7.172677858999975], [107.65163615700004, -7.173110893999933], [107.65157905100006, -7.173110892999944], [107.65077955100008, -7.173110893999933], [107.64913772400007, -7.173467812999945], [107.64912474500005, -7.173458220999976], [107.64749589500008, -7.172254287999976], [107.64746285800004, -7.172272078999981], [107.64656790500004, -7.172753974999978], [107.64742451200004, -7.1736819649999575], [107.64736477900004, -7.173679121999953], [107.64592545100004, -7.173610580999934], [107.64592048500003, -7.173613064999927], [107.64506884500008, -7.174038884999959], [107.64571129900008, -7.1748954909999725], [107.64656790500004, -7.175466560999951], [107.64663928900006, -7.175823478999973], [107.64705807500007, -7.1768006449999575], [107.64706759200004, -7.176822854999955], [107.64761865600008, -7.176565689999961], [107.64763033800006, -7.1765602389999685], [107.64827579900003, -7.176637696999933], [107.64832306000005, -7.1766433679999295], [107.64853977600006, -7.17651854099995], [107.64862155800006, -7.176471436999975], [107.64813835000007, -7.177393922999954], [107.64878080400007, -7.178107761999968], [107.64992294500007, -7.1788216009999815], [107.65113647000004, -7.180106510999963], [107.65192169400007, -7.1810344989999635], [107.65170754200005, -7.182319408999945], [107.65127923900008, -7.183318780999969], [107.64963741000008, -7.183818468999959], [107.64970879400005, -7.184817842999962], [107.65020848200004, -7.185531681999976], [107.65149339100009, -7.186245518999954], [107.65212930000007, -7.187321674999964], [107.65183880400008, -7.187614835999966], [107.65183258400003, -7.187621112999977], [107.65177991900003, -7.187616628999933], [107.65077972500006, -7.187531467999975], [107.65030710800005, -7.187009965999948], [107.64991760300006, -7.18658017599995], [107.64904785300007, -7.186011309999969], [107.64882716300008, -7.185632952999981], [107.64865875400005, -7.185344216999965], [107.64817810100004, -7.184486385999946], [107.64788818600005, -7.1840095489999385], [107.64730835100005, -7.1833434069999385], [107.64672851700004, -7.182581898999956], [107.64586639600009, -7.1823000869999305], [107.64585118800005, -7.182313783999973], [107.64501190200008, -7.183069701999955], [107.64498962300007, -7.183038334999935], [107.64444798700004, -7.18227574499997], [107.64444732700008, -7.1822748159999605], [107.64471435500008, -7.1817326509999475], [107.64472802900008, -7.181661159999976], [107.64480590900007, -7.1812539069999275], [107.64473402100003, -7.180699870999945], [107.64470672600004, -7.180489537999961], [107.64469909700006, -7.179341788999977], [107.64565277200006, -7.178475853999942], [107.64572143700008, -7.1778786149999405], [107.64517211900005, -7.177330968999968], [107.64477539100005, -7.177108762999978], [107.64477065400007, -7.1771380929999395], [107.64459991500007, -7.178194997999981], [107.64411926500009, -7.178293224999948], [107.64411592700009, -7.178282236999962], [107.64382934800005, -7.17733859599997], [107.64334869500004, -7.176767347999942], [107.64266967800006, -7.176388737999957], [107.64202880900007, -7.176293370999929], [107.64207458500005, -7.1761531819999504], [107.64230881200007, -7.17536959499995], [107.64250183200005, -7.174723858999926], [107.64227676400009, -7.173818342999937], [107.64262390200008, -7.172037596999928], [107.64309692400008, -7.170720097999947], [107.64342880300006, -7.169125554999937], [107.64300375500005, -7.1682961929999465], [107.64295959500004, -7.168210027999976], [107.64291341100005, -7.1682313409999665], [107.64289960200006, -7.168237713999929], [107.64207141200006, -7.1686199079999255], [107.64206862800006, -7.168594839999969], [107.64200526000008, -7.168024528999979], [107.64197101700006, -7.167716347999942], [107.64192795700006, -7.167328803999965], [107.64164242100009, -7.16611527799995], [107.64021474500004, -7.166043894999973], [107.64020225200005, -7.166046126999959], [107.63928725500006, -7.16620951699997], [107.63821599700009, -7.1664008149999745], [107.63850153300007, -7.167114652999942], [107.63892983600005, -7.167614339999943], [107.64021474500004, -7.168114025999955], [107.63979471600004, -7.16891656599995], [107.63976910000008, -7.168898338999952], [107.63975310500007, -7.168886957999973], [107.63904905400005, -7.16838603399998], [107.63816833600004, -7.167759413999931], [107.63732910300007, -7.167405602999963], [107.63722719000003, -7.167020546999936], [107.63721084700006, -7.166958805999968], [107.63726043900004, -7.166619296999954], [107.63704451300003, -7.165847009999936], [107.63700824300008, -7.165717282999935], [107.63732338100004, -7.1661550959999545], [107.63757717200008, -7.166335513999968], [107.63763427900005, -7.166376109999931], [107.63763427900005, -7.165801997999949], [107.63762068200003, -7.165273800999955], [107.63761902100003, -7.16520929099994], [107.63750839400006, -7.164903873999947], [107.63752365200008, -7.164627068999948], [107.63733673300004, -7.164453504999926], [107.63632279700005, -7.163664247999975], [107.63616180400004, -7.163538928999969], [107.63613520300004, -7.16356267499998], [107.63553205000005, -7.164101112999958], [107.63550974400005, -7.164121024999929], [107.63529968400007, -7.164308544999926], [107.63473510700004, -7.165554520999933], [107.63388061500007, -7.166707036999981], [107.63282775900007, -7.1671910249999655], [107.63282620500007, -7.1671654879999664], [107.63281250000006, -7.16694021099994], [107.63276423600007, -7.166314950999947], [107.63271944200005, -7.165472823999949], [107.63307636200005, -7.164687603999937], [107.63314774500009, -7.163759612999968], [107.63379020000008, -7.1632599259999665], [107.63377920200008, -7.1631169559999535], [107.63371881700004, -7.16233193599993], [107.63366353300006, -7.162355628999933], [107.63296013900003, -7.162657083999932], [107.63271944200005, -7.162760238999965], [107.63143453300006, -7.164544833999969], [107.63138716900005, -7.164531302999933], [107.63093484600006, -7.16440206599998], [107.63000685800006, -7.16383099799998], [107.63050654300008, -7.162831621999942], [107.63107761500004, -7.1617608649999625], [107.63076959200004, -7.161427173999925], [107.63022100900008, -7.160832875999972], [107.63017988400009, -7.160850189999962], [107.62992962400006, -7.160955564999938], [107.62886471500008, -7.16140394699994], [107.62888748600005, -7.161950439999941], [107.62893610000003, -7.163117157999977], [107.62800810900006, -7.1631885419999435], [107.62757534400004, -7.163549179999961], [107.62715150400004, -7.163902378999978], [107.62668776700008, -7.164082722999979], [107.62668758300003, -7.164060585999948], [107.62668609700006, -7.163880823999932], [107.62600712600005, -7.163215675999936], [107.62600710200007, -7.163215655999977], [107.62595032100006, -7.163215970999943], [107.62554007200004, -7.1632182509999325], [107.62515259100007, -7.163220404999947], [107.62500000100005, -7.1634063699999615], [107.62467956600005, -7.163796900999955], [107.62410736300006, -7.164756294999961], [107.62382507400008, -7.16533136299995], [107.62344360500003, -7.166193957999951], [107.62277984700006, -7.166771408999978], [107.62224266300007, -7.16693605599994], [107.62079834300005, -7.167328803999965], [107.62077268600007, -7.167320251999968], [107.61972758500008, -7.166971883999963], [107.61965620100005, -7.166043894999973], [107.62065557600005, -7.165330057999938], [107.62086972700007, -7.164259299999969], [107.62068738900007, -7.164233251999974], [107.61987035300007, -7.16411653199998], [107.61985726800003, -7.164122820999978], [107.61817979200003, -7.164929044999951], [107.61816928800005, -7.164906645999963], [107.61798095800003, -7.164505001999942], [107.61770471000006, -7.164176954999959], [107.61750030600007, -7.16393422699997], [107.61759185800008, -7.163073537999935], [107.61707687600006, -7.162488694999979], [107.61625435500008, -7.162044757999979], [107.61672946500005, -7.161047026999938], [107.61651531400008, -7.160261803999958], [107.61515902000008, -7.159976269999959], [107.61487348500003, -7.159405197999945], [107.61501625300008, -7.158263057999932], [107.61472408600008, -7.157864649999965], [107.61482183700008, -7.157706004999966], [107.61515808100006, -7.15716028099996], [107.61582946800007, -7.156965253999942], [107.61631012100008, -7.15657996799996], [107.61716461300006, -7.155523775999939], [107.61677551600008, -7.154761309999969], [107.61660766600005, -7.154592033999961], [107.61610412800007, -7.154095647999952], [107.61604744400006, -7.1540960659999655], [107.61571503000005, -7.154098508999937], [107.61571477300004, -7.15409809099998], [107.61560058600008, -7.153911587999971], [107.61556107500007, -7.15385428999997], [107.61520385800009, -7.1533362829999305], [107.61514693200007, -7.1533365459999345], [107.61494446000006, -7.15333747699998], [107.61389923400009, -7.154777525999975], [107.61304473900009, -7.154878137999958], [107.61304375200007, -7.154871528999934], [107.61301422200006, -7.154674049999926], [107.61284637700004, -7.153636452999933], [107.61312866200007, -7.15334844399996], [107.61370086800008, -7.152866836999976], [107.61436462600005, -7.152289387999929], [107.61438946300007, -7.15223035799994], [107.61464691300006, -7.151618477999932], [107.61445617800007, -7.150568482999972], [107.61439910600006, -7.150568668999938], [107.61431121800007, -7.150568957999951], [107.61397552700004, -7.150570866999942], [107.61311340500004, -7.150767322999968], [107.61302185100004, -7.151437278999936], [107.61301785500007, -7.151460252999925], [107.61296190300004, -7.151781830999937], [107.61283874600008, -7.1524896589999685], [107.61255645900007, -7.153351780999969], [107.61208343700008, -7.154310222999925], [107.61122131300004, -7.154602048999948], [107.61123440200004, -7.154578288999971], [107.61138916100003, -7.154297348999933], [107.61169433600008, -7.153738973999964], [107.61159515400004, -7.153261180999948], [107.61145019500009, -7.153230187999952], [107.61082564100008, -7.1531041509999795], [107.61082564100008, -7.152441240999963], [107.61237229200009, -7.15065664399998], [107.61320510300004, -7.149347941999963], [107.61308613000006, -7.14780129199994], [107.61142050700005, -7.149109994999947], [107.60927899200004, -7.14982383499995], [107.60689953000008, -7.150775617999955], [107.60475801500007, -7.150180752999972], [107.60285444600004, -7.149942807999935], [107.60106985100003, -7.1487530759999345], [107.60000000000008, -7.1487530759999345], [107.59940422900007, -7.1487530759999345], [107.59796082800005, -7.148973546999969], [107.59793854000009, -7.148942707999936], [107.59788163300004, -7.148942984999962], [107.59759521600006, -7.148944374999928], [107.59728102800005, -7.149077380999927], [107.59691429700007, -7.149232629999972], [107.59645080700005, -7.149428840999974], [107.59596192400005, -7.149431617999937], [107.59577942000004, -7.149432654999941], [107.59577834000004, -7.149432336999951], [107.59482574500004, -7.1491513229999555], [107.59476971700008, -7.149151640999946], [107.59415435900007, -7.149155137999969], [107.59300231900005, -7.149161812999978], [107.59300159500003, -7.149161486999958], [107.59243011800004, -7.148904082999934], [107.59242248500004, -7.148304458999974], [107.59261322100008, -7.147825713999964], [107.59385681200007, -7.147149561999981], [107.59404754700006, -7.146861549999926], [107.59371956600006, -7.146369337999943], [107.59371952400005, -7.146369277999952], [107.59304894400009, -7.1460426639999355], [107.59365082100004, -7.1456208199999764], [107.59432220600007, -7.1455211609999765], [107.59450494800006, -7.145497557999931], [107.59455108900005, -7.145491596999932], [107.59547424500005, -7.145993230999977], [107.59671783400006, -7.14608192399993], [107.59840627000005, -7.146444527999961], [107.59844970700004, -7.1464538549999475], [107.59873199600008, -7.146261214999981], [107.59800720300007, -7.144825452999953], [107.59729004100006, -7.144740104999926], [107.59688226500003, -7.14448667299996], [107.59688186700004, -7.144486424999968], [107.59651920100004, -7.143239994999931], [107.59651184200004, -7.143214700999977], [107.59747314500004, -7.143591877999938], [107.59814453200005, -7.144257065999966], [107.59862518300008, -7.144445416999929], [107.59995015300007, -7.145282411999972], [107.59997558600008, -7.145298477999972], [107.60000000000008, -7.145286093999971], [107.60106190400006, -7.14474744599994], [107.60188293800007, -7.144330975999935], [107.60283660900006, -7.143369672999938], [107.60266113400007, -7.143178937999949], [107.60176296300006, -7.14222462999993], [107.60167694300009, -7.142133232999981], [107.60052490400005, -7.142045017999976], [107.60000000000008, -7.141786293999928], [107.59918213100008, -7.141383168999937], [107.59861898300005, -7.140865216999941], [107.59809102300005, -7.140379627999948], [107.59783935500008, -7.140148159999967], [107.59639740100005, -7.139391418999935], [107.59561356500006, -7.138909767999962], [107.59507486000007, -7.138578744999961], [107.59485626300005, -7.1384444189999385], [107.59480299400008, -7.138446777999945], [107.59236908200006, -7.13855456999994], [107.59236662300003, -7.138552149999953], [107.59149932900004, -7.137698648999958], [107.59023285100005, -7.1367852669999365], [107.59022973800006, -7.136779479999973], [107.58953094500004, -7.135481355999957], [107.58891296500008, -7.135132312999929], [107.58805084200009, -7.1348504999999705], [107.58799472300007, -7.134850821999976], [107.58747100900007, -7.1348538379999695], [107.58747068100007, -7.134853509999971], [107.58594131700005, -7.133328196999969], [107.58648184000003, -7.13305356799998], [107.58650207600004, -7.133043286999964], [107.58846608800008, -7.133591011999954], [107.58851623700008, -7.133604998999942], [107.58867220300004, -7.133291507999957], [107.58889770700006, -7.132838244999959], [107.58898925900007, -7.132168288999935], [107.58946991100004, -7.131783483999925], [107.58994293300009, -7.131685252999944], [107.59022522000004, -7.130727287999946], [107.59004211500007, -7.13054895199997], [107.58974456900006, -7.13025235799995], [107.58889980800006, -7.130016568999963], [107.58866410500008, -7.129950778999955], [107.58861968600007, -7.12967570099994], [107.58884785900005, -7.128821035999977], [107.58964646300007, -7.128821035999977], [107.59044506700008, -7.128991968999969], [107.59084436800003, -7.128308234999963], [107.59075174600008, -7.127642115999947], [107.59153747800008, -7.1270875889999274], [107.59191894700007, -7.126989838999975], [107.59210968000008, -7.126128194999978], [107.59191398500008, -7.125280019999934], [107.59191131800009, -7.125268456999947], [107.59239196900006, -7.125361439999949], [107.59382486500004, -7.125640110999939], [107.59382629400005, -7.125640387999965], [107.59401703100008, -7.1256394349999255], [107.59425244500005, -7.124999996999975], [107.59429931700004, -7.124872678999964], [107.59391784700006, -7.124206063999964], [107.59381866500007, -7.123632905999955], [107.59410095400006, -7.123631474999968], [107.59477234200006, -7.123627184999975], [107.59477234200006, -7.122575754999957], [107.59499816500005, -7.122574228999952], [107.59505462700008, -7.122573848999934], [107.59599654800007, -7.123131246999947], [107.59601593100007, -7.123142715999961], [107.59658050500008, -7.122971052999958], [107.59644317700008, -7.122136590999958], [107.59679412800006, -7.120820042999981], [107.59797256700006, -7.120577970999932], [107.59799194400006, -7.120573990999958], [107.59906768900004, -7.120687479999958], [107.60000000000008, -7.120753461999925], [107.60062408500005, -7.12079762999997], [107.60158539000008, -7.121150966999949], [107.60383335700004, -7.122786665999968], [107.60386657800007, -7.122810839999943], [107.60469818200005, -7.121969217999947], [107.60481262200005, -7.120893476999981], [107.60480499300007, -7.119698997999933], [107.60432434200004, -7.118745801999978], [107.60395813000008, -7.117910857999959], [107.60368347200006, -7.117328881999981], [107.60363611100007, -7.117349530999945], [107.60288238700008, -7.117678161999947], [107.60288238700008, -7.118753907999974], [107.60282528000005, -7.1187327499999355], [107.60192871100008, -7.118400570999938], [107.60179901300006, -7.118209835999949], [107.60120391900006, -7.11732911699994], [107.60131836000005, -7.116252896999981], [107.60143280300008, -7.11553525599993], [107.60113144200005, -7.114783046999946], [107.60083007900005, -7.114583011999969], [107.60070800800008, -7.114401813999962], [107.60010528700008, -7.113511557999971], [107.60029656900008, -7.112914269999976], [107.60030365200004, -7.112892148999947], [107.60141679700007, -7.113384388999975], [107.60141754200004, -7.113384718999953], [107.60160892000005, -7.113383599999963], [107.60166168500007, -7.11338329199998], [107.60321410200004, -7.113493632999962], [107.60321808000003, -7.113493916999971], [107.60393524300008, -7.113490100999968], [107.60404968300008, -7.113011355999959], [107.60344696100009, -7.111819738999941], [107.60380554200009, -7.111459251999975], [107.60398736600007, -7.111458152999944], [107.60404205300006, -7.111457821999977], [107.60571821100007, -7.111686864999967], [107.60572052100008, -7.111687179999933], [107.60673981600007, -7.111681304999934], [107.60679626600006, -7.11168097999996], [107.60894775500009, -7.1127443279999625], [107.61032497300005, -7.112851006999961], [107.61038208000008, -7.112855430999957], [107.61038208000008, -7.111780164999971], [107.61023712300005, -7.111587042999929], [107.60999298200005, -7.111269228999959], [107.60994342200007, -7.111196538999934], [107.60952764800004, -7.110586726999941], [107.60952761800007, -7.110586682999951], [107.60857391400003, -7.110237120999955], [107.60850525000006, -7.110063074999971], [107.60809326300006, -7.109044547999929], [107.60868072800008, -7.108324523999954], [107.61031347400007, -7.107850008999947], [107.61035919400007, -7.107836720999956], [107.61096191500008, -7.108540056999971], [107.61107635500008, -7.108669278999969], [107.61107660000005, -7.108669752999958], [107.61132049700007, -7.10914611499993], [107.61180114900009, -7.109905241999968], [107.61192321800007, -7.110098359999938], [107.61236806000005, -7.110206037999944], [107.61240387100008, -7.110214706999955], [107.61299896500009, -7.1099724749999496], [107.61339242600008, -7.109417274999942], [107.61340284800008, -7.10940256799995], [107.61391247600005, -7.109563110999943], [107.61395879900005, -7.109577702999957], [107.61459683200007, -7.108714344999953], [107.61542264800005, -7.106671809999966], [107.61608886800008, -7.106250761999945], [107.61644744900008, -7.106129166999949], [107.61740112400008, -7.105525966999949], [107.61824035600006, -7.1052823059999355], [107.61943817200006, -7.105155940999964], [107.62063598700007, -7.10502957999995], [107.62179756400008, -7.104724285999964], [107.62134552100008, -7.103352543999961], [107.62157440300007, -7.102036947999977], [107.62212340100007, -7.10192964099997], [107.62217331100004, -7.1019198849999725], [107.62299347000004, -7.103031632999944], [107.62313842800006, -7.103222842999969], [107.62432098500005, -7.104390615999932], [107.62445831300005, -7.104529852999974], [107.62458801300005, -7.105365750999965], [107.62500000100005, -7.106808763999936], [107.62514495800008, -7.107316490999949], [107.62519828000006, -7.1075126289999275], [107.62519836500007, -7.1075129449999395], [107.62614441100004, -7.1075077059999785], [107.62686157200005, -7.107264517999965], [107.62686157200005, -7.106786245999956], [107.62757110700005, -7.105826372999957], [107.62756347700008, -7.104631420999965], [107.62754821800007, -7.101883405999956], [107.62705993800006, -7.100571627999955], [107.62693786700004, -7.100421899999958], [107.62690825000004, -7.100383975999932], [107.62660841000007, -7.099999999999966], [107.62657165600007, -7.099952931999951], [107.62656904300007, -7.099946959999954], [107.62641566100007, -7.099596711999936], [107.62641525300006, -7.099595779999959], [107.62500000100005, -7.098781922999933], [107.62489700300006, -7.098722693999946], [107.62465667700008, -7.097478386999967], [107.62465667700008, -7.0972394919999715], [107.62451172000004, -7.09706115299997], [107.62417602700003, -7.096644874999981], [107.62333679300008, -7.096410745999947], [107.62320709400007, -7.0962123829999655], [107.62248992900004, -7.095100876999936], [107.62212371800007, -7.094147202999977], [107.62236023200006, -7.093189713999948], [107.62327002800004, -7.092842624999946], [107.62331390500009, -7.092825886999947], [107.62415695200008, -7.09389256999998], [107.62421329000006, -7.093971074999956], [107.62438964800003, -7.094216819999929], [107.62500000100005, -7.095087045999946], [107.62573242200006, -7.096131321999962], [107.62608337500006, -7.096633908999934], [107.62641906800008, -7.096931930999972], [107.62714004700007, -7.097560638999937], [107.62837219300008, -7.099727625999947], [107.62844651000006, -7.099999999999966], [107.62886047600006, -7.101517195999975], [107.62899780300006, -7.103667254999948], [107.62918090900007, -7.104286191999961], [107.62923808600004, -7.1044885409999665]]]}, "properties": {"OBJECTID": 27788, "KODE_PROV": 32, "PL2021_ID_R": 2002, "PL2022_ID": 2002}}, {"type": "Feature", "geometry": {"type": "Polygon", "coordinates": [[[107.67961850000006, -7.112059669999951], [107.67965776000005, -7.114583247999974], [107.68079314700009, -7.116369172999953], [107.68089889100008, -7.117631579999966], [107.68192895500005, -7.1180977559999405], [107.68208881100009, -7.119819337999957], [107.68202351200006, -7.120028245999947], [107.68167745300008, -7.121135378999952], [107.68082250100008, -7.12026902599996], [107.67863970600007, -7.120425390999969], [107.67789090700006, -7.120764093999981], [107.67548344000005, -7.120230658999958], [107.67439983000008, -7.120193598999947], [107.67335971900008, -7.120158027999935], [107.67246754200005, -7.1207849319999355], [107.67214792400006, -7.121009515999958], [107.67065239500005, -7.121400173999973], [107.66898173600003, -7.122190993999936], [107.66667833500009, -7.123149281999929], [107.66414570400008, -7.1240485519999766], [107.66342246300007, -7.124802467999928], [107.66323297200006, -7.124999996999975], [107.66316228000005, -7.125073689999965], [107.66315273000004, -7.126392593999981], [107.66182234800004, -7.127759294999976], [107.65936279400006, -7.126873013999955], [107.65888214300008, -7.12663650099995], [107.65853500400004, -7.126118179999935], [107.65887451300006, -7.12532138399996], [107.65683873700004, -7.124999996999975], [107.65612705800004, -7.124887645999934], [107.65595304900006, -7.123506316999965], [107.65639551100008, -7.122586407999961], [107.65658569300007, -7.122585292999929], [107.65753936900006, -7.122579566999946], [107.65777588000009, -7.122578139999973], [107.65861511200006, -7.122334476999981], [107.65956878700007, -7.12208985999996], [107.66016388000008, -7.121608255999945], [107.66088104200009, -7.121603962999927], [107.66172027600004, -7.120762344999946], [107.66255188300005, -7.1199207289999435], [107.66354976800005, -7.119313838999972], [107.66405694400004, -7.120429627999954], [107.66412832800006, -7.121072081999955], [107.66455663100004, -7.121714535999956], [107.66412832800006, -7.12271390899997], [107.66519908600009, -7.122642526999925], [107.66670983700004, -7.121805595999945], [107.66628335300004, -7.122046545999979], [107.66784899400005, -7.121170045999975], [107.66818671300007, -7.120980973999963], [107.66991601500007, -7.120018541999968], [107.67112863500006, -7.1190523709999525], [107.67274104600006, -7.118375813999933], [107.67234786900008, -7.117168694999975], [107.67022168900007, -7.117440123999927], [107.66832638200009, -7.117541163999931], [107.66516727100009, -7.1177477809999345], [107.66270121100007, -7.117385906999971], [107.66304939200006, -7.116872300999944], [107.66546260100006, -7.116602974999978], [107.66741199300009, -7.116961106999952], [107.66867994100005, -7.116282078999973], [107.67206703000005, -7.116306462999944], [107.67304421500006, -7.116141451999965], [107.67219135900007, -7.114988375999928], [107.67047118100004, -7.114689257999942], [107.67036960000007, -7.112853423999979], [107.67208894600009, -7.11326722299998], [107.67336018500004, -7.112129416999949], [107.67302234800007, -7.111209432999942], [107.67280139400003, -7.110003554999935], [107.67085656100005, -7.10901466699994], [107.67053846000005, -7.108408409999981], [107.67040350100007, -7.108151202999977], [107.67156073400008, -7.1081044919999385], [107.67272392900009, -7.108057541999926], [107.67272479800005, -7.108057506999955], [107.67281543600006, -7.108053849999976], [107.67621196900006, -7.106759250999971], [107.67625944700006, -7.106846966999967], [107.67683520300005, -7.1079106739999816], [107.67786152900004, -7.108892945999969], [107.67842529900008, -7.110330679999947], [107.67961850000006, -7.112059669999951]]]}, "properties": {"OBJECTID": 28168, "KODE_PROV": 32, "PL2021_ID_R": 2006, "PL2022_ID": 2006}}, {"type": "Feature", "geometry": {"type": "Polygon", "coordinates": [[[107.62876129200004, -7.081778760999953], [107.62981414900008, -7.08285617599995], [107.62992859100007, -7.082971566999959], [107.63013458400007, -7.084267613999941], [107.63016510100005, -7.084449764999931], [107.63017105300008, -7.084450997999966], [107.63023279200007, -7.08482769799997], [107.63039457400004, -7.08581484299998], [107.63086700400004, -7.08660840899995], [107.63195419400006, -7.086493010999959], [107.63224029500009, -7.088022944999977], [107.63253021200006, -7.089015003999975], [107.63259124800004, -7.089215753999952], [107.63276091400007, -7.089214851999941], [107.63276094900004, -7.089214851999941], [107.63276098500006, -7.089214851999941], [107.63283245000008, -7.089214473999959], [107.63304138200004, -7.0892133689999355], [107.63349914700007, -7.08841419099997], [107.63352956200004, -7.08841401799998], [107.63417816300006, -7.088410375999956], [107.63473510700004, -7.0890464759999645], [107.63487243800006, -7.08920287899997], [107.63487541300009, -7.0898687869999435], [107.63488006700004, -7.090909957999941], [107.63425575900004, -7.091855186999965], [107.63481542700004, -7.092318913999975], [107.63491731700009, -7.092271152999956], [107.63506269500004, -7.092203006999966], [107.63579178100008, -7.091861245999951], [107.63639994000005, -7.091576171999975], [107.63935047100006, -7.095288131999951], [107.63939446900008, -7.0956620959999555], [107.63954082900005, -7.0969061629999715], [107.64104232700004, -7.09714028999997], [107.64178388800008, -7.097482179999929], [107.64252544800007, -7.097482179999929], [107.64315292300006, -7.097026325999934], [107.64398564100009, -7.097317177999969], [107.64407038800005, -7.0976434559999575], [107.64407071000005, -7.097644697999954], [107.64440155000005, -7.098918436999952], [107.64458503800006, -7.0998154429999545], [107.64491760100009, -7.099999999999966], [107.64520647600006, -7.100160311999957], [107.64584350600006, -7.10046338799998], [107.64606857400008, -7.101119753999967], [107.64640781400004, -7.10140364199998], [107.64653978300004, -7.101514075999944], [107.64640438200007, -7.102325598999926], [107.64594803700004, -7.1034652199999755], [107.64594803700004, -7.104946721999966], [107.64560577800006, -7.105630490999943], [107.64455799600006, -7.105286503999935], [107.64372335400009, -7.104433894999943], [107.64372335400009, -7.103237295999975], [107.64355222500006, -7.102781447999973], [107.64292475000008, -7.1034652199999755], [107.64258249200009, -7.104148990999931], [107.64166980100003, -7.1042059719999315], [107.64109937000006, -7.103294276999975], [107.64070006800006, -7.102439560999926], [107.64018668000006, -7.1015848439999445], [107.63898636800008, -7.100800875999937], [107.63896063600004, -7.101019597999937], [107.63820648300003, -7.102658269999949], [107.63803863500004, -7.102547643999969], [107.63784790300008, -7.102421281999966], [107.63691302700005, -7.102117198999963], [107.63676452600004, -7.10206889899996], [107.63533020100004, -7.101599692999969], [107.63472747800006, -7.101244446999942], [107.63388824600008, -7.10112953099997], [107.63385772800007, -7.10095023599996], [107.63367863400003, -7.099999999999966], [107.63364410500009, -7.09981679699996], [107.63327789400006, -7.098743436999939], [107.63297277000004, -7.097093382999958], [107.63297271800008, -7.097093102999963], [107.63291961500005, -7.097114753999961], [107.63183593800005, -7.097556586999929], [107.63159942700008, -7.097916600999952], [107.63124084500004, -7.0986356719999435], [107.63100433300008, -7.099592682999969], [107.63080566800005, -7.099999999999966], [107.63065338100006, -7.100312230999975], [107.63030243000009, -7.10222577899998], [107.63019561900006, -7.104257579999967], [107.62924194500005, -7.104502199999956], [107.62923808600004, -7.1044885409999665], [107.62918090900007, -7.104286191999961], [107.62899780300006, -7.103667254999948], [107.62886047600006, -7.101517195999975], [107.62844651000006, -7.099999999999966], [107.62837219300008, -7.099727625999947], [107.62714004700007, -7.097560638999937], [107.62641906800008, -7.096931930999972], [107.62608337500006, -7.096633908999934], [107.62573242200006, -7.096131321999962], [107.62500000100005, -7.095087045999946], [107.62438964800003, -7.094216819999929], [107.62421329000006, -7.093971074999956], [107.62415695200008, -7.09389256999998], [107.62331390500009, -7.092825886999947], [107.62327002800004, -7.092842624999946], [107.62236023200006, -7.093189713999948], [107.62212371800007, -7.094147202999977], [107.62248992900004, -7.095100876999936], [107.62320709400007, -7.0962123829999655], [107.62333679300008, -7.096410745999947], [107.62417602700003, -7.096644874999981], [107.62451172000004, -7.09706115299997], [107.62465667700008, -7.0972394919999715], [107.62465667700008, -7.097478386999967], [107.62489700300006, -7.098722693999946], [107.62500000100005, -7.098781922999933], [107.62641525300006, -7.099595779999959], [107.62641566100007, -7.099596711999936], [107.62656904300007, -7.099946959999954], [107.62657165600007, -7.099952931999951], [107.62660841000007, -7.099999999999966], [107.62690825000004, -7.100383975999932], [107.62693786700004, -7.100421899999958], [107.62705993800006, -7.100571627999955], [107.62754821800007, -7.101883405999956], [107.62756347700008, -7.104631420999965], [107.62757110700005, -7.105826372999957], [107.62686157200005, -7.106786245999956], [107.62686157200005, -7.107264517999965], [107.62614441100004, -7.1075077059999785], [107.62519836500007, -7.1075129449999395], [107.62519828000006, -7.1075126289999275], [107.62514495800008, -7.107316490999949], [107.62500000100005, -7.106808763999936], [107.62458801300005, -7.105365750999965], [107.62445831300005, -7.104529852999974], [107.62432098500005, -7.104390615999932], [107.62313842800006, -7.103222842999969], [107.62299347000004, -7.103031632999944], [107.62217331100004, -7.1019198849999725], [107.62212340100007, -7.10192964099997], [107.62157440300007, -7.102036947999977], [107.62134552100008, -7.103352543999961], [107.62179756400008, -7.104724285999964], [107.62063598700007, -7.10502957999995], [107.61943817200006, -7.105155940999964], [107.61824035600006, -7.1052823059999355], [107.61740112400008, -7.105525966999949], [107.61644744900008, -7.106129166999949], [107.61608886800008, -7.106250761999945], [107.61542264800005, -7.106671809999966], [107.61459683200007, -7.108714344999953], [107.61395879900005, -7.109577702999957], [107.61391247600005, -7.109563110999943], [107.61340284800008, -7.10940256799995], [107.61339242600008, -7.109417274999942], [107.61299896500009, -7.1099724749999496], [107.61240387100008, -7.110214706999955], [107.61236806000005, -7.110206037999944], [107.61192321800007, -7.110098359999938], [107.61180114900009, -7.109905241999968], [107.61132049700007, -7.10914611499993], [107.61107660000005, -7.108669752999958], [107.61107635500008, -7.108669278999969], [107.61096191500008, -7.108540056999971], [107.61035919400007, -7.107836720999956], [107.61031347400007, -7.107850008999947], [107.60868072800008, -7.108324523999954], [107.60809326300006, -7.109044547999929], [107.60850525000006, -7.110063074999971], [107.60857391400003, -7.110237120999955], [107.60952761800007, -7.110586682999951], [107.60952764800004, -7.110586726999941], [107.60994342200007, -7.111196538999934], [107.60999298200005, -7.111269228999959], [107.61023712300005, -7.111587042999929], [107.61038208000008, -7.111780164999971], [107.61038208000008, -7.112855430999957], [107.61032497300005, -7.112851006999961], [107.60894775500009, -7.1127443279999625], [107.60679626600006, -7.11168097999996], [107.60673981600007, -7.111681304999934], [107.60572052100008, -7.111687179999933], [107.60571821100007, -7.111686864999967], [107.60404205300006, -7.111457821999977], [107.60398736600007, -7.111458152999944], [107.60380554200009, -7.111459251999975], [107.60344696100009, -7.111819738999941], [107.60404968300008, -7.113011355999959], [107.60393524300008, -7.113490100999968], [107.60321808000003, -7.113493916999971], [107.60321410200004, -7.113493632999962], [107.60166168500007, -7.11338329199998], [107.60160892000005, -7.113383599999963], [107.60141754200004, -7.113384718999953], [107.60141679700007, -7.113384388999975], [107.60030365200004, -7.112892148999947], [107.60029656900008, -7.112914269999976], [107.60010528700008, -7.113511557999971], [107.60070800800008, -7.114401813999962], [107.60083007900005, -7.114583011999969], [107.60113144200005, -7.114783046999946], [107.60143280300008, -7.11553525599993], [107.60131836000005, -7.116252896999981], [107.60120391900006, -7.11732911699994], [107.60179901300006, -7.118209835999949], [107.60192871100008, -7.118400570999938], [107.60282528000005, -7.1187327499999355], [107.60288238700008, -7.118753907999974], [107.60288238700008, -7.117678161999947], [107.60363611100007, -7.117349530999945], [107.60368347200006, -7.117328881999981], [107.60395813000008, -7.117910857999959], [107.60432434200004, -7.118745801999978], [107.60480499300007, -7.119698997999933], [107.60481262200005, -7.120893476999981], [107.60469818200005, -7.121969217999947], [107.60386657800007, -7.122810839999943], [107.60383335700004, -7.122786665999968], [107.60158539000008, -7.121150966999949], [107.60062408500005, -7.12079762999997], [107.60000000000008, -7.120753461999925], [107.59906768900004, -7.120687479999958], [107.59799194400006, -7.120573990999958], [107.59797256700006, -7.120577970999932], [107.59679412800006, -7.120820042999981], [107.59644317700008, -7.122136590999958], [107.59658050500008, -7.122971052999958], [107.59601593100007, -7.123142715999961], [107.59599654800007, -7.123131246999947], [107.59505462700008, -7.122573848999934], [107.59499816500005, -7.122574228999952], [107.59477234200006, -7.122575754999957], [107.59477234200006, -7.123627184999975], [107.59410095400006, -7.123631474999968], [107.59381866500007, -7.123632905999955], [107.59391784700006, -7.124206063999964], [107.59429931700004, -7.124872678999964], [107.59425244500005, -7.124999996999975], [107.59401703100008, -7.1256394349999255], [107.59382629400005, -7.125640387999965], [107.59382486500004, -7.125640110999939], [107.59239196900006, -7.125361439999949], [107.59191131800009, -7.125268456999947], [107.59191398500008, -7.125280019999934], [107.59210968000008, -7.126128194999978], [107.59191894700007, -7.126989838999975], [107.59153747800008, -7.1270875889999274], [107.59075174600008, -7.127642115999947], [107.59084436800003, -7.128308234999963], [107.59044506700008, -7.128991968999969], [107.58964646300007, -7.128821035999977], [107.58884785900005, -7.128821035999977], [107.58861968600007, -7.12967570099994], [107.58866410500008, -7.129950778999955], [107.58889980800006, -7.130016568999963], [107.58974456900006, -7.13025235799995], [107.59004211500007, -7.13054895199997], [107.59022522000004, -7.130727287999946], [107.58994293300009, -7.131685252999944], [107.58946991100004, -7.131783483999925], [107.58898925900007, -7.132168288999935], [107.58889770700006, -7.132838244999959], [107.58867220300004, -7.133291507999957], [107.58725065100003, -7.1325815519999765], [107.58536822800005, -7.132125733999942], [107.58434145100006, -7.131498982999972], [107.58354284700005, -7.130473387999928], [107.58240198500005, -7.129789656999947], [107.58103294900008, -7.129162901999962], [107.58120407900009, -7.128479168999945], [107.58280128600006, -7.129048946999944], [107.58445553700005, -7.129618723999954], [107.58528199500006, -7.129608925999946], [107.58440673300004, -7.128012857999977], [107.58657690400008, -7.127872845999946], [107.58530840300006, -7.126463400999967], [107.58491188200009, -7.126370984999937], [107.58359989000007, -7.1255732909999665], [107.58223085500003, -7.125174443999981], [107.58154633800007, -7.124889552999946], [107.58108999200005, -7.12374998599995], [107.58074773400006, -7.122895308999944], [107.58006321600004, -7.122724373999972], [107.58029138900008, -7.121755736999944], [107.58148929400005, -7.121698758999969], [107.58237634800008, -7.121929902999966], [107.58252691000007, -7.121601403999932], [107.58286008600004, -7.120874473999947], [107.58583441300004, -7.11825706999997], [107.58644663300004, -7.118021599999963], [107.58892771100005, -7.117067335999934], [107.59135294300006, -7.116185434999977], [107.59154511700007, -7.116115553999975], [107.59182914300004, -7.115673732999937], [107.59230660100008, -7.114931021999951], [107.59261587500004, -7.114449929999978], [107.59413260500008, -7.113799902999972], [107.59460921500005, -7.11359564199995], [107.59460921500005, -7.113379797999926], [107.59458281100007, -7.112905054999942], [107.59455217200008, -7.112354161999974], [107.59415287000007, -7.111556442999927], [107.59489443100006, -7.111157582999965], [107.59575007800004, -7.111670402999948], [107.59632050900007, -7.112468120999949], [107.59651207200005, -7.112649903999966], [107.59782659900009, -7.111964062999959], [107.59785069000009, -7.111951495999961], [107.59803180300008, -7.111848001999931], [107.59803180300008, -7.11127154299993], [107.59854519200007, -7.110872682999968], [107.59947777500008, -7.1110217319999265], [107.60000000000008, -7.110723316999952], [107.60034912300006, -7.110523817999933], [107.60184287900006, -7.109776939999961], [107.60184311000006, -7.1097768259999725], [107.60249063700007, -7.109453063999979], [107.60284755700008, -7.106597708999971], [107.60284755700008, -7.101838785999973], [107.60361372000006, -7.099999999999966], [107.60384196100006, -7.0994522229999575], [107.60403728900008, -7.09898343499998], [107.60428679100005, -7.098650763999956], [107.60546496300009, -7.097079864999955], [107.60629777600008, -7.0956521889999635], [107.60662306700004, -7.095492500999967], [107.60728391300006, -7.095168085999944], [107.60695243000004, -7.094928693999975], [107.60715870500007, -7.094063264999932], [107.60721574800004, -7.093265513999938], [107.60755800700008, -7.092467761999956], [107.60807139500008, -7.091783973999952], [107.60818548100008, -7.090872253999976], [107.60829956800006, -7.089960532999953], [107.60904112800006, -7.089390705999961], [107.61018199100005, -7.089390705999961], [107.61086650900006, -7.089162774999977], [107.61115172400008, -7.088421997999944], [107.61115172400008, -7.087453288999939], [107.61069537900005, -7.086769492999963], [107.61103763800008, -7.086142678999977], [107.61206200400005, -7.086388267999951], [107.61231055100006, -7.085035068999957], [107.61263281500004, -7.084750619999966], [107.61378840700007, -7.08373062499993], [107.61510867200008, -7.08415070999996], [107.61736916000007, -7.083555844999978], [107.62034348600008, -7.082723033999969], [107.62248500000004, -7.084745575999932], [107.62248500000004, -7.081771248999928], [107.62367473000006, -7.081652275999943], [107.62557829900004, -7.082009196999934], [107.62783878700009, -7.081414329999973], [107.62824180300004, -7.080557919999933], [107.62844085700004, -7.080931661999955], [107.62876129200004, -7.081778760999953]]]}, "properties": {"OBJECTID": 28206, "KODE_PROV": 32, "PL2021_ID_R": 2006, "PL2022_ID": 2006}}, {"type": "Feature", "geometry": {"type": "Polygon", "coordinates": [[[107.68562710000003, -7.121922822999977], [107.68534088100006, -7.122436044999972], [107.68605804500004, -7.122312066999939], [107.68629455800004, -7.122669216999952], [107.68640518200004, -7.123218296999937], [107.68630218600003, -7.124104018999958], [107.68559265100004, -7.124705788999961], [107.68439483700007, -7.124951837999959], [107.68434696100007, -7.124999996999975], [107.68367767400008, -7.125673290999941], [107.68357467800007, -7.126107452999975], [107.68368530300006, -7.126270768999973], [107.68392181400009, -7.126627919999976], [107.68497445400004, -7.126270973999965], [107.68465152000005, -7.127157635999936], [107.68384250200006, -7.127324200999965], [107.68281933500003, -7.1268958949999615], [107.68172478200006, -7.126562773999979], [107.68127008100004, -7.1263975009999285], [107.68069458100007, -7.126646993999941], [107.67946429600005, -7.126538975999949], [107.67901219700008, -7.1261106739999605], [107.68008295500005, -7.125206477999939], [107.68086817600005, -7.125206477999939], [107.68122947300009, -7.124999998999954], [107.68128204400006, -7.124969956999962], [107.68080139200003, -7.12455558399995], [107.68080139200003, -7.124016281999957], [107.68146304300006, -7.122827017999953], [107.68236723600006, -7.12223215299997], [107.68353317200007, -7.121756259999927], [107.68474669800008, -7.120947242999932], [107.68574196700007, -7.120154660999958], [107.68544769600004, -7.121359346999952], [107.68562710000003, -7.121922822999977]]]}, "properties": {"OBJECTID": 29518, "KODE_PROV": 32, "PL2021_ID_R": 2012, "PL2022_ID": 2012}}, {"type": "Feature", "geometry": {"type": "Polygon", "coordinates": [[[107.59400428200007, -7.099447193999936], [107.59476786000005, -7.099999999999966], [107.59580680300007, -7.100752161999935], [107.59634702300008, -7.101048011999978], [107.59742545300008, -7.101281072999939], [107.59755050100006, -7.102236773999948], [107.59719918900004, -7.103613571999972], [107.59838104300007, -7.1043782209999335], [107.59654734300005, -7.104752952999945], [107.59487856600003, -7.105957804999946], [107.59284370600005, -7.105909419999932], [107.59146372200007, -7.105259610999951], [107.59115849900007, -7.104185359999974], [107.58983534800007, -7.102997245999973], [107.58893475500008, -7.102464296999926], [107.58749561400003, -7.101934350999954], [107.58605380400007, -7.100926208999965], [107.58479451800008, -7.100455025999963], [107.58336306100006, -7.101299866999966], [107.58516190100005, -7.101947369999948], [107.58762064100006, -7.10289006499994], [107.58894278400004, -7.103898865999952], [107.59032544100006, -7.105026873999975], [107.59068950100004, -7.105921470999931], [107.58961005100008, -7.105509076999965], [107.58817056500004, -7.104919363999954], [107.58738964600008, -7.104385743999956], [107.58654721900007, -7.103553586999965], [107.58474837300008, -7.102906089999976], [107.58421182400008, -7.103267732999939], [107.58427834400004, -7.104462877999936], [107.58344059400008, -7.104467550999971], [107.58283686000004, -7.10351450099995], [107.58337040400005, -7.102614889999927], [107.58091233200008, -7.101791718999948], [107.57971355000006, -7.101439735999975], [107.57929101200006, -7.100784551999936], [107.57958055900008, -7.099999999999966], [107.57964471400004, -7.0998261669999465], [107.57946020000009, -7.098930554999981], [107.58085632300003, -7.097971435999966], [107.58101734000007, -7.099160995999966], [107.58167990100009, -7.099934394999934], [107.58257448100005, -7.099391430999958], [107.58430612900008, -7.098724250999965], [107.58502419000007, -7.0987202499999285], [107.58520270400004, -7.09853992799998], [107.58639546300009, -7.097815969999942], [107.58753005300008, -7.09739121299998], [107.58938202500008, -7.096842898999967], [107.59123633300004, -7.096712994999962], [107.59261260400007, -7.096705307999969], [107.59344564600008, -7.095863797999925], [107.59481923300007, -7.095377914999972], [107.59541928300007, -7.095673434999981], [107.59494963000009, -7.097289992999947], [107.59411759600005, -7.0983108269999775], [107.59400428200007, -7.099447193999936]]]}, "properties": {"OBJECTID": 29615, "KODE_PROV": 32, "PL2021_ID_R": 2012, "PL2022_ID": 2012}}, {"type": "Feature", "geometry": {"type": "Polygon", "coordinates": [[[107.59331459000003, -7.09383216599997], [107.59254172100009, -7.094733115999929], [107.59038522700007, -7.0943267299999775], [107.58948766000009, -7.0943317389999265], [107.58871645500005, -7.0955315519999544], [107.58776038400003, -7.095775985999978], [107.58704099100004, -7.095540895999932], [107.58715666000006, -7.094822945999965], [107.58823173700006, -7.094458294999981], [107.58858341300004, -7.0931412719999685], [107.58941980300006, -7.09289750399995], [107.59145762000009, -7.09348388799998], [107.59217734400005, -7.093778745999941], [107.59331459000003, -7.09383216599997]]]}, "properties": {"OBJECTID": 29619, "KODE_PROV": 32, "PL2021_ID_R": 2012, "PL2022_ID": 2012}}, {"type": "Feature", "geometry": {"type": "Polygon", "coordinates": [[[107.67938995500003, -7.087325094999926], [107.67975616600006, -7.088398454999947], [107.68035125800009, -7.088395118999927], [107.68069076600005, -7.088724848999959], [107.68069035800005, -7.088725383999929], [107.68012237600004, -7.089472291999925], [107.67892456200008, -7.089838024999949], [107.67832946900006, -7.089841362999948], [107.67761230600007, -7.089964864999956], [107.67703247300005, -7.090898749999951], [107.67703273700005, -7.090899699999966], [107.67713928400008, -7.091282843999977], [107.67725753900004, -7.0916299799999365], [107.67714691300006, -7.092597482999963], [107.67655182100003, -7.0935573559999625], [107.67607116900007, -7.092603680999957], [107.67522430500009, -7.0916523889999326], [107.67474365400005, -7.091057298999942], [107.67462921200007, -7.090165850999938], [107.67473602500007, -7.089144704999967], [107.67400383300009, -7.089039549999939], [107.67411487600003, -7.087544622999928], [107.67560379500009, -7.086340615999973], [107.67661577100006, -7.085438216999933], [107.67738875800006, -7.084596961999978], [107.67744203400008, -7.083460995999928], [107.67887878600004, -7.081855295999958], [107.67948150800004, -7.082781789999956], [107.68020630100006, -7.0836143459999334], [107.68061829000004, -7.08419489399995], [107.68032837100009, -7.084450242999935], [107.67974090700005, -7.0854101159999345], [107.67938614000008, -7.085885146999942], [107.67938614000008, -7.08588518199997], [107.67938995500003, -7.087325094999926]]]}, "properties": {"OBJECTID": 29655, "KODE_PROV": 32, "PL2021_ID_R": 2012, "PL2022_ID": 2012}}, {"type": "Feature", "geometry": {"type": "Polygon", "coordinates": [[[107.63953466300006, -7.083189001999926], [107.64025471100007, -7.083543553999959], [107.64138610800006, -7.082580752999945], [107.64240566300003, -7.0829933709999295], [107.64187294800007, -7.084012542999972], [107.64080002400004, -7.084735918999968], [107.63966351800008, -7.0848021479999375], [107.63858072300008, -7.083792154999969], [107.63745800500004, -7.0834678239999675], [107.63703279000003, -7.082405172999927], [107.63736331400008, -7.08015288799993], [107.63747584900005, -7.078897009999935], [107.63722700400007, -7.07722476899994], [107.63770363300006, -7.076863425999932], [107.63818671400008, -7.077637741999979], [107.63825368100004, -7.078892599999961], [107.63862219800006, -7.080564159999938], [107.63881121900005, -7.0822367389999386], [107.63953466300006, -7.083189001999926]]]}, "properties": {"OBJECTID": 29676, "KODE_PROV": 32, "PL2021_ID_R": 2012, "PL2022_ID": 2012}}, {"type": "Feature", "geometry": {"type": "Polygon", "coordinates": [[[107.60300445900003, -7.09553146199994], [107.60221099900008, -7.096559999999954], [107.60115326900006, -7.09378830299994], [107.60066349700008, -7.091818469999964], [107.60000000000008, -7.090688308999972], [107.59999891800004, -7.0906864659999655], [107.59938680600004, -7.088239114999965], [107.59895689300004, -7.086268941999947], [107.59816729900007, -7.084181227999977], [107.59815759000008, -7.08244780299998], [107.59815223400005, -7.08149143299994], [107.59826320000008, -7.079936657999951], [107.59777682300006, -7.078564544999949], [107.59752711300007, -7.076712905999955], [107.59715974300008, -7.07522058099994], [107.59829761000009, -7.07539355199998], [107.59825048800008, -7.077665271999933], [107.59856271400008, -7.079994758999931], [107.59929714700007, -7.082919634999939], [107.59954520100007, -7.0844723999999815], [107.59991293100006, -7.0860244939999575], [107.60000000000008, -7.086287640999956], [107.60064337000006, -7.08823208299998], [107.60101346000005, -7.090202584999929], [107.60162323800006, -7.092231518999938], [107.60222999900009, -7.093722490999937], [107.60300445900003, -7.09553146199994]]]}, "properties": {"OBJECTID": 29685, "KODE_PROV": 32, "PL2021_ID_R": 2012, "PL2022_ID": 2012}}, {"type": "Feature", "geometry": {"type": "Polygon", "coordinates": [[[107.63653620800005, -7.083878783999978], [107.63695124300006, -7.085184266999931], [107.63540649400005, -7.083964345999959], [107.63349109000006, -7.0831635109999525], [107.63258781100006, -7.082152479999934], [107.63198268900004, -7.080960431999927], [107.63149961100004, -7.080186108999953], [107.63059430900006, -7.078816435999954], [107.63040498700008, -7.077084074999959], [107.63054275600007, -7.075060841999971], [107.62937164300007, -7.072751041999936], [107.62930298000003, -7.0723905539999805], [107.63018052700005, -7.071395480999968], [107.63116045800007, -7.073173678999979], [107.63218160500008, -7.074844075999977], [107.63297232100007, -7.076627495999958], [107.63399764100006, -7.077724476999947], [107.63449553000004, -7.080308608999928], [107.63539814900008, -7.08249425899993], [107.63653620800005, -7.083878783999978]]]}, "properties": {"OBJECTID": 29693, "KODE_PROV": 32, "PL2021_ID_R": 2012, "PL2022_ID": 2012}}, {"type": "Feature", "geometry": {"type": "Polygon", "coordinates": [[[107.60584549700008, -7.076905490999934], [107.60567203100004, -7.077982406999979], [107.60513318400007, -7.077925651999976], [107.60488646500005, -7.076611984999943], [107.60410459100007, -7.075899065999977], [107.60397922200008, -7.074883593999971], [107.60331836300008, -7.074409091999939], [107.60265448900009, -7.073396628999944], [107.60258929700007, -7.072440594999932], [107.60299909500009, -7.070824379999976], [107.60413795200009, -7.071176659999935], [107.60414599200004, -7.0726112159999275], [107.60438901500004, -7.073267377999969], [107.60498769400004, -7.073323802999937], [107.60606772900007, -7.0738557309999806], [107.60661495700003, -7.075406808999958], [107.60565861300006, -7.075591490999955], [107.60554062200004, -7.075891024999976], [107.60584549700008, -7.076905490999934]]]}, "properties": {"OBJECTID": 29698, "KODE_PROV": 32, "PL2021_ID_R": 2012, "PL2022_ID": 2012}}, {"type": "Feature", "geometry": {"type": "Polygon", "coordinates": [[[107.68452959100006, -7.067461225999978], [107.68668691000005, -7.068046496999955], [107.68746469600006, -7.068042011999978], [107.68860145600007, -7.068035451999947], [107.68926061700006, -7.068210959999931], [107.68932805600008, -7.069525527999929], [107.68885149500005, -7.069886905999965], [107.68831199000005, -7.069710709999981], [107.68723090600008, -7.068999694999945], [107.68639190800008, -7.0687654539999585], [107.68405992800007, -7.069017981999934], [107.68357852900004, -7.0685425889999465], [107.68452959100006, -7.067461225999978]]]}, "properties": {"OBJECTID": 29711, "KODE_PROV": 32, "PL2021_ID_R": 2012, "PL2022_ID": 2012}}, {"type": "Feature", "geometry": {"type": "Polygon", "coordinates": [[[107.68051910400004, -7.075722689999964], [107.68099975800004, -7.0759592039999575], [107.68170929100006, -7.07511806399998], [107.68243408300003, -7.075233455999978], [107.68292236300005, -7.077143188999969], [107.68434657000006, -7.077204975999962], [107.68530524700009, -7.07743852599998], [107.68619959600005, -7.076895423999929], [107.68709602000007, -7.076710934999937], [107.68775519500008, -7.076886439999953], [107.68829090200006, -7.076405174999934], [107.68942456600007, -7.075860685999942], [107.69013803100006, -7.0750795379999545], [107.69096907500005, -7.073939087999975], [107.69116973900009, -7.075780866999935], [107.69187192800007, -7.075776619999942], [107.69187927300004, -7.0757765749999635], [107.69187914500009, -7.075777745999972], [107.69165802100008, -7.077810283999952], [107.69157155500005, -7.078577197999948], [107.69156675200009, -7.078609831999927], [107.69154357900004, -7.078767296999956], [107.69082641700004, -7.07877111199997], [107.69010925500004, -7.078655716999947], [107.68975067100007, -7.079375263999964], [107.68952179000007, -7.079974171999936], [107.68916321000006, -7.080335136999963], [107.68868255600006, -7.0805768939999325], [107.68844604500003, -7.080578325999966], [107.68772125300006, -7.079506393999964], [107.68700409000007, -7.079510685999935], [107.68605041800004, -7.0799941999999305], [107.68598938100007, -7.080147739999973], [107.68497467100008, -7.080478665999976], [107.68486023100007, -7.0809574099999395], [107.68462371900006, -7.082273954999948], [107.68410492400005, -7.082588249999958], [107.68410179600005, -7.082590145999973], [107.68408798000007, -7.082598645999951], [107.68354797400008, -7.082519050999963], [107.68283081200008, -7.082284449999975], [107.68260961500005, -7.081670671999973], [107.68260960200007, -7.081670630999952], [107.68306732300005, -7.081326482999941], [107.68366241600006, -7.081203458999937], [107.68402034600007, -7.081020683999952], [107.68402099800005, -7.081020351999939], [107.68401336800008, -7.080364699999961], [107.68329620500003, -7.079651830999978], [107.68257141100008, -7.079297065999981], [107.68233490000006, -7.078701016999958], [107.68173217800006, -7.078704353999967], [107.68029785200008, -7.078951832999962], [107.67981720000006, -7.0789542179999785], [107.67981720000006, -7.078595634999942], [107.67981720000006, -7.077878471999952], [107.67980957100008, -7.077400205999936], [107.67956543100007, -7.076804160999927], [107.67909240700004, -7.076843377999978], [107.67909050100008, -7.076843536999945], [107.67860412700009, -7.075614449999932], [107.67860412700009, -7.074299332999942], [107.67699509500005, -7.07347109899996], [107.67674819500007, -7.072157544999925], [107.67673889700006, -7.070543768999926], [107.67673201000008, -7.069348377999972], [107.67555397300004, -7.06766992699994], [107.67603696300006, -7.067130906999978], [107.67742651500004, -7.065477744999953], [107.67881114000005, -7.064512712999942], [107.67894137900004, -7.063885469999946], [107.68106755700006, -7.06376470999993], [107.68232328300007, -7.0636379379999426], [107.68095409900008, -7.064841243999979], [107.68000096200007, -7.065563983999937], [107.67970835800008, -7.066701320999925], [107.67953300200008, -7.06741958799995], [107.67954230600009, -7.069033361999971], [107.67967224200004, -7.070074316999978], [107.67938211600006, -7.072381477999954], [107.68003082400008, -7.074367522999978], [107.68003845300007, -7.075008388999947], [107.68051910400004, -7.075722689999964]]]}, "properties": {"OBJECTID": 29725, "KODE_PROV": 32, "PL2021_ID_R": 2012, "PL2022_ID": 2012}}, {"type": "Feature", "geometry": {"type": "Polygon", "coordinates": [[[107.61372446900003, -7.0734541459999605], [107.61276780000009, -7.073579064999933], [107.61210088800004, -7.072028671999931], [107.61365354000009, -7.07148198699997], [107.61394564700004, -7.070225082999968], [107.61334495800008, -7.069810034999932], [107.61382060000005, -7.0692693959999815], [107.61393253500006, -7.0678939529999525], [107.61321016800008, -7.067120939999938], [107.61338563500004, -7.066402659999937], [107.61326059500004, -7.0654469679999465], [107.61259739700006, -7.064554069999929], [107.61253051200003, -7.06329918299997], [107.61366733300008, -7.063292806999925], [107.61409623800006, -7.06508363599994], [107.61488347800008, -7.0667529009999726], [107.61566500200007, -7.067406032999941], [107.61668687500008, -7.0682371359999365], [107.61579577000003, -7.0693778519999455], [107.61502399100004, -7.070458125999949], [107.61466869100008, -7.0711176399999545], [107.61425624600008, -7.072255669999947], [107.61372446900003, -7.0734541459999605]]]}, "properties": {"OBJECTID": 29727, "KODE_PROV": 32, "PL2021_ID_R": 2012, "PL2022_ID": 2012}}, {"type": "Feature", "geometry": {"type": "Polygon", "coordinates": [[[107.62517547700008, -7.068543907999981], [107.62541981200008, -7.069583952999949], [107.62500000100005, -7.069409999999948], [107.62423087500008, -7.069091300999958], [107.62416429100006, -7.067896195999936], [107.62385939300009, -7.066881757999965], [107.62373298200004, -7.065686985999946], [107.62366505700004, -7.064252794999959], [107.62318134300006, -7.063358907999941], [107.62295422800008, -7.062191029999951], [107.62388611000006, -7.062405582999929], [107.62500000100005, -7.063578100999962], [107.62533569300007, -7.06393146399995], [107.62549591100009, -7.0641036009999425], [107.62500000100005, -7.064548161999937], [107.62447357400004, -7.065020082999979], [107.62482452400008, -7.0666112889999795], [107.62500000100005, -7.067577597999957], [107.62517547700008, -7.068543907999981]]]}, "properties": {"OBJECTID": 29731, "KODE_PROV": 32, "PL2021_ID_R": 2012, "PL2022_ID": 2012}}, {"type": "Feature", "geometry": {"type": "Polygon", "coordinates": [[[107.63986752500006, -7.068064485999969], [107.64011567900008, -7.069617183999981], [107.64053620200008, -7.06991366799997], [107.63982670600006, -7.071412017999933], [107.63868547800007, -7.070641437999939], [107.63802121600008, -7.069569281999975], [107.63723797200004, -7.068617342999971], [107.63620930000008, -7.066590873999928], [107.63571878800008, -7.06450157699993], [107.63637727500009, -7.064557625999953], [107.63770577600008, -7.066701946999956], [107.63819189200007, -7.0680142079999655], [107.63903496800003, -7.068965805999937], [107.63896665200008, -7.067471858999966], [107.63853799200007, -7.0657408599999485], [107.63829052700004, -7.064307704999976], [107.63792272500007, -7.062755675999938], [107.63725340000008, -7.060786944999961], [107.63717426500006, -7.057380311999964], [107.63795240100006, -7.057435682999937], [107.63790341100008, -7.05934870699997], [107.63833239300004, -7.061139480999941], [107.63888341600006, -7.0633479729999635], [107.63955682700004, -7.066033958999981], [107.63986752500006, -7.068064485999969]]]}, "properties": {"OBJECTID": 29750, "KODE_PROV": 32, "PL2021_ID_R": 2012, "PL2022_ID": 2012}}, {"type": "Feature", "geometry": {"type": "Polygon", "coordinates": [[[107.62295532400009, -7.058768747999977], [107.62491970800005, -7.059362194999949], [107.62500000100005, -7.0593831059999275], [107.62671734800006, -7.059830267999928], [107.62971263500003, -7.060470893999934], [107.63145721000006, -7.062134712999978], [107.63410773500004, -7.065287740999963], [107.63507317200003, -7.066716843999927], [107.63556470700007, -7.06898545599995], [107.63532944300005, -7.069704068999954], [107.63466654500007, -7.068870989999937], [107.63351686300007, -7.066606100999934], [107.63206871400007, -7.064462434999939], [107.63074430100005, -7.063035343999957], [107.62900141100005, -7.061670378999963], [107.62648240800007, -7.06060864899996], [107.62500000100005, -7.060616995999965], [107.62456779700005, -7.060619430999964], [107.62285614000007, -7.059566019999977], [107.62202162700004, -7.059300793999967], [107.61986768700007, -7.059312898999963], [107.62052314300007, -7.058831022999925], [107.61986364800003, -7.0585956319999354], [107.61776584300009, -7.057949891999954], [107.61799844800004, -7.056753103999938], [107.61925793300009, -7.05728400199996], [107.62033759300004, -7.057756130999962], [107.62141792600005, -7.058347803999936], [107.62295532400009, -7.058768747999977]]]}, "properties": {"OBJECTID": 29752, "KODE_PROV": 32, "PL2021_ID_R": 2012, "PL2022_ID": 2012}}, {"type": "Feature", "geometry": {"type": "Polygon", "coordinates": [[[107.64109937000006, -7.103294276999975], [107.64166980100003, -7.1042059719999315], [107.64258249200009, -7.104148990999931], [107.64292475000008, -7.1034652199999755], [107.64355222500006, -7.102781447999973], [107.64372335400009, -7.103237295999975], [107.64372335400009, -7.104433894999943], [107.64455799600006, -7.105286503999935], [107.64443969800004, -7.105609413999957], [107.64420318800006, -7.106088635999981], [107.64349365200007, -7.10680961099996], [107.64289856000005, -7.1074109039999485], [107.64254760900008, -7.108249183999931], [107.64171600500003, -7.109090327999979], [107.64166486600004, -7.109084289999942], [107.64075470000006, -7.108976836999943], [107.64070025000007, -7.108977150999976], [107.63967895700006, -7.108983033999948], [107.63967911600008, -7.1089827039999705], [107.63977050800008, -7.108792299999948], [107.64015198000004, -7.108024116999957], [107.64014434900008, -7.107426640999961], [107.63999176100003, -7.107277389999979], [107.63978576800008, -7.10707044399993], [107.63973408900006, -7.107075896999959], [107.63858795200008, -7.107196804999944], [107.63787079000008, -7.107201092999958], [107.63787069400007, -7.107200752999972], [107.63781738400007, -7.107009883999979], [107.63762665000007, -7.106366154999932], [107.63762665000007, -7.105529782999952], [107.63774109000008, -7.104811666999979], [107.63796997200006, -7.103615281999964], [107.63820648300003, -7.102658269999949], [107.63896063600004, -7.101019597999937], [107.63898636800008, -7.100800875999937], [107.64018668000006, -7.1015848439999445], [107.64070006800006, -7.102439560999926], [107.64109937000006, -7.103294276999975]]]}, "properties": {"OBJECTID": 31017, "KODE_PROV": 32, "PL2021_ID_R": 20091, "PL2022_ID": 20091}}, {"type": "Feature", "geometry": {"type": "Polygon", "coordinates": [[[107.60284755700008, -7.101838785999973], [107.60284755700008, -7.106597708999971], [107.60249063700007, -7.109453063999979], [107.60184311000006, -7.1097768259999725], [107.60184287900006, -7.109776939999961], [107.60034912300006, -7.110523817999933], [107.60000000000008, -7.110723316999952], [107.59947777500008, -7.1110217319999265], [107.59854519200007, -7.110872682999968], [107.59803180300008, -7.11127154299993], [107.59803180300008, -7.111848001999931], [107.59785069000009, -7.111951495999961], [107.59782659900009, -7.111964062999959], [107.59651207200005, -7.112649903999966], [107.59632050900007, -7.112468120999949], [107.59575007800004, -7.111670402999948], [107.59489443100006, -7.111157582999965], [107.59415287000007, -7.111556442999927], [107.59455217200008, -7.112354161999974], [107.59458281100007, -7.112905054999942], [107.59460921500005, -7.113379797999926], [107.59460921500005, -7.11359564199995], [107.59413260500008, -7.113799902999972], [107.59261587500004, -7.114449929999978], [107.59230660100008, -7.114931021999951], [107.59182914300004, -7.115673732999937], [107.59154511700007, -7.116115553999975], [107.59135294300006, -7.116185434999977], [107.58892771100005, -7.117067335999934], [107.58644663300004, -7.118021599999963], [107.58583441300004, -7.11825706999997], [107.58286008600004, -7.120874473999947], [107.58252691000007, -7.121601403999932], [107.58237634800008, -7.121929902999966], [107.58148929400005, -7.121698758999969], [107.58029138900008, -7.121755736999944], [107.58006321600004, -7.122724373999972], [107.58074773400006, -7.122895308999944], [107.58108999200005, -7.12374998599995], [107.58154633800007, -7.124889552999946], [107.58223085500003, -7.125174443999981], [107.58359989000007, -7.1255732909999665], [107.58491188200009, -7.126370984999937], [107.58530840300006, -7.126463400999967], [107.58657690400008, -7.127872845999946], [107.58440673300004, -7.128012857999977], [107.58528199500006, -7.129608925999946], [107.58445553700005, -7.129618723999954], [107.58280128600006, -7.129048946999944], [107.58120407900009, -7.128479168999945], [107.58103294900008, -7.129162901999962], [107.58240198500005, -7.129789656999947], [107.58354284700005, -7.130473387999928], [107.58434145100006, -7.131498982999972], [107.58536822800005, -7.132125733999942], [107.58725065100003, -7.1325815519999765], [107.58867220300004, -7.133291507999957], [107.58851623700008, -7.133604998999942], [107.58846608800008, -7.133591011999954], [107.58650207600004, -7.133043286999964], [107.58648184000003, -7.13305356799998], [107.58594131700005, -7.133328196999969], [107.58747068100007, -7.134853509999971], [107.58747100900007, -7.1348538379999695], [107.58799472300007, -7.134850821999976], [107.58805084200009, -7.1348504999999705], [107.58891296500008, -7.135132312999929], [107.58953094500004, -7.135481355999957], [107.59022973800006, -7.136779479999973], [107.59023285100005, -7.1367852669999365], [107.59149932900004, -7.137698648999958], [107.59236662300003, -7.138552149999953], [107.59236908200006, -7.13855456999994], [107.59480299400008, -7.138446777999945], [107.59485626300005, -7.1384444189999385], [107.59507486000007, -7.138578744999961], [107.59561356500006, -7.138909767999962], [107.59639740100005, -7.139391418999935], [107.59783935500008, -7.140148159999967], [107.59809102300005, -7.140379627999948], [107.59861898300005, -7.140865216999941], [107.59918213100008, -7.141383168999937], [107.60000000000008, -7.141786293999928], [107.60052490400005, -7.142045017999976], [107.60167694300009, -7.142133232999981], [107.60176296300006, -7.14222462999993], [107.60266113400007, -7.143178937999949], [107.60283660900006, -7.143369672999938], [107.60188293800007, -7.144330975999935], [107.60106190400006, -7.14474744599994], [107.60000000000008, -7.145286093999971], [107.59997558600008, -7.145298477999972], [107.59995015300007, -7.145282411999972], [107.59862518300008, -7.144445416999929], [107.59814453200005, -7.144257065999966], [107.59747314500004, -7.143591877999938], [107.59651184200004, -7.143214700999977], [107.59651920100004, -7.143239994999931], [107.59688186700004, -7.144486424999968], [107.59688226500003, -7.14448667299996], [107.59729004100006, -7.144740104999926], [107.59800720300007, -7.144825452999953], [107.59873199600008, -7.146261214999981], [107.59844970700004, -7.1464538549999475], [107.59840627000005, -7.146444527999961], [107.59671783400006, -7.14608192399993], [107.59547424500005, -7.145993230999977], [107.59455108900005, -7.145491596999932], [107.59469604500003, -7.145472525999935], [107.59509277500007, -7.1454215019999765], [107.59508514600009, -7.144752499999981], [107.59490966800007, -7.144703383999968], [107.59441376000007, -7.1445651019999445], [107.59364318800004, -7.143900389999942], [107.59297180400006, -7.143521783999972], [107.59215164400007, -7.143102404999979], [107.59258270400005, -7.142663954999932], [107.59363555900006, -7.142227645999981], [107.59391784700006, -7.141508576999968], [107.59429931700004, -7.1416020349999485], [107.59525299300009, -7.140927787999942], [107.59483718900009, -7.1402575959999695], [107.59391021800008, -7.140170570999942], [107.59295654300007, -7.140367505999961], [107.59171295300007, -7.140757081999936], [107.59075927700007, -7.140762327999937], [107.58951568700007, -7.140291210999976], [107.58788299600008, -7.139344688999927], [107.58352350100006, -7.139051241999937], [107.58171713500008, -7.139431084999956], [107.58105163200008, -7.140570611999976], [107.58071888000006, -7.141757616999939], [107.58162206300005, -7.142707217999941], [107.58437914800004, -7.142137456999933], [107.58732637700007, -7.14242233799996], [107.58908520700004, -7.1426597379999635], [107.58960810200006, -7.143229497999926], [107.58951303000003, -7.144701373999965], [107.58941795800007, -7.145650968999973], [107.59067007100003, -7.145321739999929], [107.59031677200005, -7.146404741999959], [107.58888244900004, -7.146795268999938], [107.58782959200005, -7.146705624999981], [107.58609771800008, -7.14633321499997], [107.58340454200004, -7.14650678299995], [107.58236694400006, -7.145876405999957], [107.58006286800008, -7.145602699999927], [107.57920074500004, -7.145320888999947], [107.57824707200007, -7.145613191999928], [107.57814790200007, -7.145994607999967], [107.57696354000007, -7.144416494999973], [107.57529978200006, -7.144274055999972], [107.57392124000006, -7.144416494999973], [107.57230501800007, -7.1443215349999605], [107.57115847000006, -7.144523627999945], [107.56978561300008, -7.143757711999967], [107.56874576400008, -7.143342262999965], [107.56779504500008, -7.142867462999959], [107.56639867700005, -7.14301583799994], [107.56645809700007, -7.144855682999946], [107.56794359500009, -7.145716253999979], [107.57023869800008, -7.14589454999998], [107.57102154700004, -7.147170316999961], [107.57282791300008, -7.147265275999928], [107.57411138400005, -7.147787550999965], [107.57515717500007, -7.148547221999934], [107.57615542900004, -7.149924121999959], [107.57753397200008, -7.151443454999935], [107.57872237000004, -7.151348496999958], [107.57995830500005, -7.1516808509999805], [107.58128931200008, -7.152060682999945], [107.58252524600005, -7.152108161999934], [107.58344901300006, -7.151787236999951], [107.58345031800008, -7.151797291999969], [107.58345031800008, -7.152131077999968], [107.58345031800008, -7.152313706999962], [107.58403015100004, -7.152368066999941], [107.58477654100005, -7.152176336999958], [107.58479309300009, -7.152172084999961], [107.58481613300006, -7.1521920169999476], [107.58481636600004, -7.152192217999925], [107.58536529600008, -7.15266704499993], [107.58556366200008, -7.1528367969999636], [107.58531312100007, -7.153665431999968], [107.58419985100005, -7.153862302999926], [107.58391431700005, -7.154385784999931], [107.58400000000006, -7.154766605999953], [107.58405251400006, -7.1549999989999264], [107.58412846700008, -7.155337568999926], [107.58411303200006, -7.155453327999965], [107.58411299100004, -7.155453626999929], [107.58408087800007, -7.155694486999948], [107.58312933800005, -7.155588759999944], [107.58301011900005, -7.155575514999953], [107.58201074600004, -7.155884845999935], [107.58055927600009, -7.156170380999981], [107.57953610800007, -7.156098997999948], [107.57903642000008, -7.155861052999967], [107.57867950200006, -7.155599310999946], [107.57810843100003, -7.155313774999968], [107.57765163600004, -7.1554950429999735], [107.57765148800007, -7.155495100999929], [107.57747206000005, -7.155566302999944], [107.57660937100007, -7.1559086409999395], [107.57641901300008, -7.156646271999932], [107.57729941500008, -7.157217343999946], [107.57751356600005, -7.157526673999939], [107.57801867400008, -7.15805198399994], [107.57799251800009, -7.158439568999938], [107.57798839300006, -7.1585006819999535], [107.57798105600006, -7.158609408999951], [107.57797189200005, -7.158745189999934], [107.57794189700007, -7.159189697999977], [107.57775116000005, -7.1600508669999385], [107.57650524700006, -7.159081688999947], [107.57590375900008, -7.15854707799997], [107.57524779200008, -7.158969180999975], [107.57495426100007, -7.159987017999981], [107.57525819500006, -7.160822178999979], [107.57661438100007, -7.161587236999935], [107.57680511800004, -7.162541863999934], [107.57695259600007, -7.162826906999953], [107.57669702000004, -7.16291210199995], [107.57655052100006, -7.162999999999954], [107.57650000000007, -7.163030312999979], [107.57613385500008, -7.163249998999959], [107.57575000000008, -7.163480311999933], [107.57571718900004, -7.163499997999963], [107.57525000100009, -7.163780312999961], [107.57327059600004, -7.164967955999941], [107.57315638100005, -7.165824560999965], [107.57320191400004, -7.166024903999926], [107.57309723100008, -7.1660046539999485], [107.57300567700008, -7.166767594999953], [107.57315058000006, -7.166910513999937], [107.57387542800006, -7.167625423999937], [107.57412719800004, -7.1677236539999285], [107.57435608000009, -7.167813776999935], [107.57417012400003, -7.168560857999978], [107.57369450400006, -7.1685491109999475], [107.57333758300007, -7.1685491109999475], [107.57301040700008, -7.16753784499997], [107.57259400300006, -7.167418871999928], [107.57214785300005, -7.168459883999958], [107.57170170300009, -7.169114233999949], [107.57069043300004, -7.16905474899994], [107.57063094800009, -7.169560383999965], [107.57107709600007, -7.170125503999941], [107.57036325800004, -7.17045268499993], [107.56979813500004, -7.170482425999978], [107.56869763300006, -7.1702742229999785], [107.56756739000008, -7.170125503999941], [107.56691303800005, -7.170214735999934], [107.56709149900007, -7.1707501139999295], [107.56724021400004, -7.171315237999977], [107.56798379500009, -7.171612671999981], [107.56866789200006, -7.1715829269999745], [107.56887609500006, -7.171136777999948], [107.56964942000008, -7.1715829269999745], [107.57014465400005, -7.172163482999963], [107.56937408400006, -7.172263617999931], [107.56900024400005, -7.17283963999995], [107.56937408400006, -7.17320918799993], [107.56845968900006, -7.173902899999973], [107.56837046000004, -7.174289562999945], [107.56860840400009, -7.17479519799997], [107.56899506800005, -7.174557252999932], [107.56950070300007, -7.17479519799997], [107.56958993100005, -7.175390062999952], [107.56926275600006, -7.176103901999966], [107.56884635100005, -7.176550050999936], [107.56828122800005, -7.1763418469999465], [107.56795405300005, -7.176014672999941], [107.56700226700008, -7.175657754999975], [107.56593151100009, -7.175836212999968], [107.56567502200005, -7.176442460999965], [107.56465173100008, -7.1754197579999754], [107.56303550800004, -7.1730459239999504], [107.56179957400008, -7.171194324999931], [107.56265522100006, -7.17057712299993], [107.56179957400008, -7.169437671999958], [107.56075378300005, -7.16867803599996], [107.55997145200007, -7.168439513999942], [107.56003674700008, -7.168290412999966], [107.56003685400009, -7.168290167999942], [107.56015777800008, -7.168014047999975], [107.55993652300003, -7.167857166999966], [107.55971447500008, -7.167685370999948], [107.55971434800006, -7.16768527399995], [107.55971270900005, -7.167684006999934], [107.55958605400008, -7.167586013999937], [107.56054581300003, -7.16717062999993], [107.56012987400004, -7.1653012019999665], [107.55953567400007, -7.164974792999942], [107.55904252200008, -7.164743354999928], [107.55930943700008, -7.164639165999972], [107.55799622300009, -7.163570270999969], [107.55799445500008, -7.163568831999953], [107.55799499600005, -7.163568577999968], [107.55920798100004, -7.162997761999975], [107.55956490000005, -7.161927004999939], [107.55918064000008, -7.16000571099994], [107.55896677900006, -7.159890823999945], [107.55956538400005, -7.159425806999934], [107.56161537200006, -7.160048958999937], [107.56327913000007, -7.15984124199997], [107.56304145000007, -7.158980697999937], [107.56069436300004, -7.157289280999976], [107.55867408500006, -7.156221013999925], [107.55769365700007, -7.155271440999968], [107.55642268200006, -7.15485197199996], [107.55654907400009, -7.153658864999954], [107.55674382600006, -7.151648740999974], [107.55745597700007, -7.151858896999954], [107.55834727600006, -7.153164568999955], [107.55950512900006, -7.1525296469999375], [107.55989326700006, -7.153017434999981], [107.56133425200005, -7.153846290999979], [107.56098084000007, -7.154864462999967], [107.56128841200007, -7.156357169999978], [107.56237233100006, -7.157546664999927], [107.56296679900004, -7.156826035999927], [107.56230347700006, -7.155933081999933], [107.56235631600003, -7.15467747699995], [107.56312832100008, -7.1535971989999325], [107.56282608300006, -7.153060891999928], [107.56120455900009, -7.15205371199994], [107.55994511600005, -7.151582503999975], [107.55987402000005, -7.1516423519999535], [107.55989219400004, -7.150553221999928], [107.56036755400004, -7.149573961999977], [107.56131827200005, -7.149514612999951], [107.56125885200004, -7.148446327999977], [107.55983277400009, -7.147378039999978], [107.55929799500007, -7.14464795899994], [107.55802046600007, -7.143757711999967], [107.55659438800006, -7.1426597379999635], [107.55597047900005, -7.140730857999927], [107.55540598900006, -7.1402560559999415], [107.55507918000006, -7.141146309999954], [107.55426136200003, -7.1413266549999435], [107.55427551600008, -7.141030785999931], [107.55368805200004, -7.13917827399996], [107.55353486000007, -7.138160404999951], [107.55353484400007, -7.138160292999942], [107.55353440300007, -7.138157362999948], [107.55346698900007, -7.13770943399993], [107.55346666600008, -7.137707279999972], [107.55344391000006, -7.137556070999949], [107.55343628100007, -7.136628149999979], [107.55331421000005, -7.135005471999932], [107.55302311700007, -7.1346574429999805], [107.55225375100008, -7.133737593999967], [107.55040741000005, -7.1342096319999655], [107.54901123100007, -7.13410138699993], [107.54807281500007, -7.1334743489999255], [107.54772186500009, -7.131557462999979], [107.54805755600006, -7.129931923999948], [107.54785156200006, -7.12980556399998], [107.54764302400008, -7.129649004999976], [107.54828643700006, -7.129002568999965], [107.54804992700008, -7.128192421999927], [107.54885864500005, -7.127955911999948], [107.54915281700005, -7.127927678999981], [107.55014038300004, -7.127832890999969], [107.55118561000006, -7.127826689999949], [107.55187988400007, -7.127939221999952], [107.55216682500009, -7.127697804999968], [107.55257415900007, -7.127355096999963], [107.55357688400005, -7.126643203999947], [107.55369949600004, -7.126556154999946], [107.55401161800006, -7.12713094999998], [107.55419159200005, -7.127462385999934], [107.55419423200004, -7.12774342299997], [107.55419922100003, -7.12827396199998], [107.55374145700006, -7.12908792099995], [107.55313619100008, -7.12943951099993], [107.55328369200004, -7.1298441869999465], [107.55356598000009, -7.130666728999927], [107.55363464500005, -7.130867003999981], [107.55476379500004, -7.130973810999933], [107.55545044000007, -7.1315393419999396], [107.55704498300008, -7.1308474509999655], [107.55783844300004, -7.129932400999962], [107.55886078000009, -7.129699227999936], [107.56022644100005, -7.129349705999971], [107.56191254000004, -7.12976026299998], [107.56205749800006, -7.129794594999964], [107.56229401000007, -7.130817885999932], [107.56230163800006, -7.132184025999948], [107.56296539400006, -7.13321351899998], [107.56310272300004, -7.133430953999948], [107.56492614900009, -7.13307952599996], [107.56549835400006, -7.133076186999972], [107.56652069300009, -7.132729048999977], [107.56692505000007, -7.133209223999927], [107.56709289600008, -7.133409020999977], [107.56915283400008, -7.134535309999933], [107.57074737800008, -7.134526249999965], [107.57189178700008, -7.134747501999925], [107.57267761200006, -7.134401794999974], [107.57241821600007, -7.134231086999932], [107.57096863100008, -7.133273122999981], [107.57079315200008, -7.1330723749999265], [107.57028198300009, -7.132480139999927], [107.57118988000008, -7.131678578999981], [107.57243347400004, -7.131557462999979], [107.57368469200009, -7.130639551999934], [107.57412719900009, -7.129044052999973], [107.57446289300009, -7.12756204599998], [107.57559967200007, -7.12675904799994], [107.57593536500008, -7.125277513999947], [107.57596790100007, -7.124999996999975], [107.57625579800003, -7.122544284999947], [107.57622925000004, -7.122148238999955], [107.57622912900007, -7.122146417999943], [107.57619183000008, -7.121590009999977], [107.57619176000009, -7.121588960999929], [107.57613373000004, -7.120723244999965], [107.57495498900005, -7.118679283999938], [107.57373047200008, -7.118574616999979], [107.57225036800008, -7.119493481999939], [107.57089233800008, -7.120184420999976], [107.56929779300003, -7.11973809899996], [107.56803894200004, -7.119631287999937], [107.56713104400006, -7.1202053989999285], [107.56447983000004, -7.11856269499998], [107.56415558000003, -7.117376799999931], [107.56398773300003, -7.117182250999974], [107.56346893300008, -7.116583821999939], [107.56255340600006, -7.116816994999965], [107.56153106900007, -7.117505068999947], [107.56143951500007, -7.117237085999932], [107.56083679200009, -7.115460391999932], [107.56188153800008, -7.113745155999936], [107.56271362300004, -7.11442517699993], [107.56375630700006, -7.111579731999939], [107.56396484600003, -7.111811634999981], [107.56412506200007, -7.112027163999926], [107.56549072300004, -7.1115641549999395], [107.56582641600005, -7.111334799999952], [107.56595615200007, -7.111355592999928], [107.56647491600006, -7.11143875099998], [107.56687927200005, -7.112242217999949], [107.56697845600007, -7.112466333999976], [107.56834411800008, -7.112231251999958], [107.56914520300006, -7.112340447999941], [107.57039642500007, -7.112674710999954], [107.57106781200008, -7.110736367999948], [107.57086181700004, -7.110634802999925], [107.57061004800005, -7.11051082299997], [107.56911087200007, -7.109328981999965], [107.56877136200006, -7.107903476999979], [107.56900024400005, -7.107219692999934], [107.56968689100006, -7.1072158769999305], [107.57115173400007, -7.10675191699994], [107.57102966400004, -7.105272766999974], [107.57125854600008, -7.10504388499993], [107.57249832300005, -7.105373141999962], [107.57366943400007, -7.107420916999956], [107.57398987000005, -7.10789393999994], [107.57412719800004, -7.108100887999967], [107.57572174100005, -7.108547208999937], [107.57617950400004, -7.107634065999946], [107.57685852100008, -7.107516762999978], [107.57754516900008, -7.107512946999975], [107.57948303200004, -7.107672213999933], [107.58050537400004, -7.106870170999969], [107.58152771000005, -7.106295105999948], [107.58232116900007, -7.10560798399996], [107.58299255600008, -7.105826136999951], [107.58361053700008, -7.106825826999966], [107.58369445900007, -7.106965536999951], [107.58438110400004, -7.107645030999947], [107.58518219300004, -7.107640740999955], [107.58596801800007, -7.107635496999933], [107.58654022400003, -7.108460901999933], [107.58666992200006, -7.108655927999962], [107.58804321300005, -7.10944509199993], [107.58803558400007, -7.108648297999935], [107.58768463300004, -7.10739850799996], [107.58753967500007, -7.107236858999954], [107.58689117500006, -7.106486555999936], [107.58779144400006, -7.105918402999976], [107.58894348100006, -7.107163425999943], [107.59029769900008, -7.108396764999952], [107.59062958000004, -7.108880039999974], [107.59076690800003, -7.109087938999949], [107.59179687500006, -7.109082219999948], [107.59292602600004, -7.1082792239999435], [107.59361267100007, -7.108047957999929], [107.59497833300009, -7.107357021999974], [107.59600067300005, -7.106781956999953], [107.59770202700008, -7.105862138999953], [107.59838104300007, -7.1043782209999335], [107.59973907600005, -7.103460310999935], [107.60000000000008, -7.10350198499998], [107.60042572000003, -7.103569980999964], [107.60087585400004, -7.102315422999936], [107.60132598900009, -7.101174829999934], [107.60172166600006, -7.099999999999966], [107.60188293800007, -7.09952115599998], [107.60176086500007, -7.097928520999972], [107.60221099900008, -7.096559999999954], [107.60300445900003, -7.09553146199994], [107.60402679600008, -7.095411777999971], [107.60470581200008, -7.094497200999967], [107.60504150400004, -7.093698973999949], [107.60618591600007, -7.094375129999946], [107.60695243000004, -7.094928693999975], [107.60728391300006, -7.095168085999944], [107.60662306700004, -7.095492500999967], [107.60629777600008, -7.0956521889999635], [107.60546496300009, -7.097079864999955], [107.60428679100005, -7.098650763999956], [107.60403728900008, -7.09898343499998], [107.60384196100006, -7.0994522229999575], [107.60361372000006, -7.099999999999966], [107.60284755700008, -7.101838785999973]], [[107.58141390600008, -7.114813416999937], [107.58056126500009, -7.115138233999971], [107.58008537100005, -7.115495152999927], [107.58004510200004, -7.115473468999937], [107.57931204500005, -7.1150787479999735], [107.57928838800007, -7.11524434699993], [107.57919307200007, -7.115911559999972], [107.57913358600007, -7.1166848839999375], [107.57808621000004, -7.116593806999958], [107.57776539600007, -7.116565909999963], [107.57717053000005, -7.117279748999977], [107.57762869100009, -7.117821209999931], [107.57782488200007, -7.1180530749999775], [107.57937153300009, -7.119302291999929], [107.57996639700008, -7.119540237999956], [107.57990691300006, -7.117934100999946], [107.58010823400008, -7.11758636299993], [107.58010828400006, -7.117586274999951], [107.58050230200007, -7.116905698999972], [107.58056126500009, -7.116803857999969], [107.58234585900004, -7.116387449999934], [107.58222688500007, -7.115316691999965], [107.58141390600008, -7.114813416999937]]]}, "properties": {"OBJECTID": 31026, "KODE_PROV": 32, "PL2021_ID_R": 20091, "PL2022_ID": 20091}}, {"type": "Feature", "geometry": {"type": "Polygon", "coordinates": [[[107.62693786700004, -7.076956745999951], [107.62682342700003, -7.077867505999961], [107.62694168200005, -7.079085348999968], [107.62694226300005, -7.079086042999961], [107.62763214200004, -7.079911705999962], [107.62807083300004, -7.080236907999961], [107.62824180300004, -7.080557919999933], [107.62783878700009, -7.081414329999973], [107.62557829900004, -7.082009196999934], [107.62367473000006, -7.081652275999943], [107.62248500000004, -7.081771248999928], [107.62248500000004, -7.084745575999932], [107.62034348600008, -7.082723033999969], [107.61736916000007, -7.083555844999978], [107.61510867200008, -7.08415070999996], [107.61378840700007, -7.08373062499993], [107.61460737700008, -7.083007752999947], [107.61460780200008, -7.083006157999932], [107.61477661100008, -7.08237552199995], [107.61534118900005, -7.081688878999955], [107.61614227300004, -7.081456657999979], [107.61693573100007, -7.08099746399995], [107.61715698400008, -7.080199238999967], [107.61700439700007, -7.080077169999981], [107.61603195600009, -7.079255837999938], [107.61603164900004, -7.079255578999948], [107.61646270900007, -7.078382012999953], [107.61737823700008, -7.078262802999973], [107.61804962500008, -7.077234742999963], [107.61862182700008, -7.076435084999957], [107.61930847300005, -7.077000138999949], [107.61998748900004, -7.077223773999947], [107.62033081300007, -7.0764255499999535], [107.62111663900004, -7.074599741999975], [107.62007904300003, -7.072556967999958], [107.62052917600005, -7.071415899999977], [107.62037658800006, -7.071266648999938], [107.62034649900005, -7.071235250999962], [107.61949920900008, -7.070351121999977], [107.61948395100006, -7.068804260999968], [107.62039947700003, -7.068457598999942], [107.62116241700005, -7.068740843999933], [107.62130737400008, -7.0687942449999355], [107.62120437800007, -7.069658515999947], [107.62120585700006, -7.069659881999939], [107.62223053100007, -7.070610043999977], [107.62326812900005, -7.0716285659999585], [107.62417602700003, -7.072533604999933], [107.62486267300005, -7.072870727999941], [107.62500000100005, -7.072889710999959], [107.62565613000004, -7.072980400999938], [107.62634277300003, -7.073545451999962], [107.62703704800003, -7.074337955999965], [107.62757492300005, -7.074870346999944], [107.62783813700008, -7.075471875999938], [107.62783813700008, -7.076040740999929], [107.62693786700004, -7.076956745999951]]]}, "properties": {"OBJECTID": 31049, "KODE_PROV": 32, "PL2021_ID_R": 20091, "PL2022_ID": 20091}}, {"type": "Feature", "geometry": {"type": "Polygon", "coordinates": [[[107.68115997500007, -7.191125150999937], [107.68115234500004, -7.189863678999927], [107.68122119000009, -7.189444594999941], [107.68122141400005, -7.189443216999962], [107.68126678500005, -7.1891670219999355], [107.68125915600007, -7.188471313999969], [107.68153265500007, -7.187971043999937], [107.68153363300007, -7.18796925099997], [107.68183136200008, -7.187424657999941], [107.68258695000009, -7.187742387999947], [107.68258325600004, -7.186460924999949], [107.68378986400006, -7.1863549659999535], [107.68396835900006, -7.185496043999933], [107.68236066500003, -7.185484404999954], [107.68213598800008, -7.1847946059999686], [107.68242932200008, -7.183936514999971], [107.68179939300006, -7.183702561999951], [107.68092772300008, -7.1851299399999675], [107.67994329300006, -7.186269756999934], [107.67979883400005, -7.186715338999932], [107.67959086700006, -7.187356804999979], [107.67973652900008, -7.188270502999956], [107.67981053600005, -7.188734738999926], [107.68049246600003, -7.189714588999948], [107.68115997500007, -7.191125150999937], [107.67998266400008, -7.190974749999953], [107.67848686700006, -7.191043273999981], [107.67741104000004, -7.191288648999944], [107.67651825200005, -7.192130666999958], [107.67610283100004, -7.19273080399995], [107.67497240300008, -7.193873064999934], [107.67353048800004, -7.1929251489999615], [107.67142486600005, -7.193978308999931], [107.67049408200006, -7.193635937999943], [107.67095184600004, -7.192126271999939], [107.67104257500006, -7.191941860999975], [107.67104298000004, -7.191941039999961], [107.67145923300006, -7.1910950019999405], [107.67146026600005, -7.191092906999927], [107.67152404900008, -7.190963265999926], [107.67209625300006, -7.189800260999959], [107.67278289900008, -7.18840503399997], [107.67264627400004, -7.1869049769999265], [107.67213494900005, -7.186155750999944], [107.67058008900005, -7.186775269999941], [107.67028339100005, -7.188044468999976], [107.67016521200009, -7.188550006999947], [107.66957849400006, -7.190266147999978], [107.66881700500005, -7.192325094999944], [107.66863261500004, -7.193986812999981], [107.66924770300005, -7.19540412799995], [107.66899872000005, -7.195615765999946], [107.66760254000008, -7.195507999999961], [107.66702270600007, -7.195975302999955], [107.66703033500005, -7.197577470999931], [107.66747665600008, -7.198472257999981], [107.66750335700004, -7.198987004999935], [107.66738449900004, -7.199268636999932], [107.66738422300006, -7.199269289999961], [107.66716003400006, -7.199800487999937], [107.66706186300007, -7.199999999999932], [107.66670227100008, -7.200730796999949], [107.66670446100005, -7.20096362299995], [107.66670447300004, -7.200964910999971], [107.66670990100005, -7.201542374999974], [107.66668770500007, -7.201575693999928], [107.66668768100004, -7.201575727999966], [107.66668765900005, -7.201575761999948], [107.66624450800003, -7.202240942999936], [107.66615797300005, -7.202694877999932], [107.66578286300006, -7.20305631399998], [107.66530036000006, -7.202363344999981], [107.66529925800006, -7.202361759999974], [107.66496457100004, -7.201881086999947], [107.66464497800007, -7.201832596999964], [107.66382641100006, -7.2017084019999515], [107.66381641700008, -7.201711316999933], [107.66257169400006, -7.202074338999978], [107.66234727500006, -7.202173955999967], [107.66066143200004, -7.202922267999952], [107.66037794200008, -7.203286954999953], [107.66000798100004, -7.203762875999928], [107.66022654300008, -7.204052054999977], [107.65925551600009, -7.206132828999955], [107.65658562600004, -7.2068680139999515], [107.65368357400007, -7.206364991999976], [107.64993025200005, -7.2069840969999746], [107.64938853600006, -7.208260999999936], [107.64756991600007, -7.206751932999964], [107.64667995200006, -7.205204170999934], [107.64528696800005, -7.20450767799997], [107.64447534300007, -7.204913488999978], [107.64429474000008, -7.204733848999979], [107.64220738200004, -7.203604819999953], [107.64163631200006, -7.201534684999956], [107.64163631200006, -7.199999999999932], [107.64163631200006, -7.199036254999953], [107.64083099500004, -7.196027275999938], [107.64040883500007, -7.195503550999945], [107.64136505100004, -7.194920061999937], [107.64147186400004, -7.1939775899999745], [107.64083862400008, -7.192986962999953], [107.64080810800004, -7.192846293999935], [107.64061760500005, -7.191921445999981], [107.64061712900008, -7.191919132999942], [107.64058229100004, -7.191750000999946], [107.64057159600009, -7.1916980719999515], [107.64125000000007, -7.1912079519999565], [107.64147186400004, -7.191047663999939], [107.64212036200007, -7.190656661999981], [107.64366912900005, -7.190260885999976], [107.64388462600004, -7.190151268999955], [107.64443969800004, -7.189868922999949], [107.64521026800008, -7.189219471999934], [107.64584710400004, -7.18831823499994], [107.64584892400006, -7.188315662999969], [107.64585113700008, -7.1883125289999725], [107.64636230500008, -7.187018867999939], [107.64656150000008, -7.186354139999935], [107.64686584500004, -7.1853384949999395], [107.64673614600008, -7.184693811999978], [107.64486031200005, -7.184611152999935], [107.64486028500005, -7.184611152999935], [107.64486025800005, -7.184611150999956], [107.64414978000008, -7.184579845999963], [107.64373016600007, -7.1845226269999785], [107.64371490500008, -7.184375281999962], [107.64367676000006, -7.184033868999961], [107.64362120000004, -7.183238176999964], [107.64362116800004, -7.183237731999952], [107.64356994600007, -7.182504171999938], [107.64336395600009, -7.181356901999948], [107.64279937800006, -7.181265352999958], [107.64257215600009, -7.1814111739999476], [107.64253208200006, -7.180943652999929], [107.64248435700006, -7.180386862999967], [107.64242725000008, -7.1799871129999815], [107.64174196400006, -7.1795302569999535], [107.64048561100009, -7.178959185999929], [107.64029618300003, -7.178447733999974], [107.64012927400006, -7.177997080999944], [107.64057159600009, -7.177548405999971], [107.64097169900003, -7.176919225999939], [107.64142608800006, -7.17620467699993], [107.64197432000009, -7.176285352999969], [107.64202880900007, -7.176293370999929], [107.64266967800006, -7.176388737999957], [107.64334869500004, -7.176767347999942], [107.64382934800005, -7.17733859599997], [107.64411592700009, -7.178282236999962], [107.64411926500009, -7.178293224999948], [107.64459991500007, -7.178194997999981], [107.64477065400007, -7.1771380929999395], [107.64477539100005, -7.177108762999978], [107.64517211900005, -7.177330968999968], [107.64572143700008, -7.1778786149999405], [107.64565277200006, -7.178475853999942], [107.64469909700006, -7.179341788999977], [107.64470672600004, -7.180489537999961], [107.64473402100003, -7.180699870999945], [107.64480590900007, -7.1812539069999275], [107.64472802900008, -7.181661159999976], [107.64471435500008, -7.1817326509999475], [107.64444732700008, -7.1822748159999605], [107.64444798700004, -7.18227574499997], [107.64498962300007, -7.183038334999935], [107.64501190200008, -7.183069701999955], [107.64585118800005, -7.182313783999973], [107.64586639600009, -7.1823000869999305], [107.64672851700004, -7.182581898999956], [107.64730835100005, -7.1833434069999385], [107.64788818600005, -7.1840095489999385], [107.64817810100004, -7.184486385999946], [107.64865875400005, -7.185344216999965], [107.64882716300008, -7.185632952999981], [107.64904785300007, -7.186011309999969], [107.64991760300006, -7.18658017599995], [107.65030710800005, -7.187009965999948], [107.65077972500006, -7.187531467999975], [107.65177991900003, -7.187616628999933], [107.65183258400003, -7.187621112999977], [107.65183880400008, -7.187614835999966], [107.65212930000007, -7.187321674999964], [107.65240478500004, -7.187043661999951], [107.65230560400005, -7.18570565999994], [107.65222932700004, -7.184818242999938], [107.65219879500006, -7.184463023999967], [107.65268184300004, -7.183884632999934], [107.65268191600006, -7.183884544999955], [107.65277847300007, -7.183866382999952], [107.65372467300006, -7.183689115999925], [107.65370559900003, -7.182999843999937], [107.65265291600008, -7.181812953999952], [107.65265287200003, -7.181812907999927], [107.65245819300009, -7.180721996999978], [107.65207672200006, -7.18016004499998], [107.65140533400006, -7.1791119529999605], [107.65054321400004, -7.178830144999949], [107.64976501500007, -7.177824256999941], [107.64976453000008, -7.177798891999942], [107.64974212900006, -7.176627225999937], [107.64974212800007, -7.1766271899999765], [107.64899444600007, -7.176256653999928], [107.64862155800006, -7.176471436999975], [107.64853977600006, -7.17651854099995], [107.64832306000005, -7.1766433679999295], [107.64827579900003, -7.176637696999933], [107.64763033800006, -7.1765602389999685], [107.64761865600008, -7.176565689999961], [107.64706759200004, -7.176822854999955], [107.64705807500007, -7.1768006449999575], [107.64663928900006, -7.175823478999973], [107.64656790500004, -7.175466560999951], [107.64571129900008, -7.1748954909999725], [107.64506884500008, -7.174038884999959], [107.64592048500003, -7.173613064999927], [107.64592545100004, -7.173610580999934], [107.64736477900004, -7.173679121999953], [107.64742451200004, -7.1736819649999575], [107.64656790500004, -7.172753974999978], [107.64746285800004, -7.172272078999981], [107.64749589500008, -7.172254287999976], [107.64912474500005, -7.173458220999976], [107.64913772400007, -7.173467812999945], [107.65077955100008, -7.173110893999933], [107.65157905100006, -7.173110892999944], [107.65163615700004, -7.173110893999933], [107.65237850500006, -7.172677858999975], [107.65224075500004, -7.172471282999936], [107.65240084200008, -7.171852830999967], [107.65250396700009, -7.171454426999958], [107.65275808800004, -7.171290099999965], [107.65384674100005, -7.170586107999952], [107.65499115000006, -7.169814583999937], [107.65584564300008, -7.168853279999951], [107.65591049500006, -7.1682789299999286], [107.65555572700003, -7.168281075999971], [107.65529632900007, -7.167886731999943], [107.65445092600004, -7.166549954999937], [107.65480784500005, -7.16597888299998], [107.65548017600008, -7.165609100999973], [107.65623552200009, -7.165193661999979], [107.65642315500008, -7.165062318999958], [107.65766319900007, -7.16419428699993], [107.65859118800006, -7.16326629699995], [107.65916226000007, -7.162623842999949], [107.66030440000009, -7.161695852999969], [107.66112817900006, -7.1609734619999585], [107.66087722800006, -7.16064810599994], [107.66096496900008, -7.159929273999978], [107.66158294800005, -7.159402605999958], [107.66114807200006, -7.158972258999938], [107.66047668500005, -7.1587848639999265], [107.66043424600008, -7.158788956999956], [107.65942382800006, -7.158886429999939], [107.65914154100005, -7.159174913999948], [107.65827941900005, -7.159180161999927], [107.65827813600004, -7.159179822999931], [107.65759027700005, -7.158997648999957], [107.65721893400007, -7.158899301999952], [107.65718991000006, -7.158906738999974], [107.65683746400003, -7.158997055999976], [107.65682813000006, -7.15898481499994], [107.65636825800004, -7.158381697999971], [107.65642166200007, -7.158032889999959], [107.65597534200003, -7.157854554999972], [107.65568542500006, -7.157377716999974], [107.65523167400005, -7.156789791999927], [107.65523147800008, -7.156789539999977], [107.65534133500006, -7.156733781999947], [107.65576935000007, -7.156516548999946], [107.65579875800006, -7.156508005999967], [107.65640888500008, -7.1563307759999475], [107.65644073700008, -7.156321523999964], [107.65721130500003, -7.156603808999932], [107.65740203900003, -7.1566987019999715], [107.65797191200005, -7.157165002999932], [107.65798187500008, -7.157173154999953], [107.65912628200005, -7.156975268999929], [107.65950775200008, -7.156877515999952], [107.66017913900004, -7.156777855999962], [107.66056060800008, -7.15648889299996], [107.66042327900004, -7.156437394999955], [107.65930938800005, -7.156017776999931], [107.65835571400004, -7.155928131999929], [107.65830178000004, -7.155928431999939], [107.65749359200004, -7.155932899999925], [107.65749299900006, -7.155932587999928], [107.65701293900008, -7.155679222999936], [107.65700149500009, -7.155165431999933], [107.65605163600009, -7.154697891999945], [107.65599510500004, -7.154698173999975], [107.65586090100004, -7.154698846999963], [107.65538787900005, -7.155753610999966], [107.65533712500007, -7.155739444999938], [107.65514497500004, -7.155685810999955], [107.65471649300008, -7.15556621199994], [107.65404489800005, -7.155071630999942], [107.65355682700005, -7.15471219799997], [107.65327499100005, -7.153836935999948], [107.65209525800009, -7.15320117899995], [107.65230941100003, -7.151487967999969], [107.65264240700009, -7.150821976999964], [107.65280909700004, -7.150488593999967], [107.65330878600008, -7.149489218999975], [107.65331256900004, -7.149479381999981], [107.65206446000008, -7.148554856999965], [107.65085093600004, -7.14826932099993], [107.64956602700005, -7.1473413319999395], [107.64970879400005, -7.146127806999971], [107.65135062200005, -7.145199816999934], [107.65206446000008, -7.144343210999978], [107.65286760400005, -7.143941637999944], [107.65292106600003, -7.143914906999953], [107.65313521800005, -7.145485350999934], [107.65354067800007, -7.146499002999974], [107.65356352100008, -7.14655610899996], [107.65442012700004, -7.145128432999968], [107.65556226800004, -7.1442004429999315], [107.65577641900006, -7.143343836999975], [107.65594538200008, -7.142330063999964], [107.65578460900008, -7.142171380999969], [107.65501404000008, -7.14188861599996], [107.65417480800005, -7.141361235999966], [107.65418127200007, -7.141344188999938], [107.65459823600008, -7.140245194999977], [107.65414428700007, -7.139885422999953], [107.65377550900007, -7.139636398999926], [107.65377426200007, -7.139635560999977], [107.65394592600006, -7.138834472999974], [107.65470886400004, -7.138543126999934], [107.65547943200005, -7.13844298999993], [107.65592929800005, -7.137821088999942], [107.65592956700004, -7.137820720999969], [107.65556335600007, -7.137103555999943], [107.65498352100008, -7.135959620999927], [107.65440368900005, -7.135484691999977], [107.65386963100008, -7.13533401199993], [107.65402221900007, -7.135241504999954], [107.65438079800003, -7.135030743999948], [107.65569305600008, -7.134664531999931], [107.65689087000004, -7.13453769299997], [107.65805053800005, -7.134113543999945], [107.65803585200007, -7.134086513999932], [107.65773773400008, -7.133537764999971], [107.65807342500005, -7.132618424999976], [107.65902710100005, -7.1320152259999645], [107.66022491600006, -7.132008072999952], [107.66056418100004, -7.130194772999971], [107.66056442400009, -7.130193470999927], [107.65997314500004, -7.129260060999968], [107.65865326000005, -7.12890910699997], [107.65855407800007, -7.128648991999967], [107.65900421400005, -7.128190036999968], [107.66008758600009, -7.128183836999938], [107.66019058300009, -7.127222770999936], [107.65936279400006, -7.126873013999955], [107.66182234800004, -7.127759294999976], [107.66315273000004, -7.126392593999981], [107.66316228000005, -7.125073689999965], [107.66323297200006, -7.124999996999975], [107.66342246300007, -7.124802467999928], [107.66414570400008, -7.1240485519999766], [107.66667833500009, -7.123149281999929], [107.66898173600003, -7.122190993999936], [107.67065239500005, -7.121400173999973], [107.67214792400006, -7.121009515999958], [107.67246754200005, -7.1207849319999355], [107.67335971900008, -7.120158027999935], [107.67439983000008, -7.120193598999947], [107.67548344000005, -7.120230658999958], [107.67789090700006, -7.120764093999981], [107.67863970600007, -7.120425390999969], [107.68082250100008, -7.12026902599996], [107.68167745300008, -7.121135378999952], [107.68202351200006, -7.120028245999947], [107.68208881100009, -7.119819337999957], [107.68192895500005, -7.1180977559999405], [107.68089889100008, -7.117631579999966], [107.68079314700009, -7.116369172999953], [107.67965776000005, -7.114583247999974], [107.67961850000006, -7.112059669999951], [107.67842529900008, -7.110330679999947], [107.67786152900004, -7.108892945999969], [107.67683520300005, -7.1079106739999816], [107.67625944700006, -7.106846966999967], [107.67621196900006, -7.106759250999971], [107.67281543600006, -7.108053849999976], [107.67272479800005, -7.108057506999955], [107.67272392900009, -7.108057541999926], [107.67156073400008, -7.1081044919999385], [107.67040350100007, -7.108151202999977], [107.67053846000005, -7.108408409999981], [107.67085656100005, -7.10901466699994], [107.67280139400003, -7.110003554999935], [107.67302234800007, -7.111209432999942], [107.67336018500004, -7.112129416999949], [107.67208894600009, -7.11326722299998], [107.67036960000007, -7.112853423999979], [107.67047118100004, -7.114689257999942], [107.67219135900007, -7.114988375999928], [107.67304421500006, -7.116141451999965], [107.67206703000005, -7.116306462999944], [107.66867994100005, -7.116282078999973], [107.66741199300009, -7.116961106999952], [107.66546260100006, -7.116602974999978], [107.66304939200006, -7.116872300999944], [107.66270121100007, -7.117385906999971], [107.66516727100009, -7.1177477809999345], [107.66832638200009, -7.117541163999931], [107.67022168900007, -7.117440123999927], [107.67234786900008, -7.117168694999975], [107.67274104600006, -7.118375813999933], [107.67112863500006, -7.1190523709999525], [107.66991601500007, -7.120018541999968], [107.66818671300007, -7.120980973999963], [107.66784899400005, -7.121170045999975], [107.66628335300004, -7.122046545999979], [107.66670983700004, -7.121805595999945], [107.66519908600009, -7.122642526999925], [107.66412832800006, -7.12271390899997], [107.66455663100004, -7.121714535999956], [107.66412832800006, -7.121072081999955], [107.66405694400004, -7.120429627999954], [107.66354976800005, -7.119313838999972], [107.66255188300005, -7.1199207289999435], [107.66172027600004, -7.120762344999946], [107.66088104200009, -7.121603962999927], [107.66016388000008, -7.121608255999945], [107.65956878700007, -7.12208985999996], [107.65861511200006, -7.122334476999981], [107.65777588000009, -7.122578139999973], [107.65753936900006, -7.122579566999946], [107.65658569300007, -7.122585292999929], [107.65639551100008, -7.122586407999961], [107.65634155300006, -7.122586720999948], [107.65599068300008, -7.1211439899999505], [107.65599076300003, -7.12114392999996], [107.65669144200007, -7.12060508899998], [107.65669250500008, -7.12060427199998], [107.65668487700009, -7.120193477999976], [107.65585327200006, -7.120079038999961], [107.65537262100008, -7.119962210999972], [107.65535910100004, -7.119972805999964], [107.65429687500006, -7.12080526099993], [107.65262603800005, -7.121053692999965], [107.65264065000008, -7.1210430289999636], [107.65286254900008, -7.120881076999979], [107.65345764200003, -7.120451445999947], [107.65380859600003, -7.119493003999935], [107.65512848000009, -7.119485377999979], [107.65595245400004, -7.1191771019999806], [107.65583801400004, -7.118644236999955], [107.65512085100005, -7.118289946999937], [107.65507852600007, -7.118297249999955], [107.65368652300003, -7.118537423999953], [107.65236664000008, -7.118545053999981], [107.65236564900005, -7.11854472999994], [107.65164947500006, -7.118309971999963], [107.65130988100009, -7.117974082999979], [107.65116882400008, -7.117834563999963], [107.64949035800004, -7.117485520999935], [107.64955902200006, -7.1173601139999505], [107.64996338000009, -7.116645811999945], [107.65018449300004, -7.115918141999941], [107.65018463300004, -7.115917679999939], [107.64959716900006, -7.1155719729999305], [107.64909825500007, -7.115525100999946], [107.64839935300006, -7.115459440999928], [107.64839541800006, -7.115464433999932], [107.64792633100006, -7.116059776999975], [107.64709472700008, -7.116423127999951], [107.64710177900008, -7.116395094999973], [107.64713287400008, -7.116271491999953], [107.64732360900007, -7.115465639999968], [107.64804077100007, -7.1152224509999655], [107.64851379600009, -7.114263054999981], [107.64899444600007, -7.114140986999928], [107.64958954000008, -7.11342048399996], [107.64959873700008, -7.11334822799995], [107.64969632400005, -7.1125814499999365], [107.64969633800007, -7.112581349999971], [107.64898681600005, -7.11246728499998], [107.64897540100009, -7.112474630999941], [107.64835001000006, -7.112877091999962], [107.64767456200008, -7.113311765999981], [107.64731598000009, -7.113911625999947], [107.64720153800005, -7.114031787999977], [107.64575958300009, -7.114159579999978], [107.64528656000005, -7.114162442999941], [107.64528661600008, -7.114162095999973], [107.64530944800003, -7.114022253999963], [107.64540100200009, -7.1134443259999784], [107.64574432400008, -7.111410138999929], [107.64633941800008, -7.110211367999966], [107.64669037100003, -7.108774659999938], [107.64715576400005, -7.106859201999953], [107.64738846100005, -7.104779478999944], [107.64749908400006, -7.103747364999947], [107.64797210800003, -7.102789874999928], [107.64831161600006, -7.102274890999979], [107.64822854100004, -7.102112050999949], [107.64796447800006, -7.101594444999932], [107.64748382600004, -7.101358411999968], [107.64742736400007, -7.101358728999969], [107.64688873300008, -7.101361749999967], [107.64672851700004, -7.101672011999938], [107.64670845300009, -7.101655221999977], [107.64668864100008, -7.101638642999944], [107.64653978300004, -7.101514075999944], [107.64640781400004, -7.10140364199998], [107.64606857400008, -7.101119753999967], [107.64584350600006, -7.10046338799998], [107.64520647600006, -7.100160311999957], [107.64491760100009, -7.099999999999966], [107.64458503800006, -7.0998154429999545], [107.64440155000005, -7.098918436999952], [107.64407071000005, -7.097644697999954], [107.64407038800005, -7.0976434559999575], [107.64398564100009, -7.097317177999969], [107.64315292300006, -7.097026325999934], [107.64252544800007, -7.097482179999929], [107.64178388800008, -7.097482179999929], [107.64104232700004, -7.09714028999997], [107.63954082900005, -7.0969061629999715], [107.63939446900008, -7.0956620959999555], [107.63935047100006, -7.095288131999951], [107.63639994000005, -7.091576171999975], [107.63579178100008, -7.091861245999951], [107.63506269500004, -7.092203006999966], [107.63491731700009, -7.092271152999956], [107.63481542700004, -7.092318913999975], [107.63425575900004, -7.091855186999965], [107.63488006700004, -7.090909957999941], [107.63487541300009, -7.0898687869999435], [107.63487243800006, -7.08920287899997], [107.63473510700004, -7.0890464759999645], [107.63417816300006, -7.088410375999956], [107.63352956200004, -7.08841401799998], [107.63349914700007, -7.08841419099997], [107.63304138200004, -7.0892133689999355], [107.63283245000008, -7.089214473999959], [107.63276098500006, -7.089214851999941], [107.63276094900004, -7.089214851999941], [107.63276091400007, -7.089214851999941], [107.63259124800004, -7.089215753999952], [107.63253021200006, -7.089015003999975], [107.63224029500009, -7.088022944999977], [107.63195419400006, -7.086493010999959], [107.63086700400004, -7.08660840899995], [107.63039457400004, -7.08581484299998], [107.63023279200007, -7.08482769799997], [107.63017105300008, -7.084450997999966], [107.63176727400008, -7.084781644999964], [107.63244629000008, -7.084322924999981], [107.63175964500005, -7.083074568999962], [107.63166809300009, -7.0829343799999265], [107.63081360300004, -7.081670756999927], [107.63026428300009, -7.080693241999938], [107.62979126200008, -7.078533643999947], [107.62886810500004, -7.075807569999938], [107.62794494900004, -7.074105261999932], [107.62713623200005, -7.072630402999948], [107.62725067200006, -7.07240485899996], [107.62709045400004, -7.072261805999972], [107.62574768300004, -7.070979592999947], [107.62541981200008, -7.069583952999949], [107.62517547700008, -7.068543907999981], [107.62500000100005, -7.067577597999957], [107.62482452400008, -7.0666112889999795], [107.62447357400004, -7.065020082999979], [107.62500000100005, -7.064548161999937], [107.62549591100009, -7.0641036009999425], [107.62533569300007, -7.06393146399995], [107.62500000100005, -7.063578100999962], [107.62388611000006, -7.062405582999929], [107.62295422800008, -7.062191029999951], [107.62195587500008, -7.061961169999961], [107.62125509000003, -7.06211759699994], [107.61999479500008, -7.062398911999935], [107.61933899100006, -7.062545297999975], [107.61808777000005, -7.063235757999962], [107.61706543100007, -7.063582416999964], [107.61714172700005, -7.0632972709999535], [107.61740112400008, -7.062328811999976], [107.61819458000008, -7.0618691409999315], [107.61910248000004, -7.06095361499996], [107.62046814300004, -7.060376640999948], [107.62262725900007, -7.059794900999975], [107.62285614000007, -7.059566019999977], [107.62456779700005, -7.060619430999964], [107.62500000100005, -7.060616995999965], [107.62648240800007, -7.06060864899996], [107.62900141100005, -7.061670378999963], [107.63074430100005, -7.063035343999957], [107.63206871400007, -7.064462434999939], [107.63351686300007, -7.066606100999934], [107.63466654500007, -7.068870989999937], [107.63532944300005, -7.069704068999954], [107.63556470700007, -7.06898545599995], [107.63507317200003, -7.066716843999927], [107.63410773500004, -7.065287740999963], [107.63145721000006, -7.062134712999978], [107.62971263500003, -7.060470893999934], [107.62671734800006, -7.059830267999928], [107.62500000100005, -7.0593831059999275], [107.62491970800005, -7.059362194999949], [107.62295532400009, -7.058768747999977], [107.62272644400008, -7.057631965999974], [107.62271881100008, -7.056379792999962], [107.62263017800007, -7.056252011999959], [107.62260437100008, -7.056214806999947], [107.62204772500007, -7.055430090999948], [107.62191772700004, -7.055246827999952], [107.62088775700005, -7.054569241999957], [107.62088775700005, -7.054422375999934], [107.62088012800007, -7.053431509999939], [107.62213898000005, -7.053310390999968], [107.62281799600004, -7.0539894069999605], [107.62372589300008, -7.053756711999938], [107.62417602700003, -7.053298471999938], [107.62474823100007, -7.053637027999969], [107.62500000100005, -7.0537189679999415], [107.62577820000007, -7.0539722399999505], [107.62635040500004, -7.053969381999934], [107.62703704800003, -7.055103297999949], [107.62760925500004, -7.054986475999954], [107.62885284700008, -7.053955075999966], [107.62942504900008, -7.0539517379999666], [107.63034057800007, -7.054059980999966], [107.63068390200004, -7.054058072999965], [107.63053131200007, -7.053841112999976], [107.62987518400007, -7.05292462999995], [107.62793731700003, -7.0523667329999284], [107.62554168900004, -7.052266596999971], [107.62500000100005, -7.052215528999966], [107.62326049800004, -7.052051538999933], [107.62268829400006, -7.0519413919999465], [107.62155914400006, -7.052062031999981], [107.62141418500005, -7.0521602589999475], [107.62115478700008, -7.052033899999969], [107.62098693900003, -7.051950929999975], [107.62037271500009, -7.051510268999948], [107.61972809000008, -7.0510478009999815], [107.61915588600004, -7.051051138999981], [107.61813355000004, -7.05048799399998], [107.61804962500008, -7.050279136999961], [107.61798694900006, -7.050130208999974], [107.61765336400003, -7.0493375419999325], [107.61765289700008, -7.049336427999947], [107.61686706800003, -7.048560140999939], [107.61630249400008, -7.049245830999951], [107.61561584600008, -7.049363611999979], [107.61389923400009, -7.0476660709999805], [107.61363390700006, -7.046675685999958], [107.61291359500007, -7.046261290999951], [107.61189246100008, -7.045549705999974], [107.60997588400005, -7.045201769999949], [107.60847611000008, -7.044492848999937], [107.60662270300008, -7.044742287999952], [107.60566675200005, -7.044986718999951], [107.60468292400009, -7.046332354999947], [107.60379066200005, -7.046001184999966], [107.60377248300006, -7.045994438999969], [107.60387420900008, -7.0458388319999585], [107.60408020200003, -7.045445438999934], [107.60368756800005, -7.044016145999933], [107.60339355700006, -7.042945859999975], [107.60338592700003, -7.041579720999948], [107.60417175400005, -7.040779110999949], [107.60496521000005, -7.040318962999947], [107.60598755000007, -7.039743895999948], [107.60678863500004, -7.039625641999976], [107.60758209400007, -7.039393421999932], [107.60826110900007, -7.038137431999928], [107.60882568500006, -7.037679189999949], [107.60928344700005, -7.037335394999957], [107.61007690400004, -7.037217135999981], [107.61042022800007, -7.037215229999958], [107.61134338500005, -7.038803099999939], [107.61137333200008, -7.038818039999967], [107.61176681500007, -7.039014336999969], [107.61191558800004, -7.039596555999935], [107.61181640700005, -7.040561196999931], [107.61226654100005, -7.041074272999936], [107.61317443800004, -7.040955541999949], [107.61454010000006, -7.040606017999949], [107.61534118800006, -7.040829655999971], [107.61682128900009, -7.040934560999972], [107.61762237600004, -7.041726584999935], [107.61942327100007, -7.041269891999946], [107.61953735400004, -7.041862961999925], [107.61956787300005, -7.042057510999939], [107.62036133000004, -7.042394157999979], [107.62081146300005, -7.041253088999952], [107.62054062000004, -7.039985892999937], [107.61989593600003, -7.039665217999925], [107.61909484900008, -7.039442058999953], [107.61851208700006, -7.039136271999951], [107.61737823700008, -7.038541312999939], [107.61737823700008, -7.038363931999982], [107.61734517800005, -7.0381875129999685], [107.61805725300007, -7.038146014999938], [107.61939239500003, -7.038376804999928], [107.61992645300006, -7.038468358999978], [107.62079620500003, -7.03852987099998], [107.62079620500003, -7.038180348999958], [107.62078857600005, -7.037949560999948], [107.62073898300008, -7.037702557999978], [107.61998748800005, -7.037270066999952], [107.61931610100004, -7.036541935999935], [107.61924743700007, -7.036348817999965], [107.61909331000004, -7.035896783999931], [107.61942612200005, -7.035745506999945], [107.62049688000008, -7.03586447899994], [107.62156763800004, -7.036102424999967], [107.62263839400003, -7.035745506999945], [107.62418504300007, -7.035745506999945], [107.62500000100005, -7.036017157999936], [107.62561272100004, -7.036221396999963], [107.62608861300004, -7.03693523499993], [107.62704039600004, -7.03764907599998], [107.62858704700005, -7.037768047999975], [107.63025266900007, -7.037768047999975], [107.63179931800005, -7.037887019999971], [107.63251315700006, -7.038362912999958], [107.63346494200005, -7.039076749999936], [107.63465467300006, -7.0389577769999505], [107.63596337500007, -7.039433668999948], [107.63667721400009, -7.040147508999951], [107.63801656100009, -7.0414868569999385], [107.63903961300008, -7.04169363699998], [107.63916015700005, -7.041717999999946], [107.63954009200006, -7.041683985999953], [107.63954727100008, -7.041710905999935], [107.63980032500007, -7.042659852999975], [107.63695563700009, -7.042266438999945], [107.63309024500006, -7.041731862999939], [107.63273332500006, -7.043088154999964], [107.63375000100007, -7.043765937999979], [107.63380408400008, -7.043801992999931], [107.63398606300007, -7.043749997999953], [107.63580282900006, -7.043230921999964], [107.63615974900006, -7.043801992999931], [107.63580424700007, -7.044749998999976], [107.63573144600008, -7.04494413599997], [107.63450000000006, -7.0449117259999525], [107.63301886200009, -7.044872747999932], [107.63266194200008, -7.046229040999947], [107.63487484000007, -7.047228415999939], [107.63526314900008, -7.046999998999979], [107.63550000000004, -7.046860672999969], [107.63568814700005, -7.046750000999964], [107.63575000000009, -7.046713615999977], [107.63586612100005, -7.046645309999974], [107.63608836600008, -7.046514578999961], [107.63715523100007, -7.047019936999959], [107.63744465700006, -7.047157034999941], [107.63826471700008, -7.046021567999958], [107.63837264700004, -7.04587212399997], [107.63901866300006, -7.046195132999969], [107.63968650500004, -7.046529052999972], [107.64022862800005, -7.04680011399995], [107.64035270700003, -7.047147539999969], [107.64090338800008, -7.0486894449999795], [107.64094246500008, -7.0487988619999555], [107.64165630300005, -7.049441315999957], [107.64198379600003, -7.0492031419999535], [107.64244152600008, -7.048870245999979], [107.64247256000004, -7.0474116279999635], [107.64249310200006, -7.046446204999938], [107.64251290900006, -7.045515205999948], [107.64201322300005, -7.0427312349999625], [107.64202829900006, -7.042621947999976], [107.64229875800004, -7.04066110499997], [107.64163829700004, -7.039208091999967], [107.64158491900008, -7.039090661999978], [107.64124535100007, -7.038696759999937], [107.64031386600004, -7.037616239999977], [107.64008033100004, -7.037345337999966], [107.64044505200008, -7.037386243999947], [107.64140320100006, -7.037493704999974], [107.64145461200008, -7.037486112999943], [107.64220428500005, -7.0373754479999775], [107.64220092100004, -7.037024014999929], [107.64219665500008, -7.036578651999946], [107.64217720100004, -7.03655882399994], [107.64209747500007, -7.036477563999938], [107.64183341900008, -7.036217199999953], [107.64093780500008, -7.035334106999926], [107.64076571900006, -7.0353066219999505], [107.64025116000005, -7.035224436999954], [107.64024422200004, -7.0352163339999265], [107.64061292500008, -7.033037796999963], [107.63928042700007, -7.031086639999955], [107.63847141100007, -7.030610746999969], [107.63690096600004, -7.030230033999942], [107.63514016400006, -7.030134854999972], [107.63461668400004, -7.030848693999928], [107.63484327500004, -7.031464310999979], [107.63445671700003, -7.031326326999931], [107.63305664100005, -7.030826566999963], [107.63225555500009, -7.03071689199993], [107.63218307700004, -7.030442948999962], [107.63191223100006, -7.02935361599998], [107.63183593800005, -7.029227730999935], [107.63144684000008, -7.02855968199998], [107.63008117900006, -7.027997968999955], [107.62814331100009, -7.028350349999926], [107.62654876700009, -7.0285868619999405], [107.62563302000007, -7.028723237999941], [107.62500000100005, -7.028817507999975], [107.62495422500007, -7.028824325999949], [107.62402602400005, -7.029015104999928], [107.62381744500004, -7.0290579769999795], [107.62279510600007, -7.030202383999949], [107.62210846000005, -7.029408930999978], [107.62205810900008, -7.029378981999969], [107.62214830800008, -7.02775539299995], [107.62105375600004, -7.026089770999931], [107.61895983000005, -7.025375932999964], [107.61629483400009, -7.02575664699998], [107.61510510300008, -7.025280753999937], [107.61182144700007, -7.024614505999978], [107.61167868000007, -7.025423521999926], [107.61372501600005, -7.026660841999956], [107.61591412000007, -7.02723191299998], [107.61672313700006, -7.027422268999942], [107.61749224700009, -7.0281913789999635], [107.61721038800005, -7.028298852999967], [107.61561584500004, -7.028535362999946], [107.61555407500003, -7.028496616999973], [107.61520932500008, -7.028280364999944], [107.61435699700007, -7.027745719999928], [107.61275482200006, -7.027185912999926], [107.61177826000005, -7.026887411999951], [107.61168274600004, -7.027095696999936], [107.60876464900008, -7.02618407999995], [107.60848294200008, -7.026056361999963], [107.60762239600007, -7.025666221999927], [107.60776676300009, -7.025870742999928], [107.60813385700004, -7.026604929999962], [107.60848060200004, -7.0272984199999655], [107.60764779000004, -7.028488148999941], [107.60733551000004, -7.0285773719999725], [107.60681497900003, -7.028726095999957], [107.60598216900007, -7.029439932999935], [107.60550627500004, -7.030272744999934], [107.60550627500004, -7.031343500999981], [107.60598216900007, -7.032652205999966], [107.60657703300006, -7.033128097999963], [107.60633908600005, -7.034317827999928], [107.60606784500004, -7.034976559999961], [107.60606443900008, -7.034984830999974], [107.60581970600003, -7.034854410999969], [107.60413360800004, -7.0334300949999715], [107.60413360800004, -7.033267493999972], [107.60412597900006, -7.032354829999974], [107.60396961000004, -7.031020450999961], [107.60396957600005, -7.031020163999926], [107.60340118700009, -7.030685421999976], [107.60269165200003, -7.030450817999963], [107.60263824900005, -7.030225273999974], [107.60244751100004, -7.029376501999934], [107.60303497400008, -7.028775689999975], [107.60338592700003, -7.028176304999931], [107.60326385700006, -7.027995106999981], [107.60325718700005, -7.027981894999925], [107.60314319500009, -7.027756136999926], [107.60314178700008, -7.027753351999934], [107.60301971800004, -7.026505465999946], [107.60294342400005, -7.0263285619999465], [107.60265350500003, -7.025671001999967], [107.60260009900009, -7.025501249999934], [107.60253143600005, -7.025268554999968], [107.60229492400003, -7.024478432999956], [107.60225677700004, -7.024127957999951], [107.60222625800009, -7.023866650999935], [107.60217285600004, -7.023403641999948], [107.60190582500007, -7.022413728999936], [107.60189380000008, -7.022392232999948], [107.60157394700008, -7.0218205419999435], [107.60168457300006, -7.021494385999972], [107.60275268700008, -7.021488187999978], [107.60347748100008, -7.022320268999977], [107.60419464300008, -7.022435661999964], [107.60478973600004, -7.0224328009999795], [107.60562896800008, -7.022069450999936], [107.60633850600004, -7.021228784999948], [107.60681915600009, -7.021106716999952], [107.60837555300009, -7.020978446999948], [107.60932922400008, -7.02013683399997], [107.60932159600009, -7.018941876999975], [107.60895538500006, -7.017748831999938], [107.60906982800009, -7.017508980999935], [107.61003113200007, -7.017384048999929], [107.61122131400003, -7.017138478999925], [107.61109161800005, -7.015347001999942], [107.61109161800005, -7.014510628999972], [107.61228943000003, -7.014742371999944], [107.61239624300003, -7.013188836999973], [107.61323547500007, -7.013064380999936], [107.61347198700008, -7.012226580999936], [107.61428070300008, -7.012423988999956], [107.61442566200009, -7.012460227999952], [107.61431121900006, -7.012819287999946], [107.61412811600007, -7.01356076899998], [107.61407470800003, -7.013776777999965], [107.61515808300004, -7.014009474999966], [107.61550903600005, -7.013051505999954], [107.61550140600008, -7.012095446999979], [107.61541748300004, -7.011966700999949], [107.61538723800004, -7.011915076999969], [107.61491775900004, -7.011113639999962], [107.61549377800009, -7.010183808999955], [107.61644744900008, -7.009939191999933], [107.61752319700008, -7.009335993999969], [107.61800384600008, -7.009452339999939], [107.61884308000003, -7.009686944999942], [107.61943817400004, -7.009683604999964], [107.61988830900003, -7.0104744409999284], [107.61988906700009, -7.010478123999974], [107.62000275000008, -7.011029717999975], [107.62004089600003, -7.011233326999957], [107.62088012900006, -7.0120649329999765], [107.62123871200004, -7.01254129299997], [107.62208557400004, -7.013253209999959], [107.62280273700009, -7.0136079769999355], [107.62387848100008, -7.013959880999948], [107.62471771500009, -7.013477320999925], [107.62499999900007, -7.01302222399994], [107.62531280700006, -7.012517926999976], [107.62578583000004, -7.01203775099998], [107.62577820000007, -7.011081213999944], [107.62601471100004, -7.010243411999966], [107.62721252700004, -7.010117526999977], [107.62780761900007, -7.010472771999957], [107.62819671800008, -7.010855671999934], [107.62841034300004, -7.011066433999929], [107.62733459600008, -7.011311528999954], [107.62686157400009, -7.012150761999976], [107.62615204000008, -7.01358890299997], [107.62591934600005, -7.01441192599998], [107.62591947900006, -7.014412242999981], [107.62628174000008, -7.015260693999949], [107.62724304300008, -7.0154943429999435], [107.62808227700003, -7.015489575999936], [107.62867736900006, -7.015725134999968], [107.62928009200004, -7.015960689999929], [107.63095856100006, -7.016668317999972], [107.63214111400004, -7.0149888969999665], [107.63226318700004, -7.0143904669999415], [107.63214111400004, -7.01379394199995], [107.63213348600004, -7.012957569999969], [107.63260650800004, -7.012237546999927], [107.63293457500004, -7.012453789999938], [107.63293467800008, -7.012454434999938], [107.63309479100008, -7.01342963999997], [107.63309479100008, -7.014385698999945], [107.63274383600009, -7.015223975999959], [107.63293809900006, -7.01635019899993], [107.63358152300003, -7.016132833999961], [107.63587686200009, -7.016206650999948], [107.63765607600004, -7.016219414999966], [107.64001211600004, -7.015834881999979], [107.64134216500008, -7.013741013999947], [107.64182281600006, -7.013977524999973], [107.64261714400004, -7.014580051999928], [107.64223235800006, -7.016179726999951], [107.64243316800008, -7.016005513999971], [107.64295959600008, -7.016355035999936], [107.64315033200006, -7.016479011999934], [107.64220428600004, -7.017560002999971], [107.64212799300009, -7.018061634999981], [107.64208984600003, -7.018277639999951], [107.64292145000007, -7.01839208399997], [107.64340210000006, -7.01838922099995], [107.64402008100006, -7.019204612999943], [107.64268249300005, -7.019638819999955], [107.64129884200008, -7.020489088999966], [107.64066214900004, -7.021230019999962], [107.64071212800008, -7.022262595999962], [107.64151651000009, -7.022429332999934], [107.64151001200008, -7.022463320999975], [107.64300463800004, -7.022737793999966], [107.64484293000004, -7.022521580999978], [107.64574787900006, -7.022310577999974], [107.64545440800003, -7.021962640999959], [107.64450073600005, -7.021609779999949], [107.64450073600005, -7.021416183999975], [107.64449310400005, -7.020773409999947], [107.64545440800003, -7.020767685999942], [107.64640808300004, -7.021359919999952], [107.64722443000005, -7.021816009999952], [107.64737701700005, -7.02242946399997], [107.64690399200003, -7.0232686959999455], [107.64678461700004, -7.023468396999931], [107.64654541200008, -7.0238685569999575], [107.64643859900008, -7.024999136999952], [107.64680496100004, -7.025345664999975], [107.64804043600009, -7.025154536999935], [107.64956329000006, -7.024726232999967], [107.65080753400008, -7.023195060999967], [107.65251751300008, -7.023172809999949], [107.65324401900006, -7.023710725999933], [107.65441071100008, -7.024053023999954], [107.65435381400005, -7.024540477999949], [107.65444185100006, -7.024539983999944], [107.65493011700005, -7.025732038999934], [107.65482330400005, -7.028002736999952], [107.65447235200008, -7.02943897199998], [107.65447998200005, -7.030753609999977], [107.65457916300005, -7.031496521999941], [107.65460968000008, -7.031708713999933], [107.65556335600007, -7.031822201999944], [107.65646362200005, -7.031928891999939], [107.65646361900008, -7.031928930999925], [107.65641021800008, -7.033609389999981], [107.65641784700006, -7.0342073429999346], [107.65649032600004, -7.034413810999979], [107.65649003600004, -7.034423689999926], [107.65648269700006, -7.034672733999969], [107.65769195600006, -7.034357545999967], [107.65876678500007, -7.033348699999976], [107.65876770000006, -7.03334784499998], [107.65877510000007, -7.033032219999939], [107.65897369500004, -7.033288474999949], [107.65993499900009, -7.033641811999928], [107.66030121000006, -7.0342373809999685], [107.66053772100008, -7.03459453399995], [107.66053772100008, -7.034887549999951], [107.65970611800009, -7.035077567999963], [107.65951538100006, -7.035660743999927], [107.65946960600007, -7.0357961629999295], [107.66019439800004, -7.036509034999938], [107.66090393200005, -7.03578805799998], [107.66115570100004, -7.035189626999966], [107.66126251200006, -7.034949298999948], [107.66161346400008, -7.034468647999972], [107.66196441800008, -7.033849952999958], [107.66160583500005, -7.032914637999966], [107.66112518500006, -7.032558915999971], [107.66100311400004, -7.031961916999933], [107.66099548500006, -7.031244752999953], [107.66075897400003, -7.030648226999972], [107.66065985900008, -7.02979695199997], [107.66065979000007, -7.0297963599999775], [107.66110992400007, -7.029570577999948], [107.66171264700006, -7.029925822999928], [107.66217811600006, -7.03000071699995], [107.66242981100004, -7.030041215999972], [107.66267395000006, -7.0311155299999655], [107.66339111400004, -7.031111714999952], [107.66387176600006, -7.031228536999947], [107.66410827700008, -7.031346318999965], [107.66471099900008, -7.032299516999956], [107.66520691100004, -7.034209249999947], [107.66591644400006, -7.033010003999948], [107.66531891600005, -7.035206136999932], [107.66674659200004, -7.036633814999959], [107.66734145800007, -7.037228677999963], [107.66900708100007, -7.034730245999981], [107.66972091800005, -7.033064620999937], [107.66912605400006, -7.031636945999935], [107.66769837600003, -7.03151797299995], [107.66732538100007, -7.030771978999951], [107.66781734900007, -7.030685161999941], [107.66914097400007, -7.029626261999965], [107.66906004100008, -7.0303720039999575], [107.67031603700008, -7.03030506999994], [107.67163014900007, -7.029938945999959], [107.67163424900008, -7.030656179999937], [107.67122230200005, -7.03185396899994], [107.67122674600006, -7.03263097699994], [107.67201097600008, -7.033762162999949], [107.67229608900004, -7.031309893999946], [107.67252821200009, -7.0300533639999685], [107.67378762500005, -7.030584116999933], [107.67330115700008, -7.029212143999928], [107.67263761100008, -7.028259584999944], [107.67173306100005, -7.027009536999969], [107.67041778900006, -7.025094506999949], [107.67137146000005, -7.02496909599995], [107.67184448200004, -7.024368760999948], [107.67232513500005, -7.023529527999926], [107.67256164600008, -7.023169515999939], [107.67327880900007, -7.023165219999953], [107.67334474200004, -7.023681349999947], [107.67340088000009, -7.024120804999939], [107.67364502000004, -7.0247173279999515], [107.67400360300007, -7.02519321099993], [107.67424774300008, -7.025909419999948], [107.67456506300005, -7.026015838999967], [107.67473602500007, -7.026982306999969], [107.67473602500007, -7.027419562999967], [107.67473602500007, -7.02769946899997], [107.67486572300004, -7.028894421999951], [107.67523193400007, -7.030446051999945], [107.67666626000005, -7.03007936299997], [107.67749786400009, -7.029118534999952], [107.67934520700004, -7.0294764579999764], [107.67993214900008, -7.027500644999975], [107.68106950500004, -7.027613676999977], [107.68137754100007, -7.029165969999951], [107.68221406000004, -7.028981865999981], [107.68239593600003, -7.027416702999972], [107.68299865800009, -7.027771947999952], [107.68431091300005, -7.027405736999981], [107.68432829200009, -7.027250683999966], [107.68526458800005, -7.026922225999954], [107.68584936200006, -7.025490669999954], [107.68585205200009, -7.0254840819999345], [107.68621063300009, -7.024884697999937], [107.68704986700004, -7.0248794519999365], [107.68723011000009, -7.02532436599995], [107.68777465800008, -7.0266685439999605], [107.68814086900005, -7.027383799999939], [107.68898010300006, -7.028215880999937], [107.68849530600005, -7.0288860769999815], [107.68718053900005, -7.029132704999938], [107.68730912400008, -7.030686016999937], [107.68803149000007, -7.031458892999979], [107.68862973900008, -7.031455456999936], [107.68904404100005, -7.030676053999969], [107.68957936700008, -7.030135040999937], [107.68981219500006, -7.028303295999933], [107.69005584700005, -7.028328894999959], [107.69089508300004, -7.028922075999958], [107.69113922200006, -7.02963781099993], [107.69174194500005, -7.030231950999962], [107.69234466700004, -7.030826566999963], [107.69294739000009, -7.0314207049999595], [107.69367218000008, -7.032492158999958], [107.69415283400008, -7.033326145999979], [107.69439697300004, -7.03440093599994], [107.69478607200006, -7.034719304999953], [107.69478611600005, -7.034719582999969], [107.69488525400004, -7.03535270499998], [107.69488514400007, -7.035353508999947], [107.69477844400006, -7.036135669999965], [107.69477833900004, -7.036136842999952], [107.69471343900005, -7.036866218999933], [107.69339104700003, -7.037524704999953], [107.69304002300004, -7.038901453999927], [107.69268865700008, -7.0402184369999645], [107.69323295200007, -7.041231401999937], [107.69406602800007, -7.04044958399993], [107.69466014400007, -7.039728909999951], [107.69612503200005, -7.039770124999961], [107.69622802800006, -7.040367122999953], [107.69683075000006, -7.040842054999928], [107.69717369500006, -7.040982223999947], [107.69827270500008, -7.041431422999949], [107.69874572900005, -7.040591714999948], [107.69909668100007, -7.039992329999961], [107.69921875200004, -7.040349957999979], [107.69970703100006, -7.041303631999938], [107.70000000000005, -7.041544769999973], [107.70009839000005, -7.041625752999948], [107.70114898700007, -7.04249047899998], [107.70162964100007, -7.0436830509999595], [107.70294952400008, -7.044153687999938], [107.70357513400006, -7.043962952999948], [107.70403289800004, -7.044864654999969], [107.70522689800003, -7.04592370499995], [107.70500183200005, -7.046772001999955], [107.70489502000004, -7.047444103999965], [107.70513153200005, -7.048205373999963], [107.70585632400008, -7.049396988999945], [107.70628921200006, -7.049448717999951], [107.70540785400004, -7.05088500599993], [107.70418838300009, -7.052907547999951], [107.70468902600004, -7.055141444999947], [107.70458603100008, -7.056289431999971], [107.70458637900003, -7.056290738999962], [107.70494842600004, -7.0576500849999775], [107.70626831100009, -7.058718677999934], [107.70758819900004, -7.058830258999933], [107.70779393800007, -7.0593093179999755], [107.70794677700007, -7.059665198999937], [107.70770741800004, -7.061170757999946], [107.70723575300008, -7.0623688979999315], [107.70724444800004, -7.063863098999946], [107.70706879200009, -7.064521591999949], [107.70587501100005, -7.0650066849999575], [107.70563952300006, -7.065665524999929], [107.70552508400004, -7.066562740999927], [107.70510941300006, -7.067103086999964], [107.70588996900005, -7.067576712999937], [107.70550537300005, -7.0686466679999285], [107.70573425500004, -7.069480415999976], [107.70574188200004, -7.070675369999947], [107.70526123200005, -7.070559021999941], [107.70441436900006, -7.068890091999947], [107.70417785600006, -7.069130893999954], [107.70394897500006, -7.0700583439999605], [107.70405578800006, -7.070532079999964], [107.70371246400003, -7.071763035999936], [107.70347595300007, -7.072953935999976], [107.70351791700006, -7.073818918999962], [107.70312500000006, -7.074157234999973], [107.70288848900009, -7.07439803799997], [107.70229339800005, -7.075118538999959], [107.70206451600006, -7.076195712999947], [107.70182800300006, -7.076795097999934], [107.70134735100004, -7.07703685599995], [107.70063018800005, -7.076921459999937], [107.70015716600005, -7.077641483999969], [107.70015716600005, -7.0785975419999545], [107.70016479500003, -7.079735753999955], [107.70053100600006, -7.080388543999959], [107.70077514600007, -7.081099029999962], [107.70078277600004, -7.082299707999937], [107.70054626500007, -7.083257673999981], [107.70007324200009, -7.084336276999977], [107.70000000000005, -7.084483586999966], [107.69984054600008, -7.084804292999934], [107.69984097000008, -7.084806909999941], [107.69995117400003, -7.085486170999957], [107.69995103100007, -7.08548656399995], [107.69937133900004, -7.08708953699994], [107.69889831500006, -7.087331293999966], [107.69769287200006, -7.086860176999949], [107.69697570800008, -7.086505884999951], [107.69625854800006, -7.0867490779999684], [107.69577789400006, -7.0861539809999385], [107.69552612500007, -7.084663862999946], [107.69552612500007, -7.083525657999928], [107.69599914700007, -7.083164212999975], [107.69647979700005, -7.083161830999927], [107.69647979700005, -7.082975862999945], [107.69647216800007, -7.082444185999975], [107.69586944600007, -7.081850050999947], [107.69563293600004, -7.08173179399995], [107.69562532800006, -7.081253983999943], [107.69562530500008, -7.081252569999947], [107.69657898100007, -7.080531118999943], [107.69678832800008, -7.080171886999949], [107.69634247000005, -7.080054278999967], [107.69586181700004, -7.079050300999938], [107.69588306400004, -7.078859119999947], [107.69596839000008, -7.078091376999964], [107.69596863000004, -7.078089234999936], [107.69596102100007, -7.07647032899996], [107.69596100100006, -7.0764656059999425], [107.69619751200008, -7.075990674999957], [107.69667053300009, -7.074912067999946], [107.69690704500005, -7.074313160999964], [107.69701385800005, -7.073471065999968], [107.69654083300009, -7.073119635999944], [107.69630432100007, -7.074077600999942], [107.69606781000005, -7.074915406999935], [107.69523620600006, -7.075518129999978], [107.69439697300004, -7.075642584999969], [107.69355774000007, -7.074810501999934], [107.69307708900004, -7.074574466999934], [107.69271087700008, -7.07373952699993], [107.69260406500007, -7.073251482999979], [107.69294739000009, -7.073020930999974], [107.69414520500004, -7.072774883999955], [107.69474029500009, -7.07253265099996], [107.69532775900007, -7.07097482599994], [107.69578933800005, -7.069752691999952], [107.69532013000008, -7.068823336999969], [107.69448089700006, -7.069067476999976], [107.69352722200006, -7.069312092999951], [107.69256591900006, -7.069437022999978], [107.69197082600004, -7.069560046999925], [107.69161224500004, -7.0698013269999365], [107.69137573400008, -7.070041653999965], [107.69089508300004, -7.070283411999981], [107.68981933600008, -7.070409296999969], [107.68910217400008, -7.070532797999931], [107.68875122200006, -7.070893760999979], [107.68766784800005, -7.070182796999973], [107.68670654300007, -7.069829459999937], [107.68611145000006, -7.070072169999946], [107.68551635700004, -7.070434087999956], [107.68515777800008, -7.071272846999932], [107.68467712400007, -7.071036814999957], [107.68300628700007, -7.070687767999971], [107.68252563600004, -7.070451257999935], [107.68203735400004, -7.069736956999975], [107.68168640300007, -7.070336816999941], [107.68156433100006, -7.07081556199995], [107.68096923800005, -7.070699213999944], [107.68036651600005, -7.069746492999968], [107.68012237500005, -7.06938933899994], [107.67967224200004, -7.070074316999978], [107.67954230600009, -7.069033361999971], [107.67953300200008, -7.06741958799995], [107.67970835800008, -7.066701320999925], [107.68000096200007, -7.065563983999937], [107.68095409900008, -7.064841243999979], [107.68232328300007, -7.0636379379999426], [107.68106755700006, -7.06376470999993], [107.67894137900004, -7.063885469999946], [107.67904894000009, -7.06336745699997], [107.67968937400008, -7.062110367999935], [107.68090423300004, -7.060800024999935], [107.68016619200006, -7.05964781299997], [107.67918580400004, -7.059326685999963], [107.67781353600009, -7.05951635699995], [107.67551706200004, -7.059557328999972], [107.67441823400009, -7.060696441999937], [107.67366462800004, -7.061723314999938], [107.67400288700009, -7.062585939999963], [107.67566385200007, -7.063113920999967], [107.67571100400005, -7.06454794299998], [107.67484463800008, -7.065287274999946], [107.67397663000008, -7.066255984999941], [107.67430873100005, -7.06797877799994], [107.67516894900007, -7.068099614999937], [107.67555397300004, -7.06766992699994], [107.67673201000008, -7.069348377999972], [107.67673889700006, -7.070543768999926], [107.67674819500007, -7.072157544999925], [107.67699509500005, -7.07347109899996], [107.67860412700009, -7.074299332999942], [107.67860412700009, -7.075614449999932], [107.67909050100008, -7.076843536999945], [107.67836761600006, -7.076810830999932], [107.67777252300004, -7.076097009999955], [107.67753601200008, -7.076330896999934], [107.67753601200008, -7.076885220999941], [107.67753539000006, -7.076886611999953], [107.67729950200004, -7.0774149869999405], [107.67706298900004, -7.077774998999928], [107.67622375700006, -7.0780186609999305], [107.67598724400005, -7.078378673999964], [107.67539215100004, -7.078979965999963], [107.67443847800007, -7.079702850999979], [107.67409897000005, -7.080397841999968], [107.67409902800006, -7.080398351999975], [107.67420959600008, -7.081377505999967], [107.67433166500007, -7.082094189999964], [107.67433929400005, -7.082635875999927], [107.67433859500005, -7.082636921999949], [107.67398071500008, -7.083171840999967], [107.67374420500005, -7.084249493999948], [107.67362976200008, -7.084488867999937], [107.67351532300006, -7.0852069819999315], [107.67340088000009, -7.086283679999951], [107.67292785800004, -7.086884019999957], [107.67244720500008, -7.087364670999932], [107.67208862400008, -7.087247367999964], [107.67148590200009, -7.086413857999958], [107.67112732000004, -7.085937973999933], [107.67076873800005, -7.086537835999934], [107.67065429900003, -7.087016578999965], [107.67005157700004, -7.087019917999953], [107.66933441200007, -7.086784838999961], [107.66915874100005, -7.087503193999964], [107.66915867700004, -7.087503193999964], [107.66838073800005, -7.087507723999977], [107.66790771500007, -7.087869163999926], [107.66742706400004, -7.088350294999941], [107.66683197000003, -7.089190482999925], [107.66648101800007, -7.090148446999933], [107.66600036600005, -7.090390678999938], [107.66493225100004, -7.0907554599999685], [107.66433715900007, -7.091475959999968], [107.66361999700007, -7.092197416999966], [107.66302490400005, -7.0926790199999346], [107.66267395000006, -7.093517777999978], [107.66256714100007, -7.093930717999967], [107.66256860500005, -7.09393093999995], [107.66374969500004, -7.094109054999933], [107.66542816400005, -7.093860623999944], [107.66638183700007, -7.093377110999938], [107.66709900100005, -7.093014236999977], [107.66734314100006, -7.094327924999959], [107.66830444500005, -7.094441888999938], [107.66888046300005, -7.094786878999969], [107.66866302500006, -7.095396039999969], [107.66806793200004, -7.095757957999979], [107.66783142100007, -7.096237655999971], [107.66712188800005, -7.096839423999938], [107.66652679500004, -7.097559926999963], [107.66629028400007, -7.098159309999971], [107.66593170200008, -7.098639483999932], [107.66461944700006, -7.098886012999969], [107.66426086400008, -7.0998444539999355], [107.66416566700008, -7.099999999999966], [107.66387179200007, -7.100480173999927], [107.66377815100009, -7.100633173999938], [107.66367340200009, -7.100804326999935], [107.66283416900006, -7.101406568999948], [107.66273498600003, -7.101824995999948], [107.66332245000007, -7.102240557999949], [107.66391754400007, -7.101998326999933], [107.66402774200009, -7.10242922599997], [107.66416168400008, -7.102952954999978], [107.66440582400008, -7.104147430999944], [107.66536712800007, -7.104858872999955], [107.66614517200009, -7.104951111999981], [107.66632843000008, -7.104972835999945], [107.66788482800007, -7.104964251999945], [107.66835785000006, -7.104124543999944], [107.66847229200005, -7.103406424999946], [107.66978454600007, -7.1029210069999635], [107.67049408200006, -7.10172128399995], [107.67061615000006, -7.101003164999952], [107.67132568600005, -7.100162503999968], [107.67148722300004, -7.099999999999966], [107.67204284800005, -7.0994410489999495], [107.67251527600007, -7.098306649999927], [107.67251587000004, -7.098305221999965], [107.67251205600007, -7.097639473999948], [107.67251205600007, -7.097639433999973], [107.67298126200006, -7.096925257999942], [107.67393493700007, -7.0966806379999525], [107.67465210200004, -7.096078870999975], [107.67488861300006, -7.095240589999946], [107.67523956500008, -7.0945215219999795], [107.67619323900004, -7.094634765999956], [107.67608642800008, -7.095472809999933], [107.67598342900004, -7.096017356999937], [107.67645264000004, -7.096666334999952], [107.67776489400006, -7.0961804359999405], [107.67859649800005, -7.0955777149999335], [107.67919159100006, -7.094976900999939], [107.67990875200007, -7.094255444999931], [107.68098449700005, -7.094129558999953], [107.68218231300006, -7.0937638249999395], [107.68253326500007, -7.092327592999936], [107.68276214700006, -7.091250418999948], [107.68336486900006, -7.09124707899997], [107.68348693800004, -7.091724393999925], [107.68431854300007, -7.09183883399993], [107.68479156600006, -7.089804169999979], [107.68562317000004, -7.089082238999936], [107.68669128500005, -7.088177679999944], [107.68669128500005, -7.087521550999952], [107.68596649200003, -7.086450099999979], [107.68582114700007, -7.086277958999972], [107.68536377000004, -7.085736271999963], [107.68464660700005, -7.08526229499995], [107.68415832500006, -7.084547992999944], [107.68415069600007, -7.083113191999928], [107.68408799500008, -7.082598770999937], [107.68408798000007, -7.082598645999951], [107.68410179600005, -7.082590145999973], [107.68410492400005, -7.082588249999958], [107.68462371900006, -7.082273954999948], [107.68486023100007, -7.0809574099999395], [107.68497467100008, -7.080478665999976], [107.68598938100007, -7.080147739999973], [107.68605041800004, -7.0799941999999305], [107.68700409000007, -7.079510685999935], [107.68772125300006, -7.079506393999964], [107.68844604500003, -7.080578325999966], [107.68868255600006, -7.0805768939999325], [107.68916321000006, -7.080335136999963], [107.68952179000007, -7.079974171999936], [107.68975067100007, -7.079375263999964], [107.69010925500004, -7.078655716999947], [107.69082641700004, -7.07877111199997], [107.69154357900004, -7.078767296999956], [107.69156675200009, -7.078609831999927], [107.69157155500005, -7.078577197999948], [107.69203186200008, -7.079481598999962], [107.69251251300005, -7.080076691999977], [107.69287109600003, -7.0807914699999515], [107.69299316400009, -7.081269259999942], [107.69335937500006, -7.081386562999967], [107.69407654000008, -7.081980223999949], [107.69444275200004, -7.082693574999951], [107.69444275200004, -7.082695482999952], [107.69444275200004, -7.083412642999974], [107.69361114600008, -7.083775995999929], [107.69301605300006, -7.0846161839999695], [107.69265747200006, -7.085335251999936], [107.69243240500003, -7.0862693759999615], [107.69243315800009, -7.086274095999954], [107.69255065900006, -7.087009905999935], [107.69315338100006, -7.087604042999942], [107.69339752400003, -7.08820008999993], [107.69351959200009, -7.089264627999967], [107.69352722200006, -7.090231415999938], [107.69305419900007, -7.09095143899998], [107.69233703800006, -7.091314314999977], [107.69234466700004, -7.092097040999931], [107.69246673600009, -7.092748162999953], [107.69205313200007, -7.09316802799998], [107.69196390100007, -7.094209040999942], [107.69259643600009, -7.094899176999945], [107.69384641900007, -7.095449993999978], [107.69413515800005, -7.095577229999947], [107.69481925500008, -7.096320812999977], [107.69471308200008, -7.097571031999962], [107.69532013000008, -7.097885129999952], [107.69548797600004, -7.098790641999926], [107.69538116600006, -7.099903580999978], [107.69538116600006, -7.099999999999966], [107.69538116600006, -7.100860113999943], [107.69538117200005, -7.100861069999951], [107.69538879500004, -7.101644991999933], [107.69599151700004, -7.102769369999976], [107.69644165200003, -7.103215929999976], [107.69612121700004, -7.1037249549999615], [107.69420623800005, -7.103616235999937], [107.69361114600008, -7.104097838999962], [107.69313049300007, -7.104339595999932], [107.69157409900004, -7.1041097619999505], [107.69037628300003, -7.104355808999969], [107.68942260800009, -7.105197902999976], [107.68846893300008, -7.10580158099998], [107.68739318800004, -7.105807776999939], [107.68656158500005, -7.106290810999951], [107.68620842300004, -7.1067637319999335], [107.68620300400005, -7.106770987999937], [107.68524933000003, -7.106895921999978], [107.68467712400007, -7.107819076999931], [107.68537902900005, -7.10856866499995], [107.68669128500005, -7.108322140999974], [107.68776703000009, -7.107957362999969], [107.68811798200005, -7.108642574999976], [107.68791198900004, -7.109339235999926], [107.68791357000003, -7.10934001499993], [107.68817526000004, -7.1094692159999795], [107.68817791900005, -7.109470527999974], [107.68897247400008, -7.1098627999999735], [107.68956756600005, -7.109022614999958], [107.68991851900006, -7.108064173999935], [107.69027710000006, -7.107583997999939], [107.69098281500004, -7.1076975339999535], [107.69087982200006, -7.108656405999966], [107.69052887200007, -7.1097345339999265], [107.69053650000006, -7.110929485999975], [107.69029999000009, -7.112126345999968], [107.69030761900007, -7.113202090999948], [107.69007110800004, -7.113920686999961], [107.68900299400008, -7.114524837999966], [107.68889618000009, -7.114942069999927], [107.68889659800004, -7.114942105999944], [107.68960571400004, -7.114999291999936], [107.69103241000005, -7.11355685999996], [107.69126129200004, -7.111642834999941], [107.69184875600007, -7.110802647999947], [107.69208526700004, -7.109844682999949], [107.69243621800007, -7.108886239999947], [107.69303131200007, -7.108285423999973], [107.69327545200008, -7.108283994999965], [107.69364166300005, -7.109835620999945], [107.69412231400008, -7.110430716999929], [107.69483947900005, -7.109589572999937], [107.69543457200007, -7.109705921999932], [107.69580078400008, -7.110540385999968], [107.69604492400003, -7.111734389999981], [107.69640350500003, -7.1127846219999356], [107.69640352000005, -7.1127859039999635], [107.69641113500006, -7.11337804599998], [107.69651396800003, -7.113808197999958], [107.69651794500004, -7.11382483999995], [107.69510650600006, -7.114250177999963], [107.69415283400008, -7.114973063999969], [107.69393539600009, -7.115412945999935], [107.69393578800003, -7.115413283999942], [107.69439697300004, -7.115808483999956], [107.69499206600005, -7.116044040999952], [107.69522857700008, -7.1169664819999525], [107.69522865200008, -7.116969595999933], [107.69524383500004, -7.11759662299994], [107.69464874300007, -7.118197915999929], [107.69357299900008, -7.118084428999964], [107.69253488400005, -7.11757535199996], [107.69188690300007, -7.117257593999966], [107.69069671700004, -7.11810111799997], [107.68985748400007, -7.118225570999925], [107.68842315800003, -7.118473048999931], [107.68747711300006, -7.119315621999931], [107.68687439000007, -7.119318957999951], [107.68579864500003, -7.119922635999956], [107.68574196700007, -7.120154660999958], [107.68474669800008, -7.120947242999932], [107.68353317200007, -7.121756259999927], [107.68236723600006, -7.12223215299997], [107.68146304300006, -7.122827017999953], [107.68080139200003, -7.124016281999957], [107.68080139200003, -7.12455558399995], [107.68128204400006, -7.124969956999962], [107.68122947300009, -7.124999998999954], [107.68086817600005, -7.125206477999939], [107.68008295500005, -7.125206477999939], [107.67901219700008, -7.1261106739999605], [107.67946429600005, -7.126538975999949], [107.68069458100007, -7.126646993999941], [107.68127008100004, -7.1263975009999285], [107.68172478200006, -7.126562773999979], [107.68281933500003, -7.1268958949999615], [107.68384250200006, -7.127324200999965], [107.68465152000005, -7.127157635999936], [107.68497445400004, -7.126270973999965], [107.68535614000007, -7.126141544999939], [107.68616867100008, -7.1263682799999515], [107.68596649200003, -7.127094266999961], [107.68548584100006, -7.12757539699993], [107.68476867800007, -7.12805747799996], [107.68465423600009, -7.128536697999948], [107.68453979500003, -7.1288957569999525], [107.68382263200004, -7.129258629999981], [107.68344114000007, -7.129043599999932], [107.68341064700007, -7.129026408999948], [107.68274688900004, -7.12974309699996], [107.68238830700005, -7.129984375999925], [107.68215179600008, -7.1307029689999695], [107.68192509300007, -7.1299314229999595], [107.68106842000009, -7.129274365999947], [107.68030548100006, -7.129695173999949], [107.68070220600003, -7.1299853639999355], [107.68048095800003, -7.131669039999963], [107.67996813900004, -7.132114227999978], [107.68073272700008, -7.132743356999981], [107.68025207600004, -7.133461472999954], [107.68025231600006, -7.133463022999933], [107.68038177500006, -7.134299275999979], [107.68157959000007, -7.1346511819999705], [107.68361663900004, -7.134878155999957], [107.68444824200009, -7.134753702999944], [107.68468857000005, -7.1346921889999635], [107.68452453600008, -7.1360011079999595], [107.68436432000004, -7.138929839999946], [107.68436473100007, -7.138931829999933], [107.68475341800007, -7.140812395999944], [107.68635559200004, -7.141759390999937], [107.68929290800008, -7.141913889999955], [107.69049835300007, -7.142056464999939], [107.69234691400004, -7.14161147599998], [107.69234848100007, -7.141611095999963], [107.69197845500008, -7.140864369999974], [107.69092941400004, -7.140146966999964], [107.69186401400009, -7.138057705999927], [107.69307708900004, -7.1364631629999735], [107.69374084500004, -7.137670514999968], [107.69414520500004, -7.137819444999934], [107.69417556300004, -7.13783048199997], [107.69561004700006, -7.13835191499993], [107.69681110700009, -7.138469374999943], [107.69661826600009, -7.139270805999956], [107.69599365500005, -7.139716952999947], [107.69522033200008, -7.14022259099994], [107.69523716200007, -7.140413340999942], [107.69530956100004, -7.1412338639999575], [107.69679672300003, -7.142126159999975], [107.69742133100004, -7.141501550999976], [107.69759979100007, -7.139716952999947], [107.69761035900007, -7.139703552999947], [107.69860792800006, -7.138438349999944], [107.69908905100004, -7.138510222999969], [107.69950978400004, -7.139207443999965], [107.69962233300004, -7.141323092999926], [107.70000000000005, -7.142057443999931], [107.70015771200008, -7.142364105999945], [107.70025634900009, -7.1432332959999485], [107.70026690100008, -7.143239125999969], [107.70043182500007, -7.143330253999977], [107.70000000000005, -7.143373150999935], [107.69918060300006, -7.143454547999966], [107.69877624600008, -7.144787783999959], [107.69795990000006, -7.145717141999967], [107.69769881400003, -7.146992044999934], [107.69769287200006, -7.147021052999946], [107.69834899900007, -7.147857664999947], [107.69955444400006, -7.148133752999968], [107.70000000000005, -7.147474350999971], [107.70036316000005, -7.146936890999939], [107.70103454800005, -7.146140098999979], [107.70196151800008, -7.146675821999963], [107.70221710200008, -7.148098941999933], [107.70316314800004, -7.148560521999968], [107.70409393300008, -7.14843368399994], [107.70516204800003, -7.149643416999936], [107.70555877800007, -7.149646279999956], [107.70555649000005, -7.148672405999946], [107.70555496400004, -7.148023125999941], [107.70410919200003, -7.146563051999976], [107.70359420900007, -7.145998476999978], [107.70375011200008, -7.145691967999937], [107.70398712300005, -7.145225997999944], [107.70465850900007, -7.144829748999939], [107.70463648300006, -7.144648123999957], [107.70452880900007, -7.143760200999964], [107.70451736500007, -7.14294480999996], [107.70347595300007, -7.1421494439999265], [107.70212975900006, -7.141016573999934], [107.70212936500008, -7.141016241999978], [107.70175582300004, -7.139193789999979], [107.70175552500007, -7.139192340999955], [107.70082874500008, -7.138212163999981], [107.70082869600009, -7.138212112999952], [107.70083618200005, -7.136518953999939], [107.70164489800004, -7.136257168999975], [107.70283508600005, -7.13773536399998], [107.70469124900006, -7.137291809999965], [107.70469284100005, -7.137291427999969], [107.70392608800006, -7.135204791999968], [107.70246887400003, -7.133457179999937], [107.70220573100005, -7.132649876999949], [107.70220571300007, -7.1326498229999515], [107.70224758000006, -7.132608608999931], [107.70254617000006, -7.13231623799993], [107.70274353100007, -7.132122989999971], [107.70318138700009, -7.131266209999978], [107.70355987500005, -7.13052558499993], [107.70516204800003, -7.130270001999975], [107.70624542400009, -7.128808019999951], [107.70678711100004, -7.127342220999935], [107.70665751000007, -7.1261319929999445], [107.70665741000005, -7.126131053999927], [107.70560455300006, -7.125195977999965], [107.70546722600005, -7.1250634169999785], [107.70549331600006, -7.124999996999975], [107.70581054700006, -7.124228951999953], [107.70693078200009, -7.124999996999975], [107.70701599200004, -7.125058646999946], [107.70715022400009, -7.124999996999975], [107.70767202700006, -7.1247720079999795], [107.70784759600008, -7.124695297999949], [107.70808410700005, -7.123857018999956], [107.70807741500005, -7.123479044999954], [107.70806503700004, -7.122780072999944], [107.70806503600005, -7.122780013999943], [107.70700073400008, -7.122668263999969], [107.70580291800007, -7.122674938999978], [107.70532226700004, -7.122080322999977], [107.70388031000005, -7.121849533999978], [107.70363633100004, -7.120655370999941], [107.70363616900005, -7.12065458099994], [107.70435333500006, -7.11993408099994], [107.70494842600004, -7.119691846999956], [107.70534961300007, -7.119488850999971], [107.70606666800006, -7.11968613099998], [107.70680430100003, -7.1202334039999755], [107.70770849700006, -7.121256571999936], [107.70830336100005, -7.120709297999952], [107.70792264900007, -7.119995458999938], [107.70701845200006, -7.11942438799997], [107.70675671300006, -7.1186867539999525], [107.70704224800005, -7.1182346569999595], [107.70768470200005, -7.117473229999973], [107.70816040000005, -7.116445062999958], [107.70875549400006, -7.116322038999954], [107.70959472800007, -7.115719791999936], [107.70968628000008, -7.115227696999966], [107.70968465700008, -7.115226600999961], [107.70910039500006, -7.114832509999928], [107.70909881700004, -7.114831443999947], [107.70898437600005, -7.113810536999949], [107.70896530400006, -7.112836596999955], [107.70894898700004, -7.1128088589999265], [107.70826752000005, -7.1116502679999485], [107.70826721300006, -7.11164974899998], [107.70896911800008, -7.1110610929999325], [107.70980072200007, -7.1109366379999415], [107.71003340900006, -7.111391081999955], [107.71003341800008, -7.111391115999936], [107.71005204600004, -7.112764267999978], [107.71005249000007, -7.11279701899997], [107.71053314500006, -7.11308431599997], [107.71112823500005, -7.11188554499995], [107.71123504800005, -7.110689158999946], [107.71122742300008, -7.110026832999949], [107.71122742300008, -7.110026793999964], [107.71063232500006, -7.109377859999938], [107.71026757900006, -7.1082876569999485], [107.71026611400004, -7.108283275999952], [107.71038055400004, -7.10698890499998], [107.71096801800007, -7.1059093449999295], [107.71192169300008, -7.104947564999975], [107.71226882900004, -7.10517763799993], [107.71228726300006, -7.105951121999965], [107.71228790500004, -7.105978008999955], [107.71245439300009, -7.106217028999936], [107.71245829500003, -7.1062226269999655], [107.71245875200009, -7.1062221489999615], [107.71276855700006, -7.105898855999953], [107.71335800400004, -7.105747662999931], [107.71479890500007, -7.1074509879999255], [107.71600154400005, -7.108460019999939], [107.71720886300005, -7.108208654999942], [107.71780395700006, -7.108260151999957], [107.71863556100004, -7.107179161999966], [107.71899414200004, -7.106460090999974], [107.71934509400006, -7.106099126999936], [107.71971130400004, -7.106097218999935], [107.72098451100004, -7.104858320999938], [107.72098541400004, -7.104857442999958], [107.71945190400004, -7.103110309999977], [107.71883773800005, -7.101166483999975], [107.71867311100004, -7.099999999999966], [107.71858978400007, -7.099409578999939], [107.71906280600007, -7.098092077999979], [107.72013092300006, -7.097129342999949], [107.72108459600008, -7.095928188999949], [107.72180176000006, -7.095446107999976], [107.72304535000006, -7.095212932999971], [107.72304566900004, -7.095213010999942], [107.72395324800004, -7.095433233999927], [107.72506332600005, -7.095388648999972], [107.72598266600005, -7.094345567999937], [107.72693634100006, -7.094100947999948], [107.72825622600004, -7.094093321999935], [107.72871391700005, -7.09368092099993], [107.72871394300006, -7.0936808979999455], [107.72812271100008, -7.091698642999972], [107.72859191900005, -7.090624804999948], [107.72906494200004, -7.089904783999941], [107.72953796500008, -7.088586804999977], [107.73061370900007, -7.0879831289999515], [107.73156738400007, -7.087379453999972], [107.73239135900008, -7.086060043999964], [107.73310852200007, -7.085577485999977], [107.73394775400004, -7.08533334599997], [107.73501586900005, -7.084609984999929], [107.73513031100003, -7.08281612199994], [107.73632049700007, -7.082211492999932], [107.73739624100006, -7.082563874999948], [107.73770904600008, -7.082784649999951], [107.73800659300008, -7.083755490999977], [107.73884582500006, -7.084109301999945], [107.73968505900007, -7.084702012999969], [107.74064636300005, -7.084696292999979], [107.74136352500005, -7.084931370999925], [107.74172210700004, -7.085287570999981], [107.74218750000006, -7.085747001999948], [107.74218752900003, -7.085747912999977], [107.74221039000008, -7.086480140999981], [107.74209594700005, -7.087198254999976], [107.74173736600005, -7.087678428999936], [107.74173736600005, -7.087867734999975], [107.74245453000009, -7.087913033999939], [107.74364471600006, -7.086710928999935], [107.74423980800009, -7.086468218999926], [107.74568176500009, -7.086818213999948], [107.74628067100008, -7.087528701999929], [107.74651336900007, -7.088204141999938], [107.74651408100004, -7.088205133999963], [107.74688720800003, -7.088723657999935], [107.74772644200004, -7.088957784999934], [107.74783325300007, -7.08906292599994], [107.74797058100006, -7.0899124139999685], [107.74773407200007, -7.0903921109999715], [107.74678039700007, -7.090397831999951], [107.74606323400008, -7.090880390999928], [107.74582672200006, -7.0912404039999615], [107.74583435300008, -7.092196461999947], [107.74559784200005, -7.093034743999965], [107.74548339900008, -7.0932745899999645], [107.74488830700005, -7.093875405999938], [107.74476623500004, -7.094584940999937], [107.74476732900007, -7.094587097999977], [107.74512728000008, -7.095298330999981], [107.74523163100008, -7.095504518999974], [107.74501800700006, -7.096146106999981], [107.74406433100006, -7.096271035999962], [107.74346923800005, -7.097350594999966], [107.74287414900004, -7.097832199999971], [107.74263763400006, -7.098789690999979], [107.74252319400006, -7.099388120999947], [107.74205247600008, -7.099999999999966], [107.74169159000007, -7.1004691109999385], [107.74026489500005, -7.101433751999934], [107.73990631200007, -7.102033614999925], [107.73991394000006, -7.102511403999927], [107.73943328900003, -7.102872846999958], [107.73896026700004, -7.103115078999963], [107.73811340300006, -7.102761267999938], [107.73692322000005, -7.102888104999977], [107.73632812600005, -7.103250024999966], [107.73561096200007, -7.103612898999927], [107.73548889300008, -7.103852745999973], [107.73526001200008, -7.104427808999958], [107.73526127000008, -7.104429145999973], [107.73561478000005, -7.104803797999978], [107.73561511600008, -7.10480494199993], [107.73586273400008, -7.1056437459999415], [107.73574066200007, -7.10612249199994], [107.73503112900005, -7.10648536399998], [107.73442840800004, -7.106488702999968], [107.73395538500006, -7.1067304599999375], [107.73395538500006, -7.107414480999978], [107.73419952600005, -7.10768556499994], [107.73489761500008, -7.108380314999977], [107.73492431600005, -7.109713076999981], [107.73432922600006, -7.109836574999974], [107.73433685400005, -7.110631463999937], [107.73481750600007, -7.110909459999959], [107.73527908400007, -7.111821645999953], [107.73527875300005, -7.1118241759999705], [107.73507690600007, -7.1133642159999795], [107.73507719600008, -7.11336427599997], [107.73523329500006, -7.113395988999969], [107.73523328700009, -7.113396020999971], [107.73506927500006, -7.11413526299998], [107.73507690400004, -7.115330689999951], [107.73497009400006, -7.116646283999955], [107.73497009400006, -7.117602344999966], [107.73497772300004, -7.118558882999935], [107.73522186300005, -7.119513508999944], [107.73546600300006, -7.120229239999958], [107.73571777500007, -7.12166213699993], [107.73512268200005, -7.12238311599998], [107.73547363500006, -7.12341356099995], [107.73547430000008, -7.12341416299995], [107.73619606500006, -7.124066414999959], [107.73654556500009, -7.124382255999933], [107.73642792300006, -7.124999996999975], [107.73633575400004, -7.125483985999949], [107.73639934600004, -7.126251424999964], [107.73646164200005, -7.127003188999936], [107.73754882900005, -7.127867217999949], [107.73850250500004, -7.126785750999943], [107.73934173800006, -7.127498144999947], [107.73947730600008, -7.127497337999955], [107.73947735400009, -7.127497337999955], [107.73947742800004, -7.127497335999976], [107.73947755000006, -7.12749733499993], [107.74053955300008, -7.12749099399997], [107.74137878500005, -7.127844805999928], [107.74269104000007, -7.127956384999948], [107.74271661100005, -7.127662442999963], [107.74271665000003, -7.127661976999946], [107.74278505000007, -7.12687568399997], [107.74280548300004, -7.1266407949999575], [107.74375915600007, -7.125559326999962], [107.74423217800006, -7.125317569999936], [107.74427558300005, -7.124999996999975], [107.74434661900005, -7.1244802449999725], [107.74420190000006, -7.123241074999953], [107.74420166100003, -7.123239036999962], [107.74373626900007, -7.12232589599995], [107.74373029100008, -7.122285298999941], [107.74359130900007, -7.121341462999965], [107.74324798900005, -7.120780943999932], [107.74279785500005, -7.1206936809999775], [107.74205017300005, -7.120549198999981], [107.74156952000004, -7.120312687999956], [107.74108886900007, -7.1195983869999395], [107.74062347600005, -7.119110342999932], [107.74132537900005, -7.1185212109999725], [107.74282455700006, -7.118858097999976], [107.74359893800005, -7.118866441999955], [107.74407196000004, -7.117907043999935], [107.74406433100006, -7.116950985999949], [107.74433136200008, -7.116628404999972], [107.74440261300003, -7.116868673999932], [107.74441147100003, -7.116898535999951], [107.74490356500007, -7.116826531999948], [107.74537658900005, -7.116225715999974], [107.74633026200007, -7.115622516999963], [107.74704742600005, -7.115140435999933], [107.74740600600006, -7.1148991529999535], [107.74871826300006, -7.11441326299996], [107.74904242300005, -7.113654104999966], [107.74904246800008, -7.1136539989999505], [107.74834442200006, -7.112622258999977], [107.74762725900007, -7.112267968999959], [107.74679565400004, -7.112989901999981], [107.74643707400008, -7.113470550999978], [107.74632263200004, -7.113829609999925], [107.74572754000008, -7.114192007999975], [107.74538421700004, -7.113935943999934], [107.74607849200004, -7.113352773999964], [107.74619293200004, -7.11216997899993], [107.74591827600005, -7.111559387999932], [107.74570465200009, -7.111083980999979], [107.74510193000003, -7.109885927999926], [107.74508667200007, -7.107621187999939], [107.74483490000006, -7.10606860799993], [107.74579620400004, -7.1061825729999555], [107.74591064700007, -7.105105874999936], [107.74650573800005, -7.104624268999942], [107.74733734500006, -7.104856257999927], [107.74771118300004, -7.106051441999966], [107.74784088100006, -7.107365604999927], [107.74748230100005, -7.107965466999929], [107.74688720800003, -7.108088490999933], [107.74700164800004, -7.108757968999953], [107.74760437000003, -7.10880136399993], [107.74892425800005, -7.109032627999966], [107.74962234900005, -7.109493990999965], [107.74977112000005, -7.110581875999969], [107.75000000100005, -7.111733239999978], [107.75005340700005, -7.112001892999956], [107.75026702900004, -7.113089082999977], [107.75016022000005, -7.113880153999958], [107.75108471900006, -7.113920815999961], [107.75108719000008, -7.113920926999981], [107.75122601000004, -7.1152445079999325], [107.75123214900009, -7.115303034999954], [107.75207519600008, -7.115110394999931], [107.75267028800005, -7.114747996999938], [107.75289917000003, -7.113193032999959], [107.75265503000008, -7.111999032999961], [107.75228119000008, -7.110686298999951], [107.75191497900005, -7.109373564999942], [107.75215149000007, -7.1078181249999375], [107.75212097400004, -7.106823203999966], [107.75211065000008, -7.106805338999948], [107.75165939600004, -7.106024500999979], [107.75201416000004, -7.105547902999945], [107.75261688200004, -7.106022353999947], [107.75333404600008, -7.106257436999954], [107.75330352900005, -7.104796882999949], [107.75248718500006, -7.10387134399997], [107.75138854900007, -7.101553197999976], [107.75113902800007, -7.099999999999966], [107.75112533800007, -7.099914783999964], [107.75054168800006, -7.099221227999976], [107.75000000100005, -7.099585715999979], [107.74982452700004, -7.099703785999964], [107.74965108700007, -7.099999999999966], [107.74947357400004, -7.100303169999961], [107.74863433900003, -7.100666996999962], [107.74825686800006, -7.099999999999966], [107.74815750500005, -7.099824424999952], [107.74861908300005, -7.098156925999945], [107.74897003200005, -7.0969591129999685], [107.74908447500007, -7.095882888999938], [107.74919891400003, -7.095045566999943], [107.74980163700008, -7.095041751999929], [107.75000000100005, -7.095040636999954], [107.75039672900004, -7.095038410999962], [107.75086975100004, -7.094318385999941], [107.75095367400007, -7.094025608999971], [107.75200050000007, -7.094799765999937], [107.75272201000007, -7.095393165999951], [107.75356282800004, -7.095926085999963], [107.75494384800004, -7.09536361399995], [107.75558154300006, -7.096523119999972], [107.75564575500005, -7.096639868999944], [107.75568316400006, -7.098273049999932], [107.75568390000007, -7.098305221999965], [107.75651550400005, -7.0982294069999625], [107.75735473700007, -7.097387789999971], [107.75806427100008, -7.097024914999963], [107.75840760400007, -7.097022596999977], [107.75840761000006, -7.097022632999938], [107.75867462400004, -7.098694800999965], [107.75820160000006, -7.099893089999966], [107.75822252300009, -7.099999999999966], [107.75857544000007, -7.101803299999972], [107.75846100100006, -7.102282043999935], [107.75798034700006, -7.102284904999976], [107.75749969500004, -7.102766033999956], [107.75738525500009, -7.10336446499997], [107.75739288600005, -7.104265209999937], [107.75846863000004, -7.103836057999956], [107.75902938900003, -7.1041712739999525], [107.75871277000005, -7.10526895299995], [107.75835418700007, -7.1051516509999715], [107.75756573500007, -7.104986971999949], [107.75709564300007, -7.106424194999931], [107.75656678600006, -7.108041064999952], [107.75591577100005, -7.109240290999935], [107.75592397000008, -7.110614896999948], [107.75693718500008, -7.109951421999938], [107.75740727800007, -7.108514201999981], [107.75770001300003, -7.10743664499995], [107.75847244400006, -7.105970140999943], [107.75847398900004, -7.105972003999966], [107.75907898000008, -7.106701371999975], [107.75939178600004, -7.1068017449999275], [107.75872802800006, -7.107540128999972], [107.75885772800007, -7.108734604999938], [107.75857544000007, -7.108904835999965], [107.75825500700006, -7.109097000999952], [107.75814056700005, -7.109336372999962], [107.75814056700005, -7.1099152539999295], [107.75846804100007, -7.110252849999938], [107.75848007300004, -7.110265252999966], [107.75851440400004, -7.111844536999968], [107.75839996300004, -7.112801549999972], [107.75828552200005, -7.113160609999966], [107.75804901200007, -7.113640303999944], [107.75781250000006, -7.114837167999951], [107.75793457200007, -7.115434168999968], [107.75828171000006, -7.116223571999967], [107.75960159600004, -7.116023782999946], [107.76022339000008, -7.117691515999979], [107.76045990000006, -7.118615147999947], [107.76104355000007, -7.118984695999927], [107.76104359600004, -7.118985675999966], [107.76107760900004, -7.119692832999931], [107.76107788100006, -7.119698520999975], [107.76167297500007, -7.120193001999951], [107.76227569700006, -7.120189663999952], [107.76275634900009, -7.120425698999952], [107.76347351200008, -7.1203017199999294], [107.76414831000005, -7.119426533999956], [107.76414871200006, -7.1194260089999375], [107.76346588100006, -7.118748185999948], [107.76249694800003, -7.117438789999937], [107.76189166000006, -7.116827077999972], [107.76189041200007, -7.116825817999938], [107.76177215800004, -7.116008754999939], [107.76200104000009, -7.11493158199994], [107.76197434300008, -7.114199371999973], [107.76197434100004, -7.114199264999968], [107.76114871300007, -7.113706210999965], [107.76114654700007, -7.11370491699995], [107.76067352400008, -7.11242914099995], [107.76066589500005, -7.111797328999955], [107.76139068800006, -7.111947058999931], [107.76259613200006, -7.113613126999951], [107.76319122300004, -7.113251206999962], [107.76390050300006, -7.113735012999939], [107.76372709100008, -7.114752089999968], [107.76331041400005, -7.1151131829999485], [107.76271173900005, -7.1150569889999815], [107.76265548400005, -7.115654997999968], [107.76319718800005, -7.116189667999947], [107.76379336200006, -7.115827501999945], [107.76439490300004, -7.116361816999927], [107.76504840000007, -7.115580936999947], [107.76534290400008, -7.114802205999979], [107.76509713800004, -7.113727862999951], [107.76431252800006, -7.112596973999928], [107.76425170900006, -7.110734460999936], [107.76520538400007, -7.1106090519999725], [107.76519775400004, -7.10893582999995], [107.76507568400007, -7.107980248999979], [107.76567077600004, -7.107498643999975], [107.76659774800004, -7.107493158999944], [107.76663208200006, -7.108210085999929], [107.76651764000007, -7.108808514999964], [107.76651764000007, -7.110003946999939], [107.76687622300005, -7.110935685999948], [107.76725006200007, -7.1113142969999785], [107.76808929400005, -7.111548420999952], [107.76892852800006, -7.111782546999962], [107.76939392400004, -7.1104645699999764], [107.76962280400005, -7.109028812999952], [107.77057647800007, -7.10806703399993], [107.77104950000006, -7.107227322999961], [107.77104187100008, -7.10615157999996], [107.77211761600006, -7.105906007999977], [107.77247619600007, -7.105545518999975], [107.77309417900005, -7.105144736999932], [107.77364731000006, -7.105631823999943], [107.77391815300007, -7.106612678999966], [107.77392578100006, -7.107568737999941], [107.77381134100006, -7.10804748299995], [107.77357483100008, -7.1090054489999375], [107.77346038900004, -7.110081672999968], [107.77310943800006, -7.11080121699996], [107.77203369100005, -7.111165999999969], [107.77083587600004, -7.111531731999946], [107.77036285400004, -7.112012858999947], [107.77072143700008, -7.113775486999941], [107.77072348200005, -7.113776557999927], [107.76988221600004, -7.113460181999926], [107.76922980700004, -7.1144203559999255], [107.76993483700005, -7.116031839999948], [107.77183505800008, -7.1175018219999515], [107.77234738900006, -7.1180141539999795], [107.77292279400007, -7.118589559999975], [107.77315269400003, -7.11881946099993], [107.77361965500006, -7.11928641999998], [107.77368575100007, -7.119616902999951], [107.77375944400006, -7.119985374999942], [107.77391708700009, -7.12077358099998], [107.77454835000009, -7.121645325999964], [107.77456206000005, -7.121664257999953], [107.77468360800009, -7.121832111999936], [107.77473022800007, -7.1218964929999515], [107.77516630300005, -7.122498689999929], [107.77594264100009, -7.122682560999976], [107.77600457800008, -7.123242312999935], [107.77606964300008, -7.123830316999943], [107.77680871900009, -7.124999996999975], [107.77537605700007, -7.124999996999975], [107.77496356500006, -7.124999996999975], [107.76820685200005, -7.124999996999975], [107.76708843700004, -7.124999996999975], [107.76820638100008, -7.126781717999961], [107.76892021900005, -7.126603259999968], [107.76987200300005, -7.127495556999975], [107.76972133900006, -7.128512536999949], [107.76963405600009, -7.129101691999949], [107.76862278700008, -7.130350909999947], [107.76853504400009, -7.130412848999981], [107.76761151500006, -7.13106474999995], [107.76704094200005, -7.130750933999934], [107.76642178600008, -7.130410397999981], [107.76439924400006, -7.13029142299996], [107.76315002600006, -7.130767315999947], [107.76209700500004, -7.1309866959999795], [107.76184915800008, -7.132409589999952], [107.76203248500008, -7.132893807999949], [107.76206817700006, -7.133357802999967], [107.76206817700006, -7.133928872999945], [107.76163987400008, -7.134035948999951], [107.76099395800009, -7.13388013499997], [107.75941293900007, -7.1345462329999805], [107.75938322900004, -7.135881629999972], [107.76027452800008, -7.136742219999974], [107.76009626900009, -7.137751181999931], [107.76009637700008, -7.137753118999967], [107.76004139300005, -7.137791282999956], [107.75911584000005, -7.138433712999927], [107.75819483200007, -7.1389975429999595], [107.75817934500009, -7.138972062999926], [107.75768976200004, -7.138166634999948], [107.75764033100006, -7.1381792649999625], [107.75641223300005, -7.138493064999977], [107.75516441400003, -7.139472345999934], [107.75512657200005, -7.13945722699998], [107.75412456600009, -7.139056894999953], [107.75378624400008, -7.138811897999972], [107.75293616700009, -7.138196310999945], [107.75156950800005, -7.137424750999969], [107.75155548800006, -7.1374490749999495], [107.75100501900005, -7.138404037999976], [107.75100501900005, -7.1401845509999475], [107.75000000100005, -7.140873545999966], [107.75000000100005, -7.14286862299997], [107.74997711400005, -7.142947909999975], [107.75000000100005, -7.142948962999981], [107.75000000100005, -7.144401271999925], [107.75000000100005, -7.144884874999946], [107.75000000100005, -7.1476941239999405], [107.74994289400007, -7.147609071999966], [107.74942016700004, -7.1468305579999765], [107.74926758000004, -7.145564553999975], [107.74845081900008, -7.144832978999943], [107.74804687500006, -7.14447116599996], [107.74768423000006, -7.14415526099998], [107.74751782100009, -7.144010299999934], [107.74725056100004, -7.143777485999976], [107.74724960400005, -7.143776653999964], [107.74722868000003, -7.143610480999939], [107.74719383200005, -7.143333711999958], [107.74713897800007, -7.142898079999952], [107.74644470400006, -7.141661641999974], [107.74638780300006, -7.141662008999958], [107.74622345100005, -7.141663070999925], [107.74589538700008, -7.142792699999973], [107.74605816100006, -7.1436452959999315], [107.74609298900003, -7.1438277279999625], [107.74613189900003, -7.1440315219999775], [107.74579620400004, -7.145386215999963], [107.74574416200005, -7.145365776999938], [107.74569644300004, -7.145347034999929], [107.74523163000003, -7.145164487999978], [107.74466705400005, -7.14505481499998], [107.74461168800008, -7.14505515299993], [107.74365234500004, -7.1450610129999745], [107.74365076400005, -7.1450606739999785], [107.74312949800009, -7.144948835999969], [107.74263000600007, -7.144841668999959], [107.74244690100005, -7.14474105599993], [107.74226516900006, -7.144641124999964], [107.74177004800003, -7.144368864999933], [107.74161529600008, -7.144283769999959], [107.74125671400009, -7.14380454999997], [107.74069977000005, -7.14271068499994], [107.74032895700009, -7.142062941999939], [107.74024963600004, -7.141924378999931], [107.73990631100008, -7.141588206999927], [107.73944896600005, -7.142050132999941], [107.73833465600006, -7.1431755999999496], [107.73777008200005, -7.143178937999949], [107.73675537200006, -7.143636224999966], [107.73687744100005, -7.144649978999951], [107.73744840300009, -7.145771682999964], [107.73708528200007, -7.146068781999929], [107.73639999700004, -7.146068781999929], [107.73580088200004, -7.14586139599993], [107.73586273400008, -7.1448817239999585], [107.73570633100007, -7.14271759899998], [107.73505760700004, -7.142132550999975], [107.73448944200004, -7.1416201579999665], [107.73380279800006, -7.140384193999978], [107.73377263400005, -7.140344729999981], [107.73311615000006, -7.13948583399997], [107.73305931000004, -7.139486182999974], [107.73210907100008, -7.139492032999954], [107.73246833800005, -7.140087263999931], [107.73273160400004, -7.14052344299995], [107.73276138500006, -7.140572782999925], [107.73275167600008, -7.14064248699998], [107.73256683400007, -7.141969677999953], [107.73251221800007, -7.141951788999961], [107.73200209900006, -7.141784705999953], [107.73155212600005, -7.141637320999962], [107.73149610500008, -7.141637677999938], [107.73110199200005, -7.141640180999957], [107.73096134100007, -7.141701681999962], [107.73019409300008, -7.1420371519999435], [107.73019088800004, -7.142013582999937], [107.73012709000005, -7.141544256999964], [107.73007965100004, -7.141195292999953], [107.73041534600009, -7.140065668999966], [107.73041272400008, -7.139717019999978], [107.73040771700005, -7.139050955999949], [107.73014831700004, -7.13731598499993], [107.72971344100006, -7.13646173099994], [107.72926330800004, -7.1363520589999325], [107.72925716300006, -7.136364475999926], [107.72859191900005, -7.137708661999966], [107.72792053300009, -7.138051029999929], [107.72814941700005, -7.138951775999942], [107.72819203600005, -7.139137363999964], [107.72861480800009, -7.1409783339999535], [107.72857712800004, -7.141048180999974], [107.72800288500008, -7.14211265199998], [107.72794342100008, -7.142222875999948], [107.72789118200006, -7.142213851999941], [107.72702408000004, -7.142064089999963], [107.72658538900004, -7.140990254999963], [107.72658357600005, -7.140829538999981], [107.72657932000004, -7.14045219999997], [107.72657453500005, -7.140027898999961], [107.72657013200006, -7.139637468999979], [107.72629570300006, -7.138496515999975], [107.72621154800004, -7.138146635999931], [107.72593037100006, -7.137694649999958], [107.72529983600003, -7.136681075999945], [107.72462463500005, -7.134462353999936], [107.72457380000009, -7.134482961999936], [107.72406006200004, -7.1346912329999554], [107.72418213000009, -7.135818001999951], [107.72432475900007, -7.136475429999962], [107.72441611700003, -7.136896527999966], [107.72218795300006, -7.136429109999938], [107.72199759600005, -7.136048395999978], [107.72123616800008, -7.135286968999935], [107.72047474100003, -7.133954470999981], [107.71857117200005, -7.134430362999979], [107.71666760300008, -7.1345255409999595], [107.71504957000008, -7.135096611999927], [107.71219421600006, -7.136048395999978], [107.71333635800005, -7.136809823999954], [107.71209903800008, -7.137856786999976], [107.71171832400006, -7.13880857099997], [107.71048100500008, -7.14052178299994], [107.71076654000007, -7.141568745999962], [107.71124243200006, -7.1431867789999615], [107.70943404200005, -7.143853027999967], [107.70962439900006, -7.1451855259999775], [107.70762565100006, -7.146232488999942], [107.70667386700006, -7.147945700999969], [107.70781600800007, -7.148802306999926], [107.70743529400005, -7.150325161999945], [107.70577105100006, -7.150959159999957], [107.70570373600003, -7.150849339999979], [107.70352173100008, -7.149267669999972], [107.70250701900005, -7.149418828999956], [107.70171722600008, -7.149818055999958], [107.70171683700005, -7.149818252999978], [107.70163727000005, -7.1498584719999485], [107.70145685200004, -7.15087660599994], [107.70145682600008, -7.150876753999967], [107.70145646600008, -7.150878783999929], [107.70136261000005, -7.151408430999936], [107.70193710400008, -7.15173796199997], [107.70193774000006, -7.1517383269999755], [107.70193839000007, -7.151738698999964], [107.70194244500004, -7.151741025999968], [107.70294570900006, -7.151878113999942], [107.70310974100005, -7.153038498999933], [107.70223999100006, -7.15304374599998], [107.70166015600006, -7.153771398999936], [107.70223999100006, -7.1557421649999355], [107.70320594200007, -7.156628672999943], [107.70358478000009, -7.156976352999948], [107.70370102000004, -7.157083033999982], [107.70375109400004, -7.157304005999947], [107.70385742200006, -7.157773252999959], [107.70397999400006, -7.157925482999929], [107.70408859800006, -7.158060365999972], [107.70457077300006, -7.158659217999968], [107.70475006200007, -7.160420414999976], [107.70392851400004, -7.160184451999953], [107.70357132000004, -7.160081860999981], [107.70313263200006, -7.15812611399997], [107.70285034300008, -7.158837317999939], [107.70213317900004, -7.159565924999981], [107.70185089200004, -7.161306855999953], [107.70215606900007, -7.1640586849999295], [107.70213034300008, -7.164490065999928], [107.70202636800008, -7.1662335369999255], [107.70337773200004, -7.165519437999933], [107.70363108600009, -7.165385558999958], [107.70446389700004, -7.167229642999928], [107.70565362800005, -7.16960910399996], [107.70809257500008, -7.171631644999934], [107.70922282100008, -7.174546483999961], [107.71011511700004, -7.177520810999965], [107.71237560600008, -7.180197704999955], [107.71386276900006, -7.18275562599996], [107.71442918500009, -7.183986964999974], [107.71523095800006, -7.185729951999974], [107.71612325800004, -7.188049925999962], [107.71796321300008, -7.190670193999949], [107.71951686900007, -7.1928827459999525], [107.71957397600005, -7.192964071999938], [107.71955871700004, -7.194397924999976], [107.71943664700007, -7.194874758999958], [107.71931457700003, -7.195822710999948], [107.71862169000008, -7.19774623099994], [107.71826477100007, -7.198698013999945], [107.71719401500008, -7.199590310999952], [107.71439814800004, -7.199709284999926], [107.71455672000008, -7.199999999999932], [107.71546890600007, -7.201672339999959], [107.71618274300005, -7.202921557999957], [107.71612563600007, -7.202921557999957], [107.71404122800004, -7.202921557999957], [107.71160228000008, -7.2015533679999635], [107.70868744200004, -7.201136961999964], [107.70869231200004, -7.201145815999951], [107.70999614400006, -7.20351642199995], [107.70982543600007, -7.203671898999971], [107.70897812400005, -7.204443598999944], [107.70942797300006, -7.2057658699999365], [107.70665846800006, -7.207581080999944], [107.70655536000004, -7.208077283999955], [107.70640197900008, -7.208815409999943], [107.70630149600004, -7.209298973999978], [107.70577474400005, -7.210671550999962], [107.70479275800005, -7.211467349999964], [107.70380744400006, -7.212721909999971], [107.70357235600005, -7.213465744999951], [107.70344712800005, -7.214898558999948], [107.70295268500007, -7.215013296999928], [107.70200907100008, -7.215232261999972], [107.70131376600006, -7.216087466999966], [107.70000000000005, -7.2165142669999796], [107.69924156100006, -7.216760658999931], [107.69865818200009, -7.218018107999967], [107.69802070400004, -7.2188163729999815], [107.69612283800006, -7.219204063999939], [107.69714770100006, -7.220415804999959], [107.69587231300005, -7.22206966899995], [107.69604734500007, -7.222464325999965], [107.69758274000009, -7.223162049999928], [107.69729720400005, -7.2240186559999415], [107.69672613400007, -7.224875261999955], [107.69625769400005, -7.225142941999934], [107.69634247100004, -7.225225205999948], [107.69673919700006, -7.226448531999949], [107.69602203700003, -7.2269310919999725], [107.69599266200004, -7.22691243099996], [107.69555187400005, -7.226632413999937], [107.69470215000007, -7.226221557999963], [107.69467013500008, -7.226233691999937], [107.69374084500004, -7.226585862999968], [107.69372236500004, -7.2267210749999435], [107.69362640600008, -7.227423188999978], [107.69396972700008, -7.228052613999978], [107.69387817400008, -7.228736874999981], [107.69340515300007, -7.229695794999941], [107.69245147800007, -7.230418679999957], [107.69228363100007, -7.230929372999981], [107.69222633900006, -7.2311032389999355], [107.69221496700004, -7.231137749999959], [107.69269562000005, -7.2308955159999755], [107.69280471700006, -7.230666864999932], [107.69281006000006, -7.230655666999951], [107.69331910700004, -7.230765779999956], [107.69280722100007, -7.231431232999967], [107.69399695200008, -7.233096855999975], [107.69506770900006, -7.23428658499995], [107.69423489900004, -7.236190153999928], [107.69221235700007, -7.236190153999928], [107.69042776200007, -7.236547074999976], [107.68947597700009, -7.237736803999951], [107.68852419300003, -7.239283452999928], [107.68840522000005, -7.241662916999928], [107.68614473000008, -7.243090590999941], [107.68626370500004, -7.245113133999951], [107.68716066000007, -7.245316986999967], [107.68703461000007, -7.245393750999938], [107.68631744500004, -7.245995519999951], [107.68631744500004, -7.246404882999968], [107.68727875000008, -7.2464680639999415], [107.68799591100009, -7.246583457999975], [107.68875122200006, -7.2475390399999355], [107.68884277300003, -7.24765395999998], [107.68897247400008, -7.249087807999956], [107.68861389400007, -7.2494487709999476], [107.68838501200008, -7.2499523129999375], [107.68836344300007, -7.249999997999964], [107.68832397700004, -7.250087257999951], [107.68859100300006, -7.250089166999942], [107.68936920400006, -7.25031804799994], [107.68932871400006, -7.250820239999939], [107.68930053700007, -7.251169680999965], [107.68893432800007, -7.2515253999999345], [107.68892680500005, -7.25258052199996], [107.68892684200006, -7.252580561999935], [107.68908691600006, -7.252760408999961], [107.68951416100003, -7.253193375999956], [107.68964386100004, -7.253322601999969], [107.69054216700005, -7.253329335999979], [107.69059753500005, -7.253329751999956], [107.69075781800007, -7.2532915139999545], [107.69081117500008, -7.253278785999953], [107.69081119200007, -7.25327884099994], [107.69105171200005, -7.254095534999976], [107.69105530000007, -7.254107708999925], [107.69178772000004, -7.254293914999948], [107.69226837400004, -7.254297729999962], [107.69271392600007, -7.2544131589999665], [107.69274139500004, -7.2544202769999515], [107.69346618800006, -7.254246232999947], [107.69370269900008, -7.254188535999958], [107.69342804100006, -7.254560468999955], [107.69152069200004, -7.255766866999977], [107.69081115700004, -7.2567276909999805], [107.69067343300009, -7.257247506999931], [107.68803027700005, -7.258852278999939], [107.68846903600007, -7.259400728999935], [107.68874411700006, -7.2597445799999605], [107.68959558100005, -7.259508060999963], [107.68981487500008, -7.259447145999957], [107.68993003800006, -7.259598298999947], [107.69069361800007, -7.260600498999963], [107.69047546500008, -7.260674473999927], [107.69039154100005, -7.261198041999933], [107.69036102500007, -7.261392588999968], [107.69119262800007, -7.261028765999981], [107.69168927800007, -7.26052913999996], [107.69168980000006, -7.260528613999952], [107.69190979000007, -7.260307308999927], [107.69234466700004, -7.260521407999931], [107.69250800700007, -7.261356669999941], [107.69251251300005, -7.261379716999954], [107.69239807100007, -7.262217041999975], [107.69240570300008, -7.262892005999959], [107.69288635300006, -7.263170715999934], [107.69246398700005, -7.264038875999972], [107.69212172700009, -7.264693920999946], [107.69095234300005, -7.26455152099993], [107.69112347400005, -7.263184466999974], [107.68998261100006, -7.263412310999968], [107.68904139800009, -7.264238237999962], [107.68878315600006, -7.265495340999962], [107.68858337400007, -7.265347953999935], [107.68798065200008, -7.264842506999969], [107.68705749700007, -7.264069075999942], [107.68676759000004, -7.263824862999968], [107.68741566900007, -7.263155985999958], [107.68755827800004, -7.262500938999949], [107.68738714700004, -7.261076915999979], [107.68687376000008, -7.260849071999928], [107.68616072000003, -7.260507306999955], [107.68533359400004, -7.260592747999965], [107.68504838000007, -7.261247799999978], [107.68433534000008, -7.26070667099998], [107.68504838000007, -7.259652889999927], [107.68311554400009, -7.258387252999967], [107.68204478800004, -7.258387252999967], [107.68014121800007, -7.258387252999967], [107.67930840600008, -7.25933903899994], [107.67859456800005, -7.260290822999934], [107.67752381000008, -7.261718499999972], [107.67716689200006, -7.263027203999968], [107.67585818900005, -7.26445487999996], [107.67550126900005, -7.266001529999926], [107.67335975400005, -7.2662394749999635], [107.67133721200008, -7.2667153689999395], [107.66931915400005, -7.266896245999931], [107.66955566400009, -7.265460012999938], [107.67038726800007, -7.264499181999952], [107.67109680400006, -7.2629408789999275], [107.67111206200008, -7.2625770549999515], [107.67111969100006, -7.262403007999978], [107.67120361300005, -7.260668752999948], [107.67070007400008, -7.2595925299999635], [107.67069441300004, -7.259590782999965], [107.66973692800008, -7.259295355999939], [107.66973495700006, -7.259294746999956], [107.66947950200006, -7.258388498999977], [107.66947937100008, -7.258388039999943], [107.66819000200007, -7.25757836899993], [107.66687011900007, -7.257825372999946], [107.66628265500009, -7.258545872999946], [107.66580200300007, -7.258668419999935], [107.66574096800008, -7.258511538999926], [107.66555786100008, -7.258071894999944], [107.66566467500007, -7.255321976999937], [107.66663928100007, -7.255722444999947], [107.66709900100005, -7.255911345999948], [107.66925811800007, -7.255659578999939], [107.67028018100007, -7.255434104999949], [107.67028021000004, -7.255434098999956], [107.67028023800003, -7.255434093999952], [107.67092895600007, -7.255290980999973], [107.67188262900004, -7.254687783999941], [107.67320251500007, -7.254919048999966], [107.67404174900008, -7.254674908999959], [107.67523193400007, -7.254309175999936], [107.67533581600009, -7.253848626999968], [107.67540038500005, -7.253562356999964], [107.67540054400007, -7.253561658999956], [107.67558288800006, -7.252753256999938], [107.67581176900006, -7.250719544999981], [107.67587996200007, -7.250149270999941], [107.67589781300006, -7.249999996999975], [107.67589910400005, -7.249989193999966], [107.67592620800008, -7.249762532999966], [107.67637348000005, -7.249307745999943], [107.67663574300008, -7.249041079999927], [107.67759704700006, -7.248796459999937], [107.67926788500006, -7.247949595999955], [107.67997741800008, -7.2473478289999775], [107.68045555800006, -7.2466727629999355], [107.68057251100004, -7.246507642999973], [107.68092346300006, -7.245309827999961], [107.68128204400006, -7.244351861999974], [107.68175506900008, -7.243631358999949], [107.68235016200003, -7.243508335999934], [107.68299102900005, -7.243441102999952], [107.68289184700006, -7.243303295999965], [107.68281959600006, -7.243200096999942], [107.68242263800005, -7.242633101999957], [107.68290710500008, -7.2419233279999276], [107.68350029100009, -7.241480821999971], [107.68245697100008, -7.241236685999979], [107.68224067500006, -7.240980516999969], [107.68193718900005, -7.240621086999965], [107.68193699300008, -7.240620853999928], [107.68185424800004, -7.240522859999942], [107.68088913100007, -7.240343326999948], [107.68064880500003, -7.239095683999949], [107.68066114200008, -7.239074328999948], [107.68099322000006, -7.238499478999927], [107.68069904800006, -7.2371439159999795], [107.68254852300004, -7.235856530999968], [107.68135070800008, -7.23550510299998], [107.68042813500006, -7.2352227529999595], [107.68042755300007, -7.2352225759999556], [107.68133544900007, -7.234070774999964], [107.68181610100004, -7.233709332999979], [107.68295658500006, -7.233797675999938], [107.68307523300007, -7.2331990459999815], [107.68307523600004, -7.23319900599995], [107.68307523900006, -7.23319896299995], [107.68307587400005, -7.233195800999965], [107.68307643300005, -7.233192985999949], [107.68314229500004, -7.232860664999976], [107.68315737800003, -7.230796261999956], [107.68287989500004, -7.229475244999946], [107.68220087100008, -7.2280939589999775], [107.68151332800005, -7.227397260999965], [107.68177795400004, -7.227373598999975], [107.68194369300005, -7.227372665999951], [107.68194405900005, -7.227372663999972], [107.68292236400004, -7.227367157999936], [107.68297168100008, -7.22743302899994], [107.68309338400007, -7.227140825999925], [107.68304028400007, -7.226709798999934], [107.68255501900006, -7.226406685999962], [107.68224040200005, -7.225842688999933], [107.68237341700006, -7.225600250999946], [107.68254283200008, -7.225507863999951], [107.68243553700006, -7.224795590999975], [107.68262753000005, -7.224179112999934], [107.68339606100005, -7.2242034269999635], [107.68414284300007, -7.224639506999949], [107.68469872900005, -7.225542282999982], [107.68548369100006, -7.2258850179999286], [107.68629109200003, -7.2257223779999435], [107.68709753400009, -7.225690795999981], [107.68727281300005, -7.225907079999956], [107.68823242200006, -7.22590112499995], [107.68837640500004, -7.225073228999975], [107.68667087600005, -7.223895359999972], [107.68633112800006, -7.22363358299998], [107.68524325600004, -7.2227953719999505], [107.68317981300004, -7.2222642319999295], [107.68157910400004, -7.221277674999953], [107.67973322400007, -7.222411183999952], [107.67921516700005, -7.22257945299998], [107.67871135400009, -7.220798011999932], [107.67710647800004, -7.220384888999945], [107.67676088300004, -7.220118395999975], [107.67652294000004, -7.219654399999968], [107.67610653200006, -7.219392657999947], [107.67598344700008, -7.219400140999937], [107.67598336400005, -7.21939219799998], [107.67520498200008, -7.219460304999927], [107.67487185800007, -7.220697621999932], [107.67430078900009, -7.220983156999978], [107.67196268700008, -7.220345496999926], [107.67154826300003, -7.2201304429999595], [107.67073448800005, -7.21984490899996], [107.67067738100008, -7.219416606999971], [107.67060457200006, -7.218344144999946], [107.67076624300006, -7.2181807919999414], [107.67077163400006, -7.218175343999974], [107.67064882600005, -7.217746222999949], [107.67060599600006, -7.217203705999964], [107.67087725700009, -7.216447040999981], [107.67096291600006, -7.215747476999979], [107.67092008500003, -7.2149336999999605], [107.67113423600006, -7.213848664999944], [107.67120353000007, -7.213004201999979], [107.67143761900007, -7.212280600999975], [107.67147569000008, -7.211918920999949], [107.67130436800005, -7.2111955669999475], [107.67120918900008, -7.211157495999942], [107.67075233500009, -7.21161435199997], [107.67042872600007, -7.21229963899998], [107.67020219000005, -7.212732858999971], [107.67014449300007, -7.212717221999981], [107.67001511400008, -7.213265547999981], [107.66980096200007, -7.213574877999974], [107.66972957500008, -7.214681325999948], [107.66995562500006, -7.215073939999968], [107.67000321500007, -7.215740185999948], [107.66974816500004, -7.21616514599998], [107.66854249300007, -7.216414593999957], [107.66761374800006, -7.21617312199993], [107.66616303100005, -7.215795932999981], [107.66530642500004, -7.214844147999941], [107.66402151700004, -7.214653792999968], [107.66173723500003, -7.214035133999971], [107.66040473500004, -7.213892363999946], [107.65973259700007, -7.213567884999975], [107.65971984400005, -7.211820852999949], [107.66088066500004, -7.210273090999976], [107.66188671100008, -7.208764023999947], [107.66320230700006, -7.207603201999973], [107.66354062100004, -7.205968020999933], [107.66411038800004, -7.2061150229999384], [107.66411383400003, -7.206115909999937], [107.66438293700008, -7.206185339999934], [107.66548182700006, -7.206185611999956], [107.66646335400009, -7.206572274999928], [107.66697207100009, -7.207428148999952], [107.66682434100005, -7.208573814999966], [107.66853793700005, -7.209092612999939], [107.66908462800006, -7.210464162999926], [107.67058085200006, -7.21045541899997], [107.67093399000004, -7.209437237999964], [107.67002750200004, -7.207948248999969], [107.66913082200006, -7.208132802999955], [107.66792077400004, -7.20710765299998], [107.66762334200007, -7.206334331999926], [107.66721252600007, -7.205178904999968], [107.66738128700007, -7.205012318999934], [107.66731262200005, -7.204878804999964], [107.66696922900007, -7.204164179999964], [107.66696899000004, -7.204163069999936], [107.66696899000004, -7.2032413669999755], [107.66740417700004, -7.202742576999981], [107.66823578100008, -7.202748772999939], [107.66894531300005, -7.203828809999948], [107.67050934000008, -7.203362461999973], [107.67054034500006, -7.203048531999968], [107.67054673200005, -7.202983851999932], [107.67063903900004, -7.2020492509999485], [107.67158847000007, -7.201368733999971], [107.67159045100004, -7.20136731599996], [107.67195892300003, -7.2011032079999495], [107.67196675900004, -7.201085694999961], [107.67196739100007, -7.201084285999968], [107.67208567000006, -7.200819928999977], [107.67208608000004, -7.200819013999933], [107.67180633700008, -7.200469014999953], [107.67119230200007, -7.199999999999932], [107.67097854700006, -7.199836728999969], [107.67079815400007, -7.198954640999943], [107.67209872600006, -7.199001228999975], [107.67356872600004, -7.19833230699993], [107.67423248400007, -7.197440622999977], [107.67377975900007, -7.196834267999975], [107.67282867400007, -7.195477484999969], [107.67398834300008, -7.195470805999946], [107.67467498900004, -7.194771285999934], [107.67549133500006, -7.194882391999954], [107.67584228500004, -7.195343968999964], [107.67688751300005, -7.194758412999931], [107.67769622900005, -7.194289678999951], [107.67781806900007, -7.194165472999941], [107.67781838700006, -7.194165146999978], [107.67803955100004, -7.193939683999929], [107.67810748400007, -7.1936181349999515], [107.67810768400005, -7.193617195999934], [107.67838287500007, -7.192314622999959], [107.67884063800005, -7.191848275999973], [107.67989349400005, -7.19288539799993], [107.68070221000005, -7.192996498999946], [107.68130579600006, -7.192617094999946], [107.68130812200008, -7.1926156349999815], [107.68163299600008, -7.192411421999964], [107.68144135300008, -7.191776954999966], [107.68144091800008, -7.191775523999979], [107.68137741300006, -7.19156527399997], [107.68135844100004, -7.191526873999976], [107.68115997500007, -7.191125150999937]], [[107.68213802500009, -7.201302512999973], [107.68220384700004, -7.202318233999961], [107.68274177100005, -7.202195533999941], [107.68321703200007, -7.201595036999947], [107.68357752000009, -7.20183200799994], [107.68459738300004, -7.202244414999939], [107.68633611700005, -7.202772141999958], [107.68729367000009, -7.20276651599994], [107.68716763700007, -7.201691382999968], [107.68632696600008, -7.201218153999946], [107.68512967500004, -7.201165415999981], [107.68458683100005, -7.200451351999959], [107.68476453300008, -7.199999999999932], [107.68494063500003, -7.199552712999946], [107.68398554700008, -7.199976715999981], [107.68396250500007, -7.199999999999932], [107.68309311800004, -7.200878512999964], [107.68213802500009, -7.201302512999973]], [[107.67253973600003, -7.207694474999926], [107.67182856400007, -7.208894065999971], [107.67177502600003, -7.209970262999946], [107.67196403600008, -7.211582986999929], [107.67226678900005, -7.212178928999947], [107.67259979200009, -7.2130827879999515], [107.67292785800004, -7.213515754999946], [107.67454315500004, -7.212524228999939], [107.67446786600004, -7.209894733999931], [107.67398381500004, -7.209000997999965], [107.67253973600003, -7.207694474999926]], [[107.68279387700005, -7.180498371999931], [107.68285056600007, -7.179960101999939], [107.68075741600006, -7.180211421999957], [107.67961862000004, -7.179919225999981], [107.67931519700005, -7.17920374199997], [107.67889138900006, -7.178369421999946], [107.67740017600005, -7.17921492499994], [107.67776519100005, -7.1802289019999535], [107.67848752400005, -7.180941939999968], [107.68052539200005, -7.1814679749999755], [107.68154275000006, -7.181462024999973], [107.68279387700005, -7.180498371999931]], [[107.69258837600006, -7.1668730599999435], [107.69258451300004, -7.1662156089999485], [107.69203681100004, -7.164664780999942], [107.69185061900004, -7.1635302309999815], [107.69245254400005, -7.164124412999968], [107.69442977800009, -7.164531219999958], [107.69490078500007, -7.163213510999981], [107.69429710100007, -7.162320489999956], [107.69303516800005, -7.161431326999946], [107.69231005500006, -7.16024016199998], [107.69356917600004, -7.160651180999935], [107.69440168900007, -7.159749744999942], [107.69355900100004, -7.15891789799997], [107.69295603100005, -7.158144410999967], [107.69385399600009, -7.15819892199994], [107.69463578800008, -7.1588518199999385], [107.69492937700005, -7.15789376999993], [107.69492341100005, -7.156877707999968], [107.69455524400007, -7.155325834999928], [107.69348197300008, -7.155989592999958], [107.69282828300004, -7.156770434999942], [107.69193557800008, -7.157612445999973], [107.69080315700006, -7.15839608999994], [107.69062223100008, -7.158158065999942], [107.68977850100003, -7.15714689999993], [107.68857363000006, -7.15577921199997], [107.68792511100008, -7.1562709609999615], [107.68785868800006, -7.156321326999944], [107.68768377400005, -7.156755609999948], [107.68732781800009, -7.1576393839999355], [107.68713580000008, -7.158270374999972], [107.68713549700004, -7.158271371999945], [107.68689423400008, -7.159064183999931], [107.68679939700007, -7.159375823999937], [107.68763787800003, -7.159490468999934], [107.68864992500005, -7.158587992999969], [107.68954859400009, -7.15876205099994], [107.68937853200003, -7.160376853999935], [107.68914477100009, -7.161334551999971], [107.68842667100006, -7.161338751999949], [107.68765083300008, -7.161701911999955], [107.68837488700007, -7.1627137809999795], [107.68856001900008, -7.163669029999937], [107.68743108100006, -7.165050358999963], [107.68575550000008, -7.165060154999935], [107.68498035100004, -7.165542850999941], [107.68630809100006, -7.1674477609999485], [107.68702585000005, -7.167383792999942], [107.68762147000007, -7.166902142999959], [107.68851454800006, -7.1661198969999305], [107.68946921700007, -7.165636144999951], [107.68952660500008, -7.165217415999962], [107.69066114700007, -7.164792377999959], [107.69132642600005, -7.165983896999933], [107.69047546500008, -7.167336939999927], [107.69071960400004, -7.168171880999978], [107.69247325500004, -7.167650754999954], [107.69258837600006, -7.1668730599999435]], [[107.68758504300007, -7.150465385999951], [107.68775687200008, -7.149149425999951], [107.68697580700007, -7.148616042999947], [107.68613804600005, -7.148620929999936], [107.68554348800006, -7.149281875999975], [107.68632490400006, -7.14987502799994], [107.68656775900007, -7.15047132199993], [107.68663109600004, -7.151068661999943], [107.68603269100004, -7.151072150999937], [107.68574152800005, -7.1524485809999305], [107.68538912600008, -7.153586283999971], [107.68509341700008, -7.154185717999951], [107.68557459000004, -7.15460130799994], [107.68670142400003, -7.152861376999965], [107.68699608300005, -7.1520826349999425], [107.68758504300007, -7.150465385999951]], [[107.68225367100007, -7.1495401329999595], [107.68266696900008, -7.148581388999958], [107.68182467200006, -7.147809268999936], [107.68218022500008, -7.14720948799993], [107.68293004000009, -7.145807397999931], [107.68145796000005, -7.146496439999964], [107.68032099900006, -7.146503053999936], [107.67924352800009, -7.146449550999932], [107.67966798400005, -7.147403420999979], [107.68009348800007, -7.148536597999964], [107.67980056100004, -7.149614183999972], [107.67812781300006, -7.150102084999958], [107.67723647300005, -7.151183148999962], [107.67951425800004, -7.151827384999933], [107.68088606100008, -7.151042373999928], [107.68225367100007, -7.1495401329999595]], [[107.69313830200008, -7.146468676999973], [107.69337276600004, -7.1477157389999775], [107.69367218000008, -7.147423261999961], [107.69461059800005, -7.14649486199994], [107.69525146500007, -7.14566135299998], [107.69523320700006, -7.145641209999951], [107.69478239800009, -7.1451438969999685], [107.69478236200007, -7.145143857999926], [107.69542694200004, -7.144763944999966], [107.69650268700008, -7.144638057999941], [107.69716644400006, -7.1446428249999485], [107.69797516000006, -7.143846986999961], [107.69809806300009, -7.143429201999936], [107.69617211600007, -7.143702549999944], [107.69477418100007, -7.143881011999952], [107.69406034500008, -7.1446543379999525], [107.69364393800004, -7.145278945999962], [107.69313830200008, -7.146468676999973]], [[107.75240138700008, -7.134279154999945], [107.75193167300006, -7.134963938999931], [107.75186028900004, -7.135499316999926], [107.75200305700008, -7.135927619999961], [107.75203874900006, -7.136462998999946], [107.75196736500004, -7.136891301999981], [107.75214582500007, -7.137105453999936], [107.75253843600007, -7.137390988999925], [107.75278827900007, -7.1377479079999375], [107.75314519800008, -7.137319604999959], [107.75360919300005, -7.136177463999957], [107.75378156700003, -7.135703435999972], [107.75522383400005, -7.1361487099999295], [107.75617901100009, -7.136284539999963], [107.75682146600008, -7.1363202309999565], [107.75710700100007, -7.1360703879999505], [107.75735684400007, -7.135427933999949], [107.75749961200006, -7.134999630999971], [107.75767807100004, -7.134607019999976], [107.75824914200007, -7.134535635999953], [107.75892728900004, -7.134214407999934], [107.75921282400009, -7.133571953999933], [107.75968766200003, -7.132555314999934], [107.75926439000006, -7.131756722999967], [107.75902671000006, -7.13110385799996], [107.75858106100009, -7.130302610999934], [107.75804628200007, -7.129234280999981], [107.75736295300004, -7.1289078439999685], [107.75673904200005, -7.129679416999977], [107.75566948400007, -7.129590390999965], [107.75462963600006, -7.130272936999972], [107.75498615400005, -7.130985153999973], [107.75457021600005, -7.132320562999951], [107.75367891700006, -7.131875427999944], [107.75272819700007, -7.132112832999951], [107.75240138700008, -7.134279154999945]], [[107.75620325100004, -7.11730720099996], [107.75607466400004, -7.115813777999961], [107.75606860000005, -7.114797765999981], [107.75690196600004, -7.114075591999949], [107.75653690900003, -7.113061717999926], [107.75563693400005, -7.112648702999934], [107.75522345900004, -7.113547677999975], [107.75517076100004, -7.114743345999955], [107.75536238500007, -7.1167743049999785], [107.75536702200009, -7.117551250999952], [107.75483602200006, -7.118809535999958], [107.75531825100006, -7.1194043409999495], [107.75579655800004, -7.11934172499997], [107.75771263100006, -7.119569370999955], [107.75740918300005, -7.1188539709999645], [107.75650848100008, -7.11832143099997], [107.75620325100004, -7.11730720099996]], [[107.63695124300006, -7.085184266999931], [107.63653620800005, -7.083878783999978], [107.63539814900008, -7.08249425899993], [107.63449553000004, -7.080308608999928], [107.63399764100006, -7.077724476999947], [107.63297232100007, -7.076627495999958], [107.63218160500008, -7.074844075999977], [107.63116045800007, -7.073173678999979], [107.63018052700005, -7.071395480999968], [107.62930298000003, -7.0723905539999805], [107.62937164300007, -7.072751041999936], [107.63054275600007, -7.075060841999971], [107.63040498700008, -7.077084074999959], [107.63059430900006, -7.078816435999954], [107.63149961100004, -7.080186108999953], [107.63198268900004, -7.080960431999927], [107.63258781100006, -7.082152479999934], [107.63349109000006, -7.0831635109999525], [107.63540649400005, -7.083964345999959], [107.63695124300006, -7.085184266999931]], [[107.63868547800007, -7.070641437999939], [107.63982670600006, -7.071412017999933], [107.64053620200008, -7.06991366799997], [107.64011567900008, -7.069617183999981], [107.63986752500006, -7.068064485999969], [107.63955682700004, -7.066033958999981], [107.63888341600006, -7.0633479729999635], [107.63833239300004, -7.061139480999941], [107.63790341100008, -7.05934870699997], [107.63795240100006, -7.057435682999937], [107.63717426500006, -7.057380311999964], [107.63725340000008, -7.060786944999961], [107.63792272500007, -7.062755675999938], [107.63829052700004, -7.064307704999976], [107.63853799200007, -7.0657408599999485], [107.63896665200008, -7.067471858999966], [107.63903496800003, -7.068965805999937], [107.63819189200007, -7.0680142079999655], [107.63770577600008, -7.066701946999956], [107.63637727500009, -7.064557625999953], [107.63571878800008, -7.06450157699993], [107.63620930000008, -7.066590873999928], [107.63723797200004, -7.068617342999971], [107.63802121600008, -7.069569281999975], [107.63868547800007, -7.070641437999939]], [[107.64562988400007, -7.056867119999936], [107.64659118700007, -7.0579371419999575], [107.64743042100008, -7.05793237599994], [107.64862823500005, -7.058044430999928], [107.64917711500004, -7.058091329999968], [107.64990615900007, -7.058153623999942], [107.65019226100009, -7.059111114999951], [107.64983368000009, -7.059829708999928], [107.64887237500005, -7.059357639999973], [107.64839172500007, -7.059001921999936], [107.64779663200005, -7.059842108999931], [107.64820862000005, -7.061054705999936], [107.64828491500003, -7.061272618999965], [107.64891815300007, -7.061153888999968], [107.64928436300005, -7.061085222999964], [107.64894866900005, -7.061465258999931], [107.64839172500007, -7.063289162999979], [107.64829254300008, -7.065680024999949], [107.64818573000008, -7.0669143169999415], [107.64877319300007, -7.067706585999929], [107.64887237500005, -7.067839142999958], [107.64922332800006, -7.068861481999932], [107.64923095700004, -7.0699996919999535], [107.64923095700004, -7.070934769999951], [107.64923095700004, -7.071137901999975], [107.64991760300006, -7.071133609999947], [107.65111923300009, -7.071320052999965], [107.65169525200008, -7.071400162999964], [107.65318298300008, -7.07253026799998], [107.65374756000006, -7.0704660379999495], [107.65372467300006, -7.066833970999937], [107.65359497200006, -7.064898966999976], [107.65312957900005, -7.062169070999971], [107.65311432100003, -7.060461041999929], [107.65308634700006, -7.060310693999952], [107.65373993000009, -7.05997657599994], [107.65473145000004, -7.062002750999966], [107.65778450500005, -7.062284214999977], [107.65789836100004, -7.06126743599998], [107.65579714000006, -7.0600241889999324], [107.65494860800004, -7.05811629699997], [107.65542111000008, -7.0570377019999455], [107.65631378000006, -7.056195806999938], [107.65619309900006, -7.056017175999955], [107.65440161800007, -7.056625096999937], [107.65278825800004, -7.0569929119999415], [107.65126800600007, -7.057825561999948], [107.65027812500006, -7.057485357999951], [107.64981079200004, -7.055528636999952], [107.64933777100003, -7.056128501999979], [107.64921569800003, -7.056726451999964], [107.64826202400008, -7.056971071999953], [107.64706421200009, -7.05626105999994], [107.64667129500003, -7.055610653999963], [107.64660930700006, -7.05548916999993], [107.64632865000004, -7.054939159999947], [107.64632797400009, -7.054937837999944], [107.64598083500005, -7.054550644999949], [107.64612641000008, -7.053384596999933], [107.64611758400008, -7.051830547999941], [107.64527827300009, -7.05153643999995], [107.64492845900008, -7.053152293999972], [107.64481219300006, -7.053750683999965], [107.64307780600006, -7.053880055999969], [107.64290340500008, -7.054777639999941], [107.64537811300005, -7.055434224999942], [107.64454651000005, -7.055797575999975], [107.64311218400007, -7.056045053999981], [107.64371490500008, -7.057116981999968], [107.64491272000004, -7.0569906209999544], [107.64562988400007, -7.056867119999936]], [[107.66108203600004, -7.053000702999952], [107.66240032100006, -7.053351817999953], [107.66413501500006, -7.053282145999958], [107.66442766300008, -7.05214480799998], [107.66526013600009, -7.051243475999968], [107.66363827500004, -7.050117058999945], [107.66286596900005, -7.051077817999953], [107.66143179100004, -7.0513848569999595], [107.66023692200008, -7.051690528999927], [107.66006153000006, -7.052408796999941], [107.66108203600004, -7.053000702999952]], [[107.63858072300008, -7.083792154999969], [107.63966351800008, -7.0848021479999375], [107.64080002400004, -7.084735918999968], [107.64187294800007, -7.084012542999972], [107.64240566300003, -7.0829933709999295], [107.64138610800006, -7.082580752999945], [107.64025471100007, -7.083543553999959], [107.63953466300006, -7.083189001999926], [107.63881121900005, -7.0822367389999386], [107.63862219800006, -7.080564159999938], [107.63825368100004, -7.078892599999961], [107.63818671400008, -7.077637741999979], [107.63770363300006, -7.076863425999932], [107.63722700400007, -7.07722476899994], [107.63747584900005, -7.078897009999935], [107.63736331400008, -7.08015288799993], [107.63703279000003, -7.082405172999927], [107.63745800500004, -7.0834678239999675], [107.63858072300008, -7.083792154999969]], [[107.68357852900004, -7.0685425889999465], [107.68405992800007, -7.069017981999934], [107.68639190800008, -7.0687654539999585], [107.68723090600008, -7.068999694999945], [107.68831199000005, -7.069710709999981], [107.68885149500005, -7.069886905999965], [107.68932805600008, -7.069525527999929], [107.68926061700006, -7.068210959999931], [107.68860145600007, -7.068035451999947], [107.68746469600006, -7.068042011999978], [107.68668691000005, -7.068046496999955], [107.68452959100006, -7.067461225999978], [107.68357852900004, -7.0685425889999465]], [[107.61237335400006, -7.023730275999981], [107.61038970900006, -7.022127147999981], [107.61020660600008, -7.021410461999949], [107.61002349900008, -7.020335673999966], [107.60913085900006, -7.021057603999964], [107.60913085900006, -7.021416183999975], [107.60787963900009, -7.021781918999977], [107.60769653600005, -7.022320744999945], [107.60895538300008, -7.022672650999937], [107.60932159500004, -7.0230293239999355], [107.60985565200008, -7.023564334999946], [107.61093902600004, -7.023917194999967], [107.61147308300008, -7.023914334999972], [107.61237335400006, -7.023730275999981]], [[107.60655285200005, -7.042949433999979], [107.60762411700006, -7.0419272869999645], [107.60923718900005, -7.041499862999956], [107.61037262000008, -7.041254425999966], [107.60917000600006, -7.0401851949999354], [107.60833305600005, -7.040309413999978], [107.60702013800005, -7.040914482999938], [107.60606886700003, -7.041995736999979], [107.60524781800007, -7.042825203999939], [107.60655285200005, -7.042949433999979]]]}, "properties": {"OBJECTID": 31108, "KODE_PROV": 32, "PL2021_ID_R": 20091, "PL2022_ID": 20091}}, {"type": "Feature", "geometry": {"type": "Polygon", "coordinates": [[[107.70355795200004, -7.105791309999972], [107.70277410300008, -7.107820156999935], [107.70248401900005, -7.109375873999966], [107.70195285300008, -7.110634146999928], [107.70154030500004, -7.111712419999947], [107.70112600600004, -7.11249184899998], [107.70000000000005, -7.112676181999973], [107.69999019600004, -7.112677786999939], [107.69945762100008, -7.113696986999969], [107.69934843600004, -7.11549073499998], [107.69965145400005, -7.1161464389999765], [107.69923924800008, -7.1172844819999455], [107.69852157400004, -7.117348438999954], [107.69762229700007, -7.117054832999941], [107.69714396300009, -7.117117390999965], [107.69589021000007, -7.117602864999981], [107.69571629100005, -7.118560203999948], [107.69573211900007, -7.119386669999926], [107.69500732400007, -7.118793484999969], [107.69441223100006, -7.118557928999962], [107.69395836900009, -7.11970714399996], [107.69395839700007, -7.119707159999962], [107.69525909400005, -7.120346066999957], [107.69645691000005, -7.120219229999975], [107.69745636000005, -7.1199984519999475], [107.69824218900004, -7.1194915719999585], [107.69741824700009, -7.12309283299993], [107.69646855700006, -7.124413323999931], [107.69630096400005, -7.124999996999975], [107.69605809000007, -7.125850207999974], [107.69534948800003, -7.1274681479999344], [107.69666344900008, -7.127042082999935], [107.69790917600005, -7.125181930999929], [107.69801098500005, -7.124999996999975], [107.69891589900004, -7.123382942999967], [107.69891030200006, -7.12242664799993], [107.69925812800005, -7.120511969999939], [107.69956207400008, -7.119251725999959], [107.70000000000005, -7.119171943999959], [107.70027923700007, -7.119121071999928], [107.70171356400004, -7.1188735929999325], [107.70255279600008, -7.119825358999947], [107.70339202900004, -7.119342324999934], [107.70337295600007, -7.118622776999928], [107.70440104600004, -7.118425014999957], [107.70494842600004, -7.119691846999956], [107.70435333500006, -7.11993408099994], [107.70363616900005, -7.12065458099994], [107.70363633100004, -7.120655370999941], [107.70388031000005, -7.121849533999978], [107.70532226700004, -7.122080322999977], [107.70580291800007, -7.122674938999978], [107.70700073400008, -7.122668263999969], [107.70806503600005, -7.122780013999943], [107.70806503700004, -7.122780072999944], [107.70807741500005, -7.123479044999954], [107.70808410700005, -7.123857018999956], [107.70784759600008, -7.124695297999949], [107.70767202700006, -7.1247720079999795], [107.70715022400009, -7.124999996999975], [107.70701599200004, -7.125058646999946], [107.70693078200009, -7.124999996999975], [107.70581054700006, -7.124228951999953], [107.70549331600006, -7.124999996999975], [107.70546722600005, -7.1250634169999785], [107.70560455300006, -7.125195977999965], [107.70665741000005, -7.126131053999927], [107.70665751000007, -7.1261319929999445], [107.70678711100004, -7.127342220999935], [107.70624542400009, -7.128808019999951], [107.70516204800003, -7.130270001999975], [107.70469417000004, -7.129146860999981], [107.70277519200005, -7.128440852999972], [107.70307086700006, -7.1278414199999816], [107.70480682800007, -7.12795080099994], [107.70576070100009, -7.1273475139999505], [107.70407616600005, -7.1258033549999595], [107.70390484700005, -7.124999997999964], [107.70370698600004, -7.124072182999953], [107.70257360300008, -7.12467651299994], [107.70259864200005, -7.124999996999975], [107.70263834500008, -7.1255129169999805], [107.70300086700007, -7.126108494999926], [107.70174991000005, -7.1270721369999706], [107.70120822800004, -7.126537372999962], [107.70065679900006, -7.126101993999953], [107.70000000000005, -7.128678491999949], [107.69996496900006, -7.128815911999936], [107.70000000000005, -7.128808969999966], [107.70151897200009, -7.128507971999966], [107.70187658900005, -7.128266799999949], [107.70206556400007, -7.129879487999972], [107.70248862600005, -7.130594255999938], [107.70355987500005, -7.13052558499993], [107.70318138700009, -7.131266209999978], [107.70274353100007, -7.132122989999971], [107.70254617000006, -7.13231623799993], [107.70224758000006, -7.132608608999931], [107.70220571300007, -7.1326498229999515], [107.70220573100005, -7.132649876999949], [107.70246887400003, -7.133457179999937], [107.70392608800006, -7.135204791999968], [107.70469284100005, -7.137291427999969], [107.70469124900006, -7.137291809999965], [107.70283508600005, -7.13773536399998], [107.70164489800004, -7.136257168999975], [107.70083618200005, -7.136518953999939], [107.70082869600009, -7.138212112999952], [107.70082874500008, -7.138212163999981], [107.70175552500007, -7.139192340999955], [107.70175582300004, -7.139193789999979], [107.70212936500008, -7.141016241999978], [107.70212975900006, -7.141016573999934], [107.70347595300007, -7.1421494439999265], [107.70451736500007, -7.14294480999996], [107.70452880900007, -7.143760200999964], [107.70463648300006, -7.144648123999957], [107.70465850900007, -7.144829748999939], [107.70398712300005, -7.145225997999944], [107.70375011200008, -7.145691967999937], [107.70359420900007, -7.145998476999978], [107.70410919200003, -7.146563051999976], [107.70555496400004, -7.148023125999941], [107.70555649000005, -7.148672405999946], [107.70555877800007, -7.149646279999956], [107.70516204800003, -7.149643416999936], [107.70409393300008, -7.14843368399994], [107.70316314800004, -7.148560521999968], [107.70221710200008, -7.148098941999933], [107.70196151800008, -7.146675821999963], [107.70103454800005, -7.146140098999979], [107.70036316000005, -7.146936890999939], [107.70000000000005, -7.147474350999971], [107.69955444400006, -7.148133752999968], [107.69834899900007, -7.147857664999947], [107.69769287200006, -7.147021052999946], [107.69769881400003, -7.146992044999934], [107.69795990000006, -7.145717141999967], [107.69877624600008, -7.144787783999959], [107.69918060300006, -7.143454547999966], [107.70000000000005, -7.143373150999935], [107.70043182500007, -7.143330253999977], [107.70172119200004, -7.14414071799996], [107.70218025400004, -7.145070741999973], [107.70301306500005, -7.144951771999956], [107.70348895800004, -7.1447435689999566], [107.70372690500005, -7.143910754999979], [107.70408382200009, -7.143553837999946], [107.70351870300004, -7.143464605999952], [107.70277512100006, -7.143553837999946], [107.70214559200008, -7.143240691999949], [107.70199232600004, -7.142537255999969], [107.70199203500005, -7.142535921999979], [107.70161513400006, -7.14141232299994], [107.70155564600009, -7.14043079399994], [107.70134744200004, -7.139835927999968], [107.70063360500006, -7.139389780999977], [107.70000000000005, -7.139286979999952], [107.69950978400004, -7.139207443999965], [107.69908905100004, -7.138510222999969], [107.69860792800006, -7.138438349999944], [107.69792696700006, -7.13772415699998], [107.69751056100006, -7.137010317999966], [107.69777825300008, -7.136474937999935], [107.69837311600008, -7.135404182999935], [107.69819465800003, -7.134363166999947], [107.69759979100007, -7.134601114999953], [107.69673723800008, -7.135344696999937], [107.69614237100006, -7.136921087999951], [107.69676698000006, -7.137456466999936], [107.69681110700009, -7.138469374999943], [107.69561004700006, -7.13835191499993], [107.69417556300004, -7.13783048199997], [107.69414520500004, -7.137819444999934], [107.69374084500004, -7.137670514999968], [107.69307708900004, -7.1364631629999735], [107.69186401400009, -7.138057705999927], [107.69092941400004, -7.140146966999964], [107.69197845500008, -7.140864369999974], [107.69234848100007, -7.141611095999963], [107.69234691400004, -7.14161147599998], [107.69049835300007, -7.142056464999939], [107.68929290800008, -7.141913889999955], [107.68635559200004, -7.141759390999937], [107.68475341800007, -7.140812395999944], [107.68436473100007, -7.138931829999933], [107.68436432000004, -7.138929839999946], [107.68452453600008, -7.1360011079999595], [107.68468857000005, -7.1346921889999635], [107.68444824200009, -7.134753702999944], [107.68361663900004, -7.134878155999957], [107.68157959000007, -7.1346511819999705], [107.68038177500006, -7.134299275999979], [107.68025231600006, -7.133463022999933], [107.68025207600004, -7.133461472999954], [107.68073272700008, -7.132743356999981], [107.67996813900004, -7.132114227999978], [107.68048095800003, -7.131669039999963], [107.68070220600003, -7.1299853639999355], [107.68030548100006, -7.129695173999949], [107.68106842000009, -7.129274365999947], [107.68192509300007, -7.1299314229999595], [107.68215179600008, -7.1307029689999695], [107.68238830700005, -7.129984375999925], [107.68274688900004, -7.12974309699996], [107.68341064700007, -7.129026408999948], [107.68344114000007, -7.129043599999932], [107.68382263200004, -7.129258629999981], [107.68453979500003, -7.1288957569999525], [107.68465423600009, -7.128536697999948], [107.68476867800007, -7.12805747799996], [107.68548584100006, -7.12757539699993], [107.68596649200003, -7.127094266999961], [107.68616867100008, -7.1263682799999515], [107.68535614000007, -7.126141544999939], [107.68497445400004, -7.126270973999965], [107.68392181400009, -7.126627919999976], [107.68368530300006, -7.126270768999973], [107.68357467800007, -7.126107452999975], [107.68367767400008, -7.125673290999941], [107.68434696100007, -7.124999996999975], [107.68439483700007, -7.124951837999959], [107.68559265100004, -7.124705788999961], [107.68630218600003, -7.124104018999958], [107.68640518200004, -7.123218296999937], [107.68629455800004, -7.122669216999952], [107.68605804500004, -7.122312066999939], [107.68534088100006, -7.122436044999972], [107.68562710000003, -7.121922822999977], [107.68544769600004, -7.121359346999952], [107.68574196700007, -7.120154660999958], [107.68579864500003, -7.119922635999956], [107.68687439000007, -7.119318957999951], [107.68747711300006, -7.119315621999931], [107.68842315800003, -7.118473048999931], [107.68985748400007, -7.118225570999925], [107.69069671700004, -7.11810111799997], [107.69188690300007, -7.117257593999966], [107.69253488400005, -7.11757535199996], [107.69357299900008, -7.118084428999964], [107.69464874300007, -7.118197915999929], [107.69524383500004, -7.11759662299994], [107.69522865200008, -7.116969595999933], [107.69522857700008, -7.1169664819999525], [107.69499206600005, -7.116044040999952], [107.69439697300004, -7.115808483999956], [107.69393578800003, -7.115413283999942], [107.69393539600009, -7.115412945999935], [107.69415283400008, -7.114973063999969], [107.69510650600006, -7.114250177999963], [107.69651794500004, -7.11382483999995], [107.69651396800003, -7.113808197999958], [107.69641113500006, -7.11337804599998], [107.69640352000005, -7.1127859039999635], [107.69640350500003, -7.1127846219999356], [107.69604492400003, -7.111734389999981], [107.69580078400008, -7.110540385999968], [107.69543457200007, -7.109705921999932], [107.69483947900005, -7.109589572999937], [107.69412231400008, -7.110430716999929], [107.69364166300005, -7.109835620999945], [107.69327545200008, -7.108283994999965], [107.69303131200007, -7.108285423999973], [107.69243621800007, -7.108886239999947], [107.69208526700004, -7.109844682999949], [107.69184875600007, -7.110802647999947], [107.69126129200004, -7.111642834999941], [107.69103241000005, -7.11355685999996], [107.68960571400004, -7.114999291999936], [107.68889659800004, -7.114942105999944], [107.68889618000009, -7.114942069999927], [107.68900299400008, -7.114524837999966], [107.69007110800004, -7.113920686999961], [107.69030761900007, -7.113202090999948], [107.69029999000009, -7.112126345999968], [107.69053650000006, -7.110929485999975], [107.69052887200007, -7.1097345339999265], [107.69087982200006, -7.108656405999966], [107.69098281500004, -7.1076975339999535], [107.69027710000006, -7.107583997999939], [107.68991851900006, -7.108064173999935], [107.68956756600005, -7.109022614999958], [107.68897247400008, -7.1098627999999735], [107.68817791900005, -7.109470527999974], [107.68817526000004, -7.1094692159999795], [107.68791357000003, -7.10934001499993], [107.68791198900004, -7.109339235999926], [107.68811798200005, -7.108642574999976], [107.68776703000009, -7.107957362999969], [107.68669128500005, -7.108322140999974], [107.68537902900005, -7.10856866499995], [107.68467712400007, -7.107819076999931], [107.68524933000003, -7.106895921999978], [107.68620300400005, -7.106770987999937], [107.68620842300004, -7.1067637319999335], [107.68656158500005, -7.106290810999951], [107.68739318800004, -7.105807776999939], [107.68846893300008, -7.10580158099998], [107.68942260800009, -7.105197902999976], [107.69037628300003, -7.104355808999969], [107.69157409900004, -7.1041097619999505], [107.69313049300007, -7.104339595999932], [107.69361114600008, -7.104097838999962], [107.69420623800005, -7.103616235999937], [107.69612121700004, -7.1037249549999615], [107.69644165200003, -7.103215929999976], [107.69599151700004, -7.102769369999976], [107.69538879500004, -7.101644991999933], [107.69538117200005, -7.100861069999951], [107.69538116600006, -7.100860113999943], [107.69538116600006, -7.099999999999966], [107.69538116600006, -7.099903580999978], [107.69543920400008, -7.099999999999966], [107.69603260900004, -7.10098583599995], [107.69693533600008, -7.101877141999978], [107.69818382000005, -7.10049515999998], [107.69871458500006, -7.099999999999966], [107.69895746700007, -7.099773410999944], [107.69937915800006, -7.099999999999966], [107.69961772300007, -7.1001281889999746], [107.69908585200005, -7.101266923999958], [107.69891367500009, -7.102523104999932], [107.69927720900006, -7.103298000999928], [107.69916312300006, -7.104254991999937], [107.69712633900008, -7.10384845699997], [107.69707243100004, -7.104864866999947], [107.69689711200004, -7.105583132999925], [107.69642157800007, -7.1061238349999485], [107.69636836700005, -7.10725978399995], [107.69505271200006, -7.107386979999944], [107.69583578700008, -7.108278981999945], [107.69691420000004, -7.108511785999951], [107.69798807500007, -7.107967599999938], [107.69912719800004, -7.10693502099997], [107.70000000000005, -7.107449102999965], [107.70033264300008, -7.107645030999947], [107.70056915500004, -7.107285019999949], [107.70056152300003, -7.106209276999948], [107.70114898700007, -7.105010504999939], [107.70127105800009, -7.104412078999928], [107.70137786900005, -7.10309648599997], [107.70161438000008, -7.102616784999952], [107.70221710200008, -7.102254866999942], [107.70244598400006, -7.101416584999981], [107.70268249600008, -7.100697992999926], [107.70311522900005, -7.099999999999966], [107.70327758800005, -7.099738117999948], [107.70375824100006, -7.099854942999968], [107.70378309700004, -7.099999999999966], [107.70388031000005, -7.1005673389999515], [107.70391262800007, -7.100856181999973], [107.70399475100004, -7.10159015399995], [107.70399707700005, -7.101599729999975], [107.70411300800004, -7.102077003999966], [107.70411263700004, -7.1020779709999715], [107.70377349900008, -7.102962968999975], [107.70341491700009, -7.103562831999966], [107.70307541100004, -7.104142185999933], [107.70307565600007, -7.104142707999927], [107.70342254600007, -7.104877469999963], [107.70365142800006, -7.104988573999947], [107.70355795200004, -7.105791309999972]]]}, "properties": {"OBJECTID": 32298, "KODE_PROV": 32, "PL2021_ID_R": 20093, "PL2022_ID": 20093}}, {"type": "Feature", "geometry": {"type": "Polygon", "coordinates": [[[107.57256317200006, -7.090363499999967], [107.57357788100006, -7.0913672409999435], [107.57373047100003, -7.09151696999993], [107.57362366000007, -7.092444893999925], [107.57404327400008, -7.093671317999963], [107.57409668100007, -7.093834396999966], [107.57467651500008, -7.0941786749999665], [107.57549285900006, -7.0945219969999584], [107.57673645200003, -7.09440207199998], [107.57711792100008, -7.095324988999948], [107.57762146100004, -7.0964002589999495], [107.57771301500009, -7.096596714999976], [107.57910919200003, -7.097053047999964], [107.58047867100004, -7.097273822999966], [107.58047882600005, -7.097274107999965], [107.58074188400008, -7.097750183999949], [107.58085632300003, -7.097971435999966], [107.57946020000009, -7.098930554999981], [107.57964471400004, -7.0998261669999465], [107.57958055900008, -7.099999999999966], [107.57929101200006, -7.100784551999936], [107.57971355000006, -7.101439735999975], [107.58091233200008, -7.101791718999948], [107.58337040400005, -7.102614889999927], [107.58283686000004, -7.10351450099995], [107.58344059400008, -7.104467550999971], [107.58427834400004, -7.104462877999936], [107.58421182400008, -7.103267732999939], [107.58474837300008, -7.102906089999976], [107.58654721900007, -7.103553586999965], [107.58738964600008, -7.104385743999956], [107.58817056500004, -7.104919363999954], [107.58961005100008, -7.105509076999965], [107.59068950100004, -7.105921470999931], [107.59032544100006, -7.105026873999975], [107.58894278400004, -7.103898865999952], [107.58762064100006, -7.10289006499994], [107.58516190100005, -7.101947369999948], [107.58336306100006, -7.101299866999966], [107.58479451800008, -7.100455025999963], [107.58605380400007, -7.100926208999965], [107.58749561400003, -7.101934350999954], [107.58893475500008, -7.102464296999926], [107.58983534800007, -7.102997245999973], [107.59115849900007, -7.104185359999974], [107.59146372200007, -7.105259610999951], [107.59284370600005, -7.105909419999932], [107.59487856600003, -7.105957804999946], [107.59654734300005, -7.104752952999945], [107.59838104300007, -7.1043782209999335], [107.59770202700008, -7.105862138999953], [107.59600067300005, -7.106781956999953], [107.59497833300009, -7.107357021999974], [107.59361267100007, -7.108047957999929], [107.59292602600004, -7.1082792239999435], [107.59179687500006, -7.109082219999948], [107.59076690800003, -7.109087938999949], [107.59062958000004, -7.108880039999974], [107.59029769900008, -7.108396764999952], [107.58894348100006, -7.107163425999943], [107.58779144400006, -7.105918402999976], [107.58689117500006, -7.106486555999936], [107.58753967500007, -7.107236858999954], [107.58768463300004, -7.10739850799996], [107.58803558400007, -7.108648297999935], [107.58804321300005, -7.10944509199993], [107.58666992200006, -7.108655927999962], [107.58654022400003, -7.108460901999933], [107.58596801800007, -7.107635496999933], [107.58518219300004, -7.107640740999955], [107.58438110400004, -7.107645030999947], [107.58369445900007, -7.106965536999951], [107.58361053700008, -7.106825826999966], [107.58299255600008, -7.105826136999951], [107.58232116900007, -7.10560798399996], [107.58152771000005, -7.106295105999948], [107.58050537400004, -7.106870170999969], [107.57948303200004, -7.107672213999933], [107.57754516900008, -7.107512946999975], [107.57685852100008, -7.107516762999978], [107.57617950400004, -7.107634065999946], [107.57572174100005, -7.108547208999937], [107.57412719800004, -7.108100887999967], [107.57398987000005, -7.10789393999994], [107.57366943400007, -7.107420916999956], [107.57249832300005, -7.105373141999962], [107.57125854600008, -7.10504388499993], [107.57102966400004, -7.105272766999974], [107.57115173400007, -7.10675191699994], [107.56968689100006, -7.1072158769999305], [107.56992348600005, -7.105738230999975], [107.56884105200004, -7.1047878089999585], [107.56704220100005, -7.104140234999932], [107.56644612300005, -7.104561970999953], [107.56765088900005, -7.105989934999968], [107.56900024400005, -7.107219692999934], [107.56877136200006, -7.107903476999979], [107.56911087200007, -7.109328981999965], [107.57061004800005, -7.11051082299997], [107.57086181700004, -7.110634802999925], [107.57106781200008, -7.110736367999948], [107.57039642500007, -7.112674710999954], [107.56914520300006, -7.112340447999941], [107.56834411800008, -7.112231251999958], [107.56697845600007, -7.112466333999976], [107.56687927200005, -7.112242217999949], [107.56647491600006, -7.11143875099998], [107.56595615200007, -7.111355592999928], [107.56582641600005, -7.111334799999952], [107.56549072300004, -7.1115641549999395], [107.56412506200007, -7.112027163999926], [107.56396484600003, -7.111811634999981], [107.56375630700006, -7.111579731999939], [107.56408691400009, -7.110010622999937], [107.56420135600007, -7.109314439999935], [107.56430816700004, -7.108733650999966], [107.56547546600007, -7.108959195999944], [107.56579638400007, -7.108632037999939], [107.56581878700007, -7.108609197999954], [107.56576745900009, -7.108544890999951], [107.56565094000007, -7.1083989099999485], [107.56535339500005, -7.108032226999967], [107.56465495100008, -7.107638939999958], [107.56453704800003, -7.1075725529999545], [107.56441498000004, -7.107382294999979], [107.56429821100005, -7.107205639999961], [107.56346893500006, -7.105951065999932], [107.56357478700005, -7.10475719599998], [107.56273536600008, -7.104462952999938], [107.56147574100004, -7.103931923999937], [107.56137085000006, -7.102487561999965], [107.56136322000003, -7.10074806199998], [107.56140626300004, -7.099999999999966], [107.56147003300003, -7.098891730999981], [107.56180572600005, -7.097266669999954], [107.56192016800009, -7.096685883999953], [107.56311451100004, -7.097287648999952], [107.56348248600005, -7.098899588999927], [107.56473944600003, -7.098952414999928], [107.56563471800007, -7.098529026999927], [107.56539039200004, -7.097633728999938], [107.56448783600007, -7.096742067999969], [107.56406366500005, -7.095787986999937], [107.56429507700005, -7.094352066999932], [107.56333831700005, -7.094476904999965], [107.56249237100008, -7.0944790809999745], [107.56317138700007, -7.092039581999927], [107.56386566400005, -7.091108317999954], [107.56432342500005, -7.089829920999932], [107.56467437800006, -7.089828010999952], [107.56523132400008, -7.090651985999955], [107.56537628200005, -7.090867992999961], [107.56584167700004, -7.091097352999952], [107.56630706900006, -7.091094966999947], [107.56687927200005, -7.0907435399999486], [107.56670379700006, -7.09053754699994], [107.56629943900003, -7.090051172999949], [107.56523533000006, -7.089184676999935], [107.56523528300005, -7.08918463599997], [107.56501007300005, -7.087970731999974], [107.56535339500005, -7.087620731999948], [107.56687164300007, -7.088307856999961], [107.56780243000009, -7.088418957999977], [107.57000732600005, -7.089450356999976], [107.57151794600009, -7.0901374809999425], [107.57256317200006, -7.090363499999967]]]}, "properties": {"OBJECTID": 32308, "KODE_PROV": 32, "PL2021_ID_R": 20093, "PL2022_ID": 20093}}, {"type": "Feature", "geometry": {"type": "Polygon", "coordinates": [[[107.67836761600006, -7.076810830999932], [107.67909050100008, -7.076843536999945], [107.67909240700004, -7.076843377999978], [107.67956543100007, -7.076804160999927], [107.67980957100008, -7.077400205999936], [107.67981720000006, -7.077878471999952], [107.67981720000006, -7.078595634999942], [107.67981720000006, -7.0789542179999785], [107.68029785200008, -7.078951832999962], [107.68173217800006, -7.078704353999967], [107.68233490000006, -7.078701016999958], [107.68257141100008, -7.079297065999981], [107.68329620500003, -7.079651830999978], [107.68401336800008, -7.080364699999961], [107.68402099800005, -7.081020351999939], [107.68402034600007, -7.081020683999952], [107.68366241600006, -7.081203458999937], [107.68306732300005, -7.081326482999941], [107.68260960200007, -7.081670630999952], [107.68260961500005, -7.081670671999973], [107.68283081200008, -7.082284449999975], [107.68354797400008, -7.082519050999963], [107.68408798000007, -7.082598645999951], [107.68408799500008, -7.082598770999937], [107.68415069600007, -7.083113191999928], [107.68415832500006, -7.084547992999944], [107.68464660700005, -7.08526229499995], [107.68536377000004, -7.085736271999963], [107.68582114700007, -7.086277958999972], [107.68596649200003, -7.086450099999979], [107.68669128500005, -7.087521550999952], [107.68669128500005, -7.088177679999944], [107.68562317000004, -7.089082238999936], [107.68479156600006, -7.089804169999979], [107.68431854300007, -7.09183883399993], [107.68348693800004, -7.091724393999925], [107.68336486900006, -7.09124707899997], [107.68276214700006, -7.091250418999948], [107.68253326500007, -7.092327592999936], [107.68218231300006, -7.0937638249999395], [107.68098449700005, -7.094129558999953], [107.67990875200007, -7.094255444999931], [107.67919159100006, -7.094976900999939], [107.67859649800005, -7.0955777149999335], [107.67776489400006, -7.0961804359999405], [107.67645264000004, -7.096666334999952], [107.67598342900004, -7.096017356999937], [107.67608642800008, -7.095472809999933], [107.67619323900004, -7.094634765999956], [107.67523956500008, -7.0945215219999795], [107.67488861300006, -7.095240589999946], [107.67465210200004, -7.096078870999975], [107.67393493700007, -7.0966806379999525], [107.67298126200006, -7.096925257999942], [107.67251205600007, -7.097639433999973], [107.67251205600007, -7.097639473999948], [107.67251587000004, -7.098305221999965], [107.67251527600007, -7.098306649999927], [107.67204284800005, -7.0994410489999495], [107.67148722300004, -7.099999999999966], [107.67132568600005, -7.100162503999968], [107.67061615000006, -7.101003164999952], [107.67049408200006, -7.10172128399995], [107.66978454600007, -7.1029210069999635], [107.66847229200005, -7.103406424999946], [107.66835785000006, -7.104124543999944], [107.66788482800007, -7.104964251999945], [107.66632843000008, -7.104972835999945], [107.66614517200009, -7.104951111999981], [107.66536712800007, -7.104858872999955], [107.66440582400008, -7.104147430999944], [107.66416168400008, -7.102952954999978], [107.66402774200009, -7.10242922599997], [107.66391754400007, -7.101998326999933], [107.66332245000007, -7.102240557999949], [107.66273498600003, -7.101824995999948], [107.66283416900006, -7.101406568999948], [107.66367340200009, -7.100804326999935], [107.66377815100009, -7.100633173999938], [107.66387179200007, -7.100480173999927], [107.66416566700008, -7.099999999999966], [107.66426086400008, -7.0998444539999355], [107.66461944700006, -7.098886012999969], [107.66593170200008, -7.098639483999932], [107.66629028400007, -7.098159309999971], [107.66652679500004, -7.097559926999963], [107.66712188800005, -7.096839423999938], [107.66783142100007, -7.096237655999971], [107.66806793200004, -7.095757957999979], [107.66866302500006, -7.095396039999969], [107.66888046300005, -7.094786878999969], [107.66830444500005, -7.094441888999938], [107.66734314100006, -7.094327924999959], [107.66709900100005, -7.093014236999977], [107.66638183700007, -7.093377110999938], [107.66542816400005, -7.093860623999944], [107.66374969500004, -7.094109054999933], [107.66256860500005, -7.09393093999995], [107.66256714100007, -7.093930717999967], [107.66267395000006, -7.093517777999978], [107.66302490400005, -7.0926790199999346], [107.66361999700007, -7.092197416999966], [107.66433715900007, -7.091475959999968], [107.66493225100004, -7.0907554599999685], [107.66600036600005, -7.090390678999938], [107.66648101800007, -7.090148446999933], [107.66683197000003, -7.089190482999925], [107.66742706400004, -7.088350294999941], [107.66790771500007, -7.087869163999926], [107.66838073800005, -7.087507723999977], [107.66915867700004, -7.087503193999964], [107.66915874100005, -7.087503193999964], [107.66933441200007, -7.086784838999961], [107.67005157700004, -7.087019917999953], [107.67065429900003, -7.087016578999965], [107.67076873800005, -7.086537835999934], [107.67112732000004, -7.085937973999933], [107.67148590200009, -7.086413857999958], [107.67208862400008, -7.087247367999964], [107.67244720500008, -7.087364670999932], [107.67292785800004, -7.086884019999957], [107.67340088000009, -7.086283679999951], [107.67351532300006, -7.0852069819999315], [107.67362976200008, -7.084488867999937], [107.67374420500005, -7.084249493999948], [107.67398071500008, -7.083171840999967], [107.67433859500005, -7.082636921999949], [107.67433929400005, -7.082635875999927], [107.67433166500007, -7.082094189999964], [107.67420959600008, -7.081377505999967], [107.67409902800006, -7.080398351999975], [107.67409897000005, -7.080397841999968], [107.67443847800007, -7.079702850999979], [107.67539215100004, -7.078979965999963], [107.67598724400005, -7.078378673999964], [107.67622375700006, -7.0780186609999305], [107.67706298900004, -7.077774998999928], [107.67729950200004, -7.0774149869999405], [107.67753539000006, -7.076886611999953], [107.67753601200008, -7.076885220999941], [107.67753601200008, -7.076330896999934], [107.67777252300004, -7.076097009999955], [107.67836761600006, -7.076810830999932]], [[107.67560379500009, -7.086340615999973], [107.67411487600003, -7.087544622999928], [107.67400383300009, -7.089039549999939], [107.67473602500007, -7.089144704999967], [107.67462921200007, -7.090165850999938], [107.67474365400005, -7.091057298999942], [107.67522430500009, -7.0916523889999326], [107.67607116900007, -7.092603680999957], [107.67655182100003, -7.0935573559999625], [107.67714691300006, -7.092597482999963], [107.67725753900004, -7.0916299799999365], [107.67713928400008, -7.091282843999977], [107.67703273700005, -7.090899699999966], [107.67703247300005, -7.090898749999951], [107.67761230600007, -7.089964864999956], [107.67832946900006, -7.089841362999948], [107.67892456200008, -7.089838024999949], [107.68012237600004, -7.089472291999925], [107.68069035800005, -7.088725383999929], [107.68069076600005, -7.088724848999959], [107.68035125800009, -7.088395118999927], [107.67975616600006, -7.088398454999947], [107.67938995500003, -7.087325094999926], [107.67938614000008, -7.08588518199997], [107.67938614000008, -7.085885146999942], [107.67974090700005, -7.0854101159999345], [107.68032837100009, -7.084450242999935], [107.68061829000004, -7.08419489399995], [107.68020630100006, -7.0836143459999334], [107.67948150800004, -7.082781789999956], [107.67887878600004, -7.081855295999958], [107.67744203400008, -7.083460995999928], [107.67738875800006, -7.084596961999978], [107.67661577100006, -7.085438216999933], [107.67560379500009, -7.086340615999973]]]}, "properties": {"OBJECTID": 32325, "KODE_PROV": 32, "PL2021_ID_R": 20093, "PL2022_ID": 20093}}, {"type": "Feature", "geometry": {"type": "Polygon", "coordinates": [[[107.65374756000006, -7.0704660379999495], [107.65318298300008, -7.07253026799998], [107.65169525200008, -7.071400162999964], [107.65111923300009, -7.071320052999965], [107.64991760300006, -7.071133609999947], [107.64923095700004, -7.071137901999975], [107.64923095700004, -7.070934769999951], [107.64923095700004, -7.0699996919999535], [107.64922332800006, -7.068861481999932], [107.64887237500005, -7.067839142999958], [107.64877319300007, -7.067706585999929], [107.64818573000008, -7.0669143169999415], [107.64829254300008, -7.065680024999949], [107.64839172500007, -7.063289162999979], [107.64894866900005, -7.061465258999931], [107.64928436300005, -7.061085222999964], [107.64960479800004, -7.061026093999942], [107.65079498400007, -7.0608997309999495], [107.65199280000007, -7.060773369999936], [107.65268682400006, -7.060542296999927], [107.65270996200007, -7.060534592999943], [107.65308596900007, -7.060310903999948], [107.65308634700006, -7.060310693999952], [107.65311432100003, -7.060461041999929], [107.65312957900005, -7.062169070999971], [107.65359497200006, -7.064898966999976], [107.65372467300006, -7.066833970999937], [107.65374756000006, -7.0704660379999495]]]}, "properties": {"OBJECTID": 32347, "KODE_PROV": 32, "PL2021_ID_R": 20093, "PL2022_ID": 20093}}, {"type": "Feature", "geometry": {"type": "Polygon", "coordinates": [[[107.67555397300004, -7.06766992699994], [107.67516894900007, -7.068099614999937], [107.67430873100005, -7.06797877799994], [107.67397663000008, -7.066255984999941], [107.67484463800008, -7.065287274999946], [107.67571100400005, -7.06454794299998], [107.67566385200007, -7.063113920999967], [107.67400288700009, -7.062585939999963], [107.67366462800004, -7.061723314999938], [107.67441823400009, -7.060696441999937], [107.67551706200004, -7.059557328999972], [107.67781353600009, -7.05951635699995], [107.67918580400004, -7.059326685999963], [107.68016619200006, -7.05964781299997], [107.68090423300004, -7.060800024999935], [107.67968937400008, -7.062110367999935], [107.67904894000009, -7.06336745699997], [107.67894137900004, -7.063885469999946], [107.67881114000005, -7.064512712999942], [107.67742651500004, -7.065477744999953], [107.67603696300006, -7.067130906999978], [107.67555397300004, -7.06766992699994]]]}, "properties": {"OBJECTID": 32350, "KODE_PROV": 32, "PL2021_ID_R": 20093, "PL2022_ID": 20093}}, {"type": "Feature", "geometry": {"type": "Polygon", "coordinates": [[[107.61219024900004, -7.048813819999964], [107.61344910000008, -7.049376484999925], [107.61406708100009, -7.050157068999965], [107.61425781400004, -7.050395963999961], [107.61299896500009, -7.050175662999948], [107.61162567500008, -7.049500461999969], [107.61137333200008, -7.0495651379999344], [107.61071777300003, -7.04973315899997], [107.61054229900009, -7.050618646999965], [107.61049652400004, -7.050872798999933], [107.61117554000003, -7.050755021999976], [107.61137333200008, -7.0507932619999565], [107.61174774300008, -7.050865646999966], [107.61357879800005, -7.051310536999949], [107.61437225500003, -7.050736423999979], [107.61562347700004, -7.050615784999934], [107.61665344200009, -7.05072402899998], [107.61768341300007, -7.05185651599993], [107.61894226100009, -7.0527596449999805], [107.62053680500009, -7.052750109999977], [107.62141418500005, -7.0521602589999475], [107.62155914400006, -7.052062031999981], [107.62268829400006, -7.0519413919999465], [107.62326049800004, -7.052051538999933], [107.62500000100005, -7.052215528999966], [107.62554168900004, -7.052266596999971], [107.62793731700003, -7.0523667329999284], [107.62987518400007, -7.05292462999995], [107.63053131200007, -7.053841112999976], [107.63068390200004, -7.054058072999965], [107.63034057800007, -7.054059980999966], [107.62942504900008, -7.0539517379999666], [107.62885284700008, -7.053955075999966], [107.62760925500004, -7.054986475999954], [107.62703704800003, -7.055103297999949], [107.62635040500004, -7.053969381999934], [107.62577820000007, -7.0539722399999505], [107.62500000100005, -7.0537189679999415], [107.62474823100007, -7.053637027999969], [107.62417602700003, -7.053298471999938], [107.62372589300008, -7.053756711999938], [107.62281799600004, -7.0539894069999605], [107.62213898000005, -7.053310390999968], [107.62088012800007, -7.053431509999939], [107.62088775700005, -7.054422375999934], [107.62088775700005, -7.054569241999957], [107.62191772700004, -7.055246827999952], [107.62204772500007, -7.055430090999948], [107.62260437100008, -7.056214806999947], [107.62263017800007, -7.056252011999959], [107.62271881100008, -7.056379792999962], [107.62272644400008, -7.057631965999974], [107.62295532400009, -7.058768747999977], [107.62141792600005, -7.058347803999936], [107.62033759300004, -7.057756130999962], [107.61925793300009, -7.05728400199996], [107.61799844800004, -7.056753103999938], [107.61776584300009, -7.057949891999954], [107.61986364800003, -7.0585956319999354], [107.62052314300007, -7.058831022999925], [107.61986768700007, -7.059312898999963], [107.62202162700004, -7.059300793999967], [107.62285614000007, -7.059566019999977], [107.62262725900007, -7.059794900999975], [107.62046814300004, -7.060376640999948], [107.61910248000004, -7.06095361499996], [107.61819458000008, -7.0618691409999315], [107.61740112400008, -7.062328811999976], [107.61714172700005, -7.0632972709999535], [107.61706543100007, -7.063582416999964], [107.61808777000005, -7.063235757999962], [107.61933899100006, -7.062545297999975], [107.61999479500008, -7.062398911999935], [107.62125509000003, -7.06211759699994], [107.62195587500008, -7.061961169999961], [107.62295422800008, -7.062191029999951], [107.62318134300006, -7.063358907999941], [107.62366505700004, -7.064252794999959], [107.62373298200004, -7.065686985999946], [107.62385939300009, -7.066881757999965], [107.62416429100006, -7.067896195999936], [107.62423087500008, -7.069091300999958], [107.62500000100005, -7.069409999999948], [107.62541981200008, -7.069583952999949], [107.62574768300004, -7.070979592999947], [107.62709045400004, -7.072261805999972], [107.62725067200006, -7.07240485899996], [107.62713623200005, -7.072630402999948], [107.62794494900004, -7.074105261999932], [107.62886810500004, -7.075807569999938], [107.62979126200008, -7.078533643999947], [107.63026428300009, -7.080693241999938], [107.63081360300004, -7.081670756999927], [107.63166809300009, -7.0829343799999265], [107.63175964500005, -7.083074568999962], [107.63244629000008, -7.084322924999981], [107.63176727400008, -7.084781644999964], [107.63017105300008, -7.084450997999966], [107.63016510100005, -7.084449764999931], [107.63013458400007, -7.084267613999941], [107.62992859100007, -7.082971566999959], [107.62981414900008, -7.08285617599995], [107.62876129200004, -7.081778760999953], [107.62844085700004, -7.080931661999955], [107.62824180300004, -7.080557919999933], [107.62807083300004, -7.080236907999961], [107.62763214200004, -7.079911705999962], [107.62694226300005, -7.079086042999961], [107.62694168200005, -7.079085348999968], [107.62682342700003, -7.077867505999961], [107.62693786700004, -7.076956745999951], [107.62783813700008, -7.076040740999929], [107.62783813700008, -7.075471875999938], [107.62757492300005, -7.074870346999944], [107.62703704800003, -7.074337955999965], [107.62634277300003, -7.073545451999962], [107.62565613000004, -7.072980400999938], [107.62500000100005, -7.072889710999959], [107.62486267300005, -7.072870727999941], [107.62417602700003, -7.072533604999933], [107.62326812900005, -7.0716285659999585], [107.62223053100007, -7.070610043999977], [107.62120585700006, -7.069659881999939], [107.62120437800007, -7.069658515999947], [107.62130737400008, -7.0687942449999355], [107.62116241700005, -7.068740843999933], [107.62039947700003, -7.068457598999942], [107.61948395100006, -7.068804260999968], [107.61949920900008, -7.070351121999977], [107.62034649900005, -7.071235250999962], [107.62037658800006, -7.071266648999938], [107.62052917600005, -7.071415899999977], [107.62007904300003, -7.072556967999958], [107.62111663900004, -7.074599741999975], [107.62033081300007, -7.0764255499999535], [107.61998748900004, -7.077223773999947], [107.61930847300005, -7.077000138999949], [107.61862182700008, -7.076435084999957], [107.61804962500008, -7.077234742999963], [107.61737823700008, -7.078262802999973], [107.61646270900007, -7.078382012999953], [107.61603164900004, -7.079255578999948], [107.61603195600009, -7.079255837999938], [107.61700439700007, -7.080077169999981], [107.61715698400008, -7.080199238999967], [107.61693573100007, -7.08099746399995], [107.61614227300004, -7.081456657999979], [107.61534118900005, -7.081688878999955], [107.61477661100008, -7.08237552199995], [107.61460780200008, -7.083006157999932], [107.61460737700008, -7.083007752999947], [107.61378840700007, -7.08373062499993], [107.61263281500004, -7.084750619999966], [107.61231055100006, -7.085035068999957], [107.61206200400005, -7.086388267999951], [107.61103763800008, -7.086142678999977], [107.61069537900005, -7.086769492999963], [107.61115172400008, -7.087453288999939], [107.61115172400008, -7.088421997999944], [107.61086650900006, -7.089162774999977], [107.61018199100005, -7.089390705999961], [107.60904112800006, -7.089390705999961], [107.60829956800006, -7.089960532999953], [107.60818548100008, -7.090872253999976], [107.60807139500008, -7.091783973999952], [107.60755800700008, -7.092467761999956], [107.60721574800004, -7.093265513999938], [107.60715870500007, -7.094063264999932], [107.60695243000004, -7.094928693999975], [107.60618591600007, -7.094375129999946], [107.60504150400004, -7.093698973999949], [107.60470581200008, -7.094497200999967], [107.60402679600008, -7.095411777999971], [107.60300445900003, -7.09553146199994], [107.60222999900009, -7.093722490999937], [107.60162323800006, -7.092231518999938], [107.60101346000005, -7.090202584999929], [107.60064337000006, -7.08823208299998], [107.60000000000008, -7.086287640999956], [107.59991293100006, -7.0860244939999575], [107.59954520100007, -7.0844723999999815], [107.59929714700007, -7.082919634999939], [107.59856271400008, -7.079994758999931], [107.59825048800008, -7.077665271999933], [107.59829761000009, -7.07539355199998], [107.59715974300008, -7.07522058099994], [107.59752711300007, -7.076712905999955], [107.59777682300006, -7.078564544999949], [107.59826320000008, -7.079936657999951], [107.59815223400005, -7.08149143299994], [107.59815759000008, -7.08244780299998], [107.59816729900007, -7.084181227999977], [107.59895689300004, -7.086268941999947], [107.59938680600004, -7.088239114999965], [107.59999891800004, -7.0906864659999655], [107.60000000000008, -7.090688308999972], [107.60066349700008, -7.091818469999964], [107.60115326900006, -7.09378830299994], [107.60221099900008, -7.096559999999954], [107.60176086500007, -7.097928520999972], [107.60188293800007, -7.09952115599998], [107.60172166600006, -7.099999999999966], [107.60132598900009, -7.101174829999934], [107.60087585400004, -7.102315422999936], [107.60042572000003, -7.103569980999964], [107.60000000000008, -7.10350198499998], [107.59973907600005, -7.103460310999935], [107.59838104300007, -7.1043782209999335], [107.59719918900004, -7.103613571999972], [107.59755050100006, -7.102236773999948], [107.59742545300008, -7.101281072999939], [107.59634702300008, -7.101048011999978], [107.59580680300007, -7.100752161999935], [107.59476786000005, -7.099999999999966], [107.59400428200007, -7.099447193999936], [107.59411759600005, -7.0983108269999775], [107.59494963000009, -7.097289992999947], [107.59541928300007, -7.095673434999981], [107.59481923300007, -7.095377914999972], [107.59344564600008, -7.095863797999925], [107.59261260400007, -7.096705307999969], [107.59123633300004, -7.096712994999962], [107.58938202500008, -7.096842898999967], [107.58753005300008, -7.09739121299998], [107.58639546300009, -7.097815969999942], [107.58520270400004, -7.09853992799998], [107.58502419000007, -7.0987202499999285], [107.58430612900008, -7.098724250999965], [107.58257448100005, -7.099391430999958], [107.58167990100009, -7.099934394999934], [107.58101734000007, -7.099160995999966], [107.58085632300003, -7.097971435999966], [107.58143615800009, -7.097852226999976], [107.58119201800008, -7.096577643999979], [107.58023071400004, -7.09493946799995], [107.57908630400004, -7.093922136999936], [107.57792663800006, -7.093580718999931], [107.57652282800007, -7.0919647199999645], [107.57489013800006, -7.090698715999963], [107.57478332700003, -7.090511794999941], [107.57418823300009, -7.089426512999978], [107.57511902100003, -7.089653491999968], [107.57662963900009, -7.090572356999928], [107.57744598500005, -7.090683934999959], [107.57814026100004, -7.090332028999967], [107.57859802300004, -7.089054107999971], [107.57742309800005, -7.087205406999942], [107.57614898900005, -7.087096212999938], [107.57463836700003, -7.087916372999928], [107.57382965100004, -7.088268753999955], [107.57220459200005, -7.088046548999955], [107.57057189900007, -7.0874752979999585], [107.56964111400004, -7.087016578999965], [107.56906128000008, -7.0862083419999635], [107.56767273000008, -7.0863318409999465], [107.56627655100004, -7.086339947999932], [107.56629943900003, -7.086118694999925], [107.56639099200004, -7.085179326999935], [107.56789398300003, -7.0850548739999795], [107.56870269800004, -7.084354874999974], [107.56858062900005, -7.082615848999978], [107.56844329900008, -7.082523820999938], [107.56840863900004, -7.0824985779999565], [107.56706238000004, -7.0815181679999455], [107.56705475100006, -7.080536838999933], [107.56691742100008, -7.08048486499996], [107.56678573700009, -7.079453928999953], [107.56642407100009, -7.078977710999936], [107.56582339300007, -7.078562591999969], [107.56504419000004, -7.078327779999938], [107.56419372700009, -7.07691239899998], [107.56549835500005, -7.075829502999966], [107.56596374500003, -7.075594898999952], [107.56596394700006, -7.075595319999934], [107.56656646700009, -7.076867815999947], [107.56657005700004, -7.076873187999979], [107.56682587000006, -7.077256200999955], [107.56754303100007, -7.077371595999978], [107.56838226500008, -7.0773668289999705], [107.56897735800004, -7.07712459399994], [107.56932068100008, -7.074851987999978], [107.56855774300004, -7.07279777399998], [107.56811523700009, -7.072468755999978], [107.56703949400008, -7.072116372999972], [107.56668091200004, -7.071520326999973], [107.56751251500003, -7.071396347999951], [107.56822967700003, -7.071272846999932], [107.56822204900004, -7.070436473999962], [107.56845855900008, -7.069120881999936], [107.56845093100009, -7.068164818999946], [107.56891632300005, -7.067086691999975], [107.56975555500009, -7.067081923999979], [107.57035064900003, -7.0664815869999416], [107.57057953000009, -7.065643306999959], [107.57043457100008, -7.065501210999969], [107.57009887900006, -7.065168377999953], [107.56914520500004, -7.065053938999938], [107.56842804400009, -7.064819335999971], [107.56795502100005, -7.064702507999925], [107.56747436800003, -7.064465997999946], [107.56743622200008, -7.064280981999957], [107.56735229800006, -7.063869473999944], [107.56770324900003, -7.063269613999978], [107.56877136400004, -7.063263889999973], [107.56864929400007, -7.061949727999945], [107.56888580600008, -7.061111924999977], [107.56923675500008, -7.060393329999954], [107.56958389500005, -7.060739275999936], [107.56998444400006, -7.061604495999973], [107.57008362100004, -7.06182241099998], [107.57044220300008, -7.062059400999942], [107.57115936400004, -7.062175271999934], [107.57150653400004, -7.062172958999952], [107.57176208700008, -7.0627689329999725], [107.57198715600003, -7.063544032999971], [107.57198981800008, -7.063547761999928], [107.57234387900007, -7.06404308599997], [107.57236480900008, -7.0640723669999375], [107.57285308900003, -7.065033433999929], [107.57312011800008, -7.065639970999939], [107.57321930000006, -7.065867897999965], [107.57369232500008, -7.065865512999949], [107.57381439200009, -7.065147396999976], [107.57320404300003, -7.063716885999952], [107.57295990200004, -7.062403675999974], [107.57283020200003, -7.061328884999966], [107.57294464400007, -7.060133454999971], [107.57402038700008, -7.059769152999934], [107.57485962100009, -7.059763904999954], [107.57533264200003, -7.058327671999962], [107.57543945600008, -7.057012550999957], [107.57591247700009, -7.0561737969999285], [107.57770538700004, -7.055207250999956], [107.57842254800005, -7.0547256429999265], [107.57862174900004, -7.055717121999976], [107.57850737900009, -7.05667417199993], [107.57839598800007, -7.058169190999934], [107.57876062000008, -7.059183366999946], [107.57971861900006, -7.059297620999928], [107.58202668000007, -7.059160316999964], [107.58191681100004, -7.0596051189999685], [107.58192443900003, -7.060561176999954], [107.58222198700008, -7.061245438999947], [107.58229065000006, -7.061395642999969], [107.58274460100006, -7.062068456999953], [107.58274701200008, -7.062073842999951], [107.58303833000008, -7.0627245879999805], [107.58313751500003, -7.062944408999954], [107.58349609600003, -7.063061709999943], [107.58421325900008, -7.062699315999964], [107.58420563100009, -7.061504361999937], [107.58467865300008, -7.061501499999963], [107.58504486300006, -7.061977382999942], [107.58563995700007, -7.061974045999932], [107.58637641400009, -7.062189756999942], [107.58719635100005, -7.062562939999964], [107.58708191200009, -7.063340661999973], [107.58708284800008, -7.063341512999955], [107.58779907400009, -7.063993451999977], [107.58899689000003, -7.063986775999979], [107.58971405300008, -7.063982961999955], [107.59006500400005, -7.063024994999978], [107.59006500400005, -7.062068936999935], [107.59041595700006, -7.061349867999979], [107.59040832800008, -7.060393807999958], [107.59004974600003, -7.059320446999948], [107.59027862700009, -7.05836295499995], [107.59099579000008, -7.058239457999946], [107.59159851200008, -7.057997221999926], [107.59218597700004, -7.05620145599994], [107.59265900100007, -7.055601115999934], [107.59361267300005, -7.055118080999932], [107.59444427700004, -7.054396150999935], [107.59431457700003, -7.054183479999949], [107.59429167700006, -7.054142899999931], [107.59406662000004, -7.053744073999951], [107.59384155500004, -7.053085322999948], [107.59395599700008, -7.051770205999958], [107.59419250700006, -7.051410195999949], [107.59450912800008, -7.051513667999927], [107.59450919900007, -7.05151421599993], [107.59465789900008, -7.052632807999942], [107.59468078600008, -7.052841660999945], [107.59611511400004, -7.053192137999929], [107.59707641800009, -7.054142472999956], [107.59791565200004, -7.054257391999954], [107.59815216200008, -7.053658482999936], [107.59896850800004, -7.05365395299998], [107.59934309200008, -7.054913961999944], [107.59934997700009, -7.054937119999977], [107.59996032700008, -7.056038376999936], [107.59981020700008, -7.056974368999931], [107.59999471100008, -7.057869967999977], [107.59982255900007, -7.059185979999938], [107.59988773600008, -7.060142020999933], [107.59917241200009, -7.060624208999968], [107.59923691800009, -7.061460699999941], [107.59930276700004, -7.0625362869999435], [107.60000000000008, -7.062902793999967], [107.60020293500008, -7.0630094679999615], [107.60097575000009, -7.062108528999943], [107.60150923500004, -7.061208926999939], [107.60156472200003, -7.060431540999957], [107.60150188300008, -7.0598939159999645], [107.60095737700004, -7.058821003999981], [107.60128784400007, -7.057703491999973], [107.60188293800007, -7.057939049999959], [107.60163879600009, -7.056267735999938], [107.60175323700008, -7.055191515999979], [107.60198974800005, -7.054712292999966], [107.60160827800007, -7.053858992999949], [107.60054016300006, -7.052450177999958], [107.60000000000008, -7.052251635999937], [107.59957885900008, -7.052096841999969], [107.59898376700005, -7.051980968999942], [107.59766388100007, -7.05198812499998], [107.59658813800007, -7.0513968449999425], [107.59665680000006, -7.051265237999928], [107.59717559800004, -7.050318237999932], [107.59920501800008, -7.049350735999951], [107.60000000000008, -7.0494182289999685], [107.60052490500004, -7.049462792999975], [107.60175395800007, -7.051464228999976], [107.60302177300008, -7.053489512999931], [107.60440091200007, -7.054019791999963], [107.60487321800008, -7.052881431999936], [107.60420905600006, -7.051809189999972], [107.60348773600003, -7.0512154649999275], [107.60258358700008, -7.050025004999952], [107.60135650900008, -7.048860546999947], [107.60207367100008, -7.048378465999974], [107.60284423900004, -7.04848360699998], [107.60280609300008, -7.049270149999927], [107.60280666300008, -7.0492706819999285], [107.60375976900008, -7.050161359999947], [107.60446930300009, -7.050755021999976], [107.60543823300009, -7.051825046999966], [107.60583496500004, -7.052511213999935], [107.60591888600004, -7.052658553999947], [107.60615158300004, -7.053563829999973], [107.60676574900003, -7.054565905999937], [107.60760498100007, -7.054202551999936], [107.60759735200008, -7.05300760199998], [107.60749054200005, -7.052857395999979], [107.60650635000007, -7.051460263999957], [107.60590362700009, -7.050507540999945], [107.60469818400009, -7.048841474999961], [107.60446167300006, -7.048842904999958], [107.60450745000009, -7.048612114999969], [107.60457611100009, -7.048244472999954], [107.60577392700009, -7.04835748499994], [107.60733032500008, -7.048945898999932], [107.60865021100005, -7.04893875099998], [107.60984802400009, -7.04869317899994], [107.61045837500006, -7.048174379999978], [107.61137333200008, -7.048493803999975], [107.61196899600009, -7.048701756999947], [107.61219024900004, -7.048813819999964]], [[107.61457126700009, -7.053783600999964], [107.61368285700007, -7.05540248899996], [107.61470368300007, -7.0560542879999275], [107.61625896600003, -7.05598579499997], [107.61715576700004, -7.055861216999972], [107.61799038100008, -7.055318564999936], [107.61654704200004, -7.05401162499993], [107.61540924100007, -7.05383868399997], [107.61457126700009, -7.053783600999964]], [[107.61253051200003, -7.06329918299997], [107.61259739700006, -7.064554069999929], [107.61326059500004, -7.0654469679999465], [107.61338563500004, -7.066402659999937], [107.61321016800008, -7.067120939999938], [107.61393253500006, -7.0678939529999525], [107.61382060000005, -7.0692693959999815], [107.61334495800008, -7.069810034999932], [107.61394564700004, -7.070225082999968], [107.61365354000009, -7.07148198699997], [107.61210088800004, -7.072028671999931], [107.61276780000009, -7.073579064999933], [107.61372446900003, -7.0734541459999605], [107.61425624600008, -7.072255669999947], [107.61466869100008, -7.0711176399999545], [107.61502399100004, -7.070458125999949], [107.61579577000003, -7.0693778519999455], [107.61668687500008, -7.0682371359999365], [107.61566500200007, -7.067406032999941], [107.61488347800008, -7.0667529009999726], [107.61409623800006, -7.06508363599994], [107.61366733300008, -7.063292806999925], [107.61253051200003, -7.06329918299997]], [[107.60413795200009, -7.071176659999935], [107.60299909500009, -7.070824379999976], [107.60258929700007, -7.072440594999932], [107.60265448900009, -7.073396628999944], [107.60331836300008, -7.074409091999939], [107.60397922200008, -7.074883593999971], [107.60410459100007, -7.075899065999977], [107.60488646500005, -7.076611984999943], [107.60513318400007, -7.077925651999976], [107.60567203100004, -7.077982406999979], [107.60584549700008, -7.076905490999934], [107.60554062200004, -7.075891024999976], [107.60565861300006, -7.075591490999955], [107.60661495700003, -7.075406808999958], [107.60606772900007, -7.0738557309999806], [107.60498769400004, -7.073323802999937], [107.60438901500004, -7.073267377999969], [107.60414599200004, -7.0726112159999275], [107.60413795200009, -7.071176659999935]], [[107.58325736700004, -7.071591861999934], [107.58187983300007, -7.071360399999946], [107.58182531200003, -7.072317118999933], [107.58141211300006, -7.07333560099994], [107.58087891000008, -7.074294972999951], [107.58106273500005, -7.075071041999934], [107.58226110700008, -7.075363271999947], [107.58309348700004, -7.074402239999927], [107.58368153200007, -7.072545924999929], [107.58325736700004, -7.071591861999934]], [[107.58704099100004, -7.095540895999932], [107.58776038400003, -7.095775985999978], [107.58871645500005, -7.0955315519999544], [107.58948766000009, -7.0943317389999265], [107.59038522700007, -7.0943267299999775], [107.59254172100009, -7.094733115999929], [107.59331459000003, -7.09383216599997], [107.59217734400005, -7.093778745999941], [107.59145762000009, -7.09348388799998], [107.58941980300006, -7.09289750399995], [107.58858341300004, -7.0931412719999685], [107.58823173700006, -7.094458294999981], [107.58715666000006, -7.094822945999965], [107.58704099100004, -7.095540895999932]]]}, "properties": {"OBJECTID": 32364, "KODE_PROV": 32, "PL2021_ID_R": 20093, "PL2022_ID": 20093}}, {"type": "Feature", "geometry": {"type": "Polygon", "coordinates": [[[107.70658111700004, -6.941792007999936], [107.70622805400006, -6.943483416999925], [107.70552192200006, -6.9455196399999295], [107.70586206600007, -6.946545829999934], [107.70577240200004, -6.947295662999977], [107.70471191600006, -6.94730186299995], [107.70481872800008, -6.948137756999927], [107.70589447100008, -6.948370928999964], [107.70685577500007, -6.9487237909999635], [107.70817566000005, -6.948955533999936], [107.70912933400007, -6.949308868999935], [107.71046177900007, -6.950074229999927], [107.71057129100006, -6.950137133999931], [107.71176910500009, -6.9502501459999735], [107.71284678000006, -6.950575035999975], [107.71284728900008, -6.950575189999938], [107.71287409800004, -6.95058327199996], [107.71297461900008, -6.9506135759999665], [107.71332550100004, -6.950719355999979], [107.71500000100008, -6.9513583889999495], [107.71548462000004, -6.951543329999936], [107.71575000000007, -6.951607832999969], [107.71625000000006, -6.951729357999966], [107.71644592500007, -6.951776978999931], [107.71725000000004, -6.951705337999954], [107.71788025100005, -6.951649187999976], [107.71794038800005, -6.9516036349999695], [107.71883392300003, -6.950926779999975], [107.71937314500008, -6.9506135759999665], [107.71943923200007, -6.950575189999938], [107.71966552800006, -6.950443742999937], [107.71982757800004, -6.950074229999927], [107.72061157400009, -6.948286530999951], [107.72167968800005, -6.946965691999935], [107.72203827100009, -6.946246144999975], [107.72358703600008, -6.94551992199996], [107.72454071100009, -6.945036408999954], [107.72560882600004, -6.943834779999975], [107.72605349300005, -6.943387450999978], [107.72632599000008, -6.943113324999956], [107.72763824600008, -6.943106172999933], [107.72893752900006, -6.942990413999951], [107.72907257200006, -6.942978381999978], [107.72949548000008, -6.943673396999941], [107.72857755300004, -6.944890753999971], [107.72840466800005, -6.9460273649999635], [107.72781171800005, -6.946927319999929], [107.72613973200004, -6.9474151019999795], [107.72470217100005, -6.947064753999939], [107.72434811700003, -6.947903561999965], [107.72441791600005, -6.9496364759999665], [107.72453012200003, -6.950074229999927], [107.72460148800008, -6.9503526519999355], [107.72458421800007, -6.950575189999938], [107.72458123900009, -6.9506135759999665], [107.72454580700008, -6.951070204999951], [107.72431689200005, -6.952864605999935], [107.72545782000009, -6.953635038999948], [107.72749491300004, -6.954220996999936], [107.72845157500007, -6.954155713999967], [107.73167629100004, -6.95324057299996], [107.73310038900007, -6.951259974999971], [107.73332348400004, -6.9506135759999665], [107.73333673200005, -6.950575189999938], [107.73350963000007, -6.950074229999927], [107.73386516200009, -6.949044102999949], [107.73415489200005, -6.947428670999955], [107.73328399900004, -6.947496411999964], [107.73387909100006, -6.94605827099997], [107.73386384300005, -6.944617943999958], [107.73386383100006, -6.94461703099995], [107.73347071900008, -6.942890176999981], [107.73304858900008, -6.9422949189999485], [107.73300934000008, -6.940923209999937], [107.73425333100005, -6.940916142999981], [107.73468780500008, -6.940913674999933], [107.73600006200007, -6.941025731999957], [107.73667377900006, -6.94121368499998], [107.73683929700007, -6.941259858999956], [107.73789215300008, -6.941605325999944], [107.73768615800009, -6.942689415999951], [107.73769378800006, -6.943503138999972], [107.73781585800003, -6.943883893999953], [107.73695152200008, -6.944902226999943], [107.73618088900008, -6.946102056999962], [107.73651123100007, -6.946999547999951], [107.73628234900008, -6.947837829999969], [107.73639679100006, -6.9488589749999505], [107.73639840500005, -6.948859651999953], [107.73736572500007, -6.949265952999951], [107.73903656200008, -6.948897360999979], [107.74011230500008, -6.948413367999933], [107.74094391000006, -6.947690959999932], [107.74213409700008, -6.947086807999938], [107.74272156000006, -6.9452900869999326], [107.74356079400008, -6.944687839999972], [107.74463653800007, -6.944561955999973], [107.74546814200005, -6.943840026999965], [107.74629974500004, -6.942759034999938], [107.74701690700005, -6.942635533999976], [107.74759674500007, -6.94286501299996], [107.74759674800003, -6.942865053999981], [107.74761962900004, -6.943707940999957], [107.74785232600004, -6.944738146999953], [107.74785443000007, -6.94474114999997], [107.74846649300008, -6.945615288999932], [107.74894714500005, -6.946210382999936], [107.75000000100005, -6.945677042999932], [107.75034460800003, -6.945502475999945], [107.75075252600004, -6.946072516999948], [107.75109254500006, -6.946307605999948], [107.75088119500003, -6.94688391699998], [107.75088160900003, -6.946884201999978], [107.75135288900009, -6.947211141999958], [107.75195312800008, -6.947627540999974], [107.75278473100008, -6.947503083999948], [107.75305681600008, -6.947767735999946], [107.75315094300004, -6.947859285999925], [107.75337219300008, -6.948524948999932], [107.75434875500008, -6.949048038999933], [107.75506591900006, -6.94844579599993], [107.75505829100007, -6.94748973399993], [107.75523255000007, -6.947546854999928], [107.75561115900007, -6.947670961999961], [107.75568401800007, -6.948165019999976], [107.75565942200006, -6.948209675999976], [107.75558173100006, -6.948350728999969], [107.75557529800005, -6.948362408999969], [107.75496962700004, -6.949462045999951], [107.75457362300006, -6.950074229999927], [107.75424956700004, -6.950575189999938], [107.75422473600008, -6.9506135759999665], [107.75341688700007, -6.9518624269999805], [107.75320973800007, -6.951710281999965], [107.75187889300008, -6.95073281599997], [107.75152756600005, -6.9506135759999665], [107.75141446600009, -6.950575189999938], [107.75032066800009, -6.950203952999971], [107.75000000100005, -6.950185149999925], [107.74846581700007, -6.9500951879999775], [107.74841787800005, -6.950074229999927], [107.74738643200004, -6.949623305999978], [107.74724680400004, -6.950074229999927], [107.74709168200008, -6.950575189999938], [107.74707979600004, -6.9506135759999665], [107.74703416200003, -6.9507609479999815], [107.74802398900005, -6.951833722999936], [107.74768447900004, -6.952878950999946], [107.74827575700004, -6.953386304999981], [107.74870861100004, -6.953761014999941], [107.74922180600004, -6.954205270999978], [107.74924469200005, -6.955054281999935], [107.74852752800007, -6.955417153999974], [107.74816118900009, -6.955974784999967], [107.74805450400004, -6.956137177999949], [107.74758911300006, -6.956601616999933], [107.74758952400003, -6.956602158999942], [107.74805450400004, -6.957212924999965], [107.74854278700008, -6.95804691099994], [107.74914551200004, -6.958760735999931], [107.74949654100004, -6.95885866499998], [107.74998474400007, -6.95899486299993], [107.74990082200009, -6.95887565299995], [107.74948883300004, -6.95824026799994], [107.74937439400009, -6.957563874999948], [107.74961090400006, -6.95660638499993], [107.74996185400005, -6.955886837999969], [107.75000000100005, -6.955858153999941], [107.75044250700006, -6.955525394999938], [107.75139617900004, -6.955878731999974], [107.75150299300009, -6.956191535999949], [107.75152587900004, -6.957192894999935], [107.75141143800005, -6.958149907999939], [107.75093841700004, -6.9587502459999655], [107.75106048700007, -6.959347245999936], [107.75022125500004, -6.959352012999943], [107.75010681300006, -6.959950446999926], [107.75010681300006, -6.960111617999928], [107.75010681300006, -6.960417029999974], [107.75035095400006, -6.961144445999935], [107.75070190500008, -6.9619467219999365], [107.75000000100005, -6.961964454999929], [107.74919296300004, -6.961984842999925], [107.74656153900008, -6.962059908999947], [107.74488851100006, -6.962368468999955], [107.74339873800005, -6.96333341199994], [107.74202615600007, -6.963879295999959], [107.74005161200006, -6.963771209999948], [107.73873432600004, -6.9635397729999795], [107.73628369600004, -6.963852813999949], [107.73525000000006, -6.964411392999978], [107.73508602800007, -6.96449999999993], [107.73449482200004, -6.964819469999952], [107.73372693600004, -6.96649744399997], [107.73331551000007, -6.967754971999966], [107.73266447800006, -6.968954119999978], [107.73294067500007, -6.970569129999944], [107.73341369700006, -6.9699687939999535], [107.73353576700003, -6.9696092579999345], [107.73400878900009, -6.968291757999964], [107.73410243300003, -6.967948788999934], [107.73423767200006, -6.967453475999946], [107.73459625300006, -6.966734406999933], [107.73519134700007, -6.966252802999975], [107.73566436800007, -6.966011044999959], [107.73602295100005, -6.965411184999937], [107.73709869500004, -6.965404984999964], [107.73864746200007, -6.964798447999954], [107.73887126500006, -6.965582893999965], [107.73854064900007, -6.966711519999933], [107.73914337400004, -6.966947077999976], [107.73986053800007, -6.966942784999958], [107.74053688900005, -6.966802369999925], [107.74110201100007, -6.966713140999957], [107.74187533500009, -6.966534679999938], [107.74255943000009, -6.96591006999995], [107.74319458200006, -6.964891432999934], [107.74403381500008, -6.964528080999969], [107.74498749100007, -6.963805195999953], [107.74582135500003, -6.963297729999965], [107.74583078000006, -6.963291991999938], [107.74617767400008, -6.963080880999939], [107.74641387900004, -6.963020293999932], [107.74713134900009, -6.962836263999975], [107.74806958600004, -6.963085733999947], [107.74845123300008, -6.963187214999948], [107.75000000100005, -6.963565154999969], [107.75036621400005, -6.963654516999952], [107.75096893600005, -6.9641289679999545], [107.75144958700008, -6.963887212999964], [107.75252533000008, -6.964000700999975], [107.75300619400008, -6.964237975999936], [107.75321579100006, -6.964341399999967], [107.75317843100004, -6.964471783999954], [107.75300598500007, -6.965073582999935], [107.75193023800006, -6.965079781999975], [107.75217438000004, -6.965915200999973], [107.75265503000008, -6.966509816999974], [107.75289154200004, -6.966973777999954], [107.75302124300003, -6.967583654999942], [107.75290680000006, -6.967942710999978], [107.75254822200009, -6.968781945999979], [107.75196075600007, -6.969741340999974], [107.75183868500005, -6.970213649999948], [107.75183968900006, -6.970216621999953], [107.75208282700004, -6.970936295999934], [107.75242614800004, -6.971269603999929], [107.75242600800004, -6.971270094999966], [107.75221252500006, -6.972011085999952], [107.75173187500008, -6.972133632999942], [107.75197601300005, -6.972849366999981], [107.75256348100004, -6.972846101999949], [107.75257110800004, -6.973322864999943], [107.75198364400006, -6.974044796999976], [107.75138034900004, -6.9740482739999266], [107.75132025500005, -6.974980840999933], [107.75173568900004, -6.97511529999997], [107.75173561900004, -6.975115764999941], [107.75151825100005, -6.976557728999978], [107.75104523000005, -6.9777555449999795], [107.75033569400006, -6.978955266999947], [107.75029391900006, -6.979519251999932], [107.75242110700009, -6.980309141999953], [107.75402724200006, -6.98054708799998], [107.75488979700003, -6.980130680999935], [107.75513458500006, -6.980720517999941], [107.75569705500004, -6.9802842709999595], [107.75637696000007, -6.97980350499995], [107.75750720600007, -6.979773762999969], [107.75848873200005, -6.979892736999943], [107.75896462500003, -6.979922478999981], [107.75926205600007, -6.9802496539999765], [107.75923231300004, -6.980785032999961], [107.75890816900005, -6.9814197679999666], [107.75840518300004, -6.98255104499998], [107.75805610300006, -6.984226582999952], [107.75704484600004, -6.98518878699997], [107.75680944000004, -6.985847607999972], [107.75759159600005, -6.986620013999925], [107.75836253900007, -6.985479912999949], [107.75901349800006, -6.984280746999957], [107.75948676300004, -6.9833814599999755], [107.76025980000009, -6.982599953999966], [107.76010715300004, -6.9819999989999815], [107.76004791500009, -6.981767176999938], [107.76004909500006, -6.981749999999977], [107.76006627300006, -6.981499999999926], [107.76008345100007, -6.981249998999942], [107.76015472500006, -6.980212686999948], [107.76108551000004, -6.9762625679999815], [107.76190948500005, -6.973269459999926], [107.76250457900005, -6.972548956999958], [107.76317566200004, -6.9719140979999565], [107.76317596500007, -6.971913810999979], [107.76237488100008, -6.97123479499993], [107.76221370200005, -6.970913296999981], [107.76339794800003, -6.970978075999938], [107.76400708800008, -6.972025040999938], [107.76505405000006, -6.972215396999957], [107.76581547800004, -6.971929860999978], [107.76589162100004, -6.971016146999943], [107.76549187200004, -6.97048314999995], [107.76454008700006, -6.970254720999947], [107.76345505500007, -6.970007256999963], [107.76296012400007, -6.969664613999953], [107.76229387700005, -6.9689222219999465], [107.76174184300004, -6.9689222219999465], [107.76092035300007, -6.9690180499999315], [107.76090622100008, -6.968125102999977], [107.75984192100009, -6.967544077999946], [107.75875091900008, -6.967261549999932], [107.75839233500005, -6.966217990999951], [107.75827692800004, -6.965914740999949], [107.75816061900008, -6.965609118999964], [107.75875324000003, -6.9656671189999315], [107.75964791600006, -6.9656671189999315], [107.76039030700008, -6.965895547999935], [107.76117077000004, -6.966123975999949], [107.76164666400007, -6.965876512999955], [107.76166194500007, -6.965249999999969], [107.76166570000004, -6.965096048999953], [107.76161387000008, -6.9644999989999405], [107.76155148700008, -6.963782585999979], [107.76107559100006, -6.963192479999975], [107.76033320000005, -6.963268622999976], [107.75978116700009, -6.963287661999971], [107.75949562900007, -6.96349705199998], [107.75930527200006, -6.964467871999943], [107.75799560600007, -6.963900086999956], [107.75837707800008, -6.963129515999981], [107.75837707800008, -6.96205377299998], [107.75867583100006, -6.961749998999949], [107.75892170200007, -6.961499997999965], [107.75908661000005, -6.96133231999994], [107.75992584200009, -6.961088654999969], [107.76050000000004, -6.961430940999946], [107.76052093500005, -6.961443422999935], [107.76057018900008, -6.961499998999955], [107.76075000100008, -6.961706545999959], [107.76124573100009, -6.962275978999969], [107.76256561400004, -6.962388036999926], [107.76256481400009, -6.962249998999937], [107.76255798400007, -6.961072918999946], [107.76363372900005, -6.960947510999972], [107.76411056900008, -6.961299415999974], [107.76411102500003, -6.961300747999928], [107.76435247000006, -6.962001069999928], [107.76446533300003, -6.962328431999936], [107.76543426600006, -6.962610242999972], [107.76663208200006, -6.962483879999979], [107.76710510500004, -6.961285587999953], [107.76686096400005, -6.9606895439999334], [107.76781463700007, -6.959966655999949], [107.76898956300005, -6.959959741999967], [107.76901245100004, -6.960551258999942], [107.76925659500006, -6.961033818999965], [107.76997375500008, -6.961746689999927], [107.77093506000006, -6.962338920999969], [107.77141571000004, -6.962694641999974], [107.77138526600004, -6.9612207219999505], [107.77138519400006, -6.9612174019999316], [107.77092743100008, -6.960426327999926], [107.77034769500005, -6.959832050999978], [107.77034766900005, -6.959832025999958], [107.77127838200005, -6.959826466999971], [107.77258301100005, -6.960292097999968], [107.77283165100005, -6.961209675999953], [107.77283477900005, -6.961221215999956], [107.77320862000005, -6.96160840899995], [107.77452087400007, -6.961361404999934], [107.77523804000003, -6.960474964999946], [107.77534674900005, -6.960340406999933], [107.77539280800005, -6.9606036309999695], [107.77536010700004, -6.961356635999948], [107.77500915700006, -6.962553974999935], [107.77500915700006, -6.963126895999949], [107.77582551300009, -6.963844369999947], [107.77582552300004, -6.963844448999964], [107.77597808900003, -6.965058802999977], [107.77586364900009, -6.966373917999931], [107.77598953400008, -6.967763420999972], [107.77658236800005, -6.967869644999951], [107.77710724300005, -6.967963691999955], [107.77743530500004, -6.96787214099993], [107.77803039800006, -6.966553685999941], [107.77931017100008, -6.967187726999953], [107.77973273000003, -6.967842676999965], [107.77872332200008, -6.9691037179999284], [107.77813012800004, -6.96994394099994], [107.77915010900006, -6.97047583799997], [107.78027526800008, -6.968556681999928], [107.78057327100004, -6.9683756269999435], [107.78186035200008, -6.966650958999935], [107.78221130400004, -6.967798708999965], [107.78221267300006, -6.967798754999933], [107.78330230800009, -6.9678378089999455], [107.78292847000006, -6.966046808999977], [107.78280639700006, -6.964732642999934], [107.78292083900004, -6.96389531899996], [107.78338623100007, -6.962338446999979], [107.78398132300003, -6.961737153999934], [107.78494262800007, -6.961731907999933], [107.78577423200005, -6.960981846999971], [107.78601074300008, -6.960769174999939], [107.78621571800005, -6.96005891599998], [107.78631260900005, -6.959723179999969], [107.78659820700005, -6.9587335569999595], [107.78667450200004, -6.957509992999974], [107.78670501900007, -6.957059379999976], [107.78704071100009, -6.9571914129999755], [107.78790283200004, -6.9575304969999365], [107.78952789500005, -6.958919996999953], [107.78970337000004, -6.959068295999941], [107.79014448000004, -6.959691212999928], [107.79055023200004, -6.9602642029999515], [107.79007953700005, -6.96098068799995], [107.79007721000005, -6.9609842279999725], [107.79003433700007, -6.961342761999958], [107.78996277100003, -6.9619412399999305], [107.78924560500008, -6.962064740999949], [107.78834533700007, -6.961987968999949], [107.78793335100005, -6.9619531599999505], [107.78637695300006, -6.962320801999965], [107.78662491000006, -6.963838334999934], [107.78794860900007, -6.964343546999942], [107.78853607300005, -6.963264463999963], [107.79009246800007, -6.963255402999948], [107.79053878800005, -6.963252780999937], [107.79057312200007, -6.963850018999949], [107.78986358600008, -6.964691158999926], [107.79111488900008, -6.965676733999942], [107.79157888500004, -6.96531981499993], [107.79200718800007, -6.96467735799996], [107.79243549100005, -6.963499524999975], [107.79304504400005, -6.962700841999947], [107.79460144000006, -6.962930677999964], [107.79557637800008, -6.963428143999977], [107.79621883300007, -6.964213362999942], [107.79721820900005, -6.965462582999976], [107.79682559500009, -6.966426263999949], [107.79604037500008, -6.966997332999938], [107.79482684800007, -6.967711172999941], [107.79554068800007, -6.968746237999937], [107.79664713600005, -6.969424384999968], [107.79657796100008, -6.97078038799998], [107.79611969100006, -6.970630640999957], [107.79492187500006, -6.970159528999943], [107.79418945500004, -6.969891546999975], [107.79253812000007, -6.96872338999998], [107.79127853700004, -6.96813317699997], [107.78918512900009, -6.968145542999935], [107.78876397300007, -6.967729668999937], [107.78703014200005, -6.96785943499998], [107.78713989300007, -6.9696078269999475], [107.78721553100007, -6.97005189999993], [107.78726196400004, -6.97032451299998], [107.78726196400004, -6.97080230399996], [107.78709411800008, -6.971073148999949], [107.78667450100005, -6.97176217699996], [107.78702926700004, -6.973035572999947], [107.78702977700004, -6.97303571499998], [107.78797081900007, -6.973300979999976], [107.78797149700006, -6.973301168999967], [107.78800201600006, -6.973667141999954], [107.78717041100003, -6.974269386999936], [107.78704834000007, -6.97510719099995], [107.78898761800008, -6.97519912599995], [107.79000407600006, -6.975133349999965], [107.79137303400006, -6.973989696999979], [107.79148841000006, -6.973271821999958], [107.79250061300007, -6.972488875999943], [107.79273844400007, -6.972248401999934], [107.79304211000004, -6.973023565999938], [107.79375985500008, -6.973019314999931], [107.79399626900005, -6.9725397889999385], [107.79501448900004, -6.9727728239999465], [107.79525799300006, -6.973488570999962], [107.79609536000004, -6.973483611999939], [107.79589080900007, -6.972186086999955], [107.79720306400009, -6.9715805009999485], [107.79883144700005, -6.970897467999976], [107.79978559100005, -6.970413683999936], [107.80000000000007, -6.9703981229999386], [107.80068240800006, -6.970348596999941], [107.80164152000003, -6.97070150299993], [107.80149844500005, -6.97203305499994], [107.80180358900009, -6.9723892179999325], [107.80210876500007, -6.972746846999939], [107.80211639500004, -6.973583216999941], [107.80116272100008, -6.974425789999941], [107.80134582500006, -6.975320814999975], [107.80140686100003, -6.975619791999975], [107.80141449100006, -6.975858682999956], [107.80133529400007, -6.976686279999967], [107.80165576500008, -6.977120241999955], [107.80223337600006, -6.977690559999928], [107.80278549900004, -6.977998060999937], [107.80369678100004, -6.978351234999934], [107.80405676100008, -6.978478308999968], [107.80377182700005, -6.9789006329999665], [107.80319834100004, -6.9790235729999495], [107.80298444000005, -6.979263906999961], [107.80253427800005, -6.980007675999957], [107.80225031000003, -6.980535298999939], [107.80226530600004, -6.98105989499993], [107.80196380900009, -6.981398579999961], [107.80164529100006, -6.9816744709999625], [107.80131530800008, -6.981960292999929], [107.80090332000009, -6.982200144999979], [107.80065918000008, -6.982522008999979], [107.80062259800007, -6.982926377999945], [107.80060577500007, -6.983112329999926], [107.80057525600006, -6.983491895999975], [107.80000000000007, -6.983701205999978], [107.79992457100008, -6.9837286509999785], [107.79968787900003, -6.984160369999927], [107.79966580300004, -6.984471283999937], [107.79990719000006, -6.98482844199998], [107.79990946800007, -6.985210930999926], [107.79916977500005, -6.9855500129999655], [107.79876603400004, -6.985651134999955], [107.79912191100004, -6.9858743879999565], [107.79866491900003, -6.986130579999951], [107.79837938400004, -6.986359009999944], [107.79862684700004, -6.986930079999979], [107.79931262300005, -6.986759190999976], [107.79932513800009, -6.987533308999957], [107.80000000000007, -6.9880205649999425], [107.80031035200005, -6.988244641999927], [107.80078402000004, -6.9874290129999395], [107.80089894800005, -6.98663941999996], [107.80094096100004, -6.9856590179999785], [107.80093597800004, -6.98482232799995], [107.80104919900003, -6.983745871999929], [107.80140480400007, -6.983193917999927], [107.80166641500006, -6.982929390999971], [107.80214320900006, -6.982639684999981], [107.80252387700006, -6.98227882599997], [107.80278306500009, -6.981607911999959], [107.80294769300008, -6.981128806999948], [107.80342363100004, -6.980695668999942], [107.80342865100005, -6.980033872999968], [107.80419921900005, -6.980002877999937], [107.80472564700005, -6.979557513999964], [107.80496978800005, -6.97923564599995], [107.80533600000007, -6.979070183999966], [107.80553436500009, -6.978818414999978], [107.80657196000004, -6.978696820999971], [107.80728149500004, -6.9777359959999785], [107.80793762300004, -6.977690216999974], [107.80814736000008, -6.977131548999978], [107.80814737800006, -6.977131501999963], [107.80897554000006, -6.976873506999937], [107.80932870900006, -6.975915158999953], [107.81004466400009, -6.975612067999975], [107.81118036900006, -6.975485773999935], [107.81153246200006, -6.974348135999946], [107.81152283300008, -6.972734536999951], [107.81241001300003, -6.971055829999955], [107.81380844100005, -6.970246789999976], [107.81381081800004, -6.97024864499997], [107.81509399400005, -6.971250530999953], [107.81581171300007, -6.97307983099995], [107.81759630700009, -6.973198804999981], [107.81955936500009, -6.9744480229999795], [107.82252884100006, -6.974955078999926], [107.82344818200005, -6.974996086999965], [107.82436370900007, -6.974094865999973], [107.82436370900007, -6.9734468429999765], [107.82501220800003, -6.973840234999955], [107.82579040700006, -6.9742341019999685], [107.82643127400007, -6.974627491999968], [107.82850647100008, -6.975030419999939], [107.82838439900007, -6.973992345999932], [107.82825470000006, -6.9734730699999545], [107.82928855400007, -6.9730952469999465], [107.82928858000008, -6.973095269999931], [107.83020019600008, -6.974004741999977], [107.83131027300004, -6.974757431999933], [107.83200073200004, -6.975961206999955], [107.83199310400005, -6.977127549999977], [107.83172607400007, -6.977740284999925], [107.83092498900004, -6.977355000999978], [107.82910919400007, -6.977160451999964], [107.82909400000005, -6.9785199499999635], [107.82982209300008, -6.978937880999979], [107.82986068900004, -6.978960034999943], [107.82954406700009, -6.980078216999971], [107.83023071500008, -6.980685229999949], [107.83135986400004, -6.98036336499996], [107.83187104800004, -6.980350751999936], [107.83235550200004, -6.981270310999946], [107.83235589600008, -6.981270538999979], [107.83414380500005, -6.982296055999939], [107.83437728900009, -6.982429979999949], [107.83441162200006, -6.983754154999929], [107.83454895200003, -6.984243866999975], [107.83384323200005, -6.984536882999976], [107.83316040000005, -6.98401880199998], [107.83257679300004, -6.983082834999948], [107.83257677200004, -6.983082815999978], [107.83135223400006, -6.9824581139999395], [107.83007812700004, -6.981629842999951], [107.82870483400006, -6.982349391999946], [107.82869720500008, -6.983260153999936], [107.82852935800008, -6.983626840999932], [107.82853117900004, -6.983628052999961], [107.82897949200009, -6.983926771999961], [107.82942199800004, -6.984150169999964], [107.82954188200006, -6.984801797999978], [107.82954406700009, -6.984813688999964], [107.83026123000008, -6.986280914999952], [107.82993316900007, -6.986602302999927], [107.82925415200003, -6.986472606999939], [107.82904815800003, -6.986434456999973], [107.82882818200005, -6.986324705999948], [107.82882690500008, -6.986324067999931], [107.82886502900004, -6.985643814999946], [107.82886505400006, -6.985643385999936], [107.82856750700006, -6.985452172999942], [107.82849121200007, -6.9848937959999375], [107.82828521800008, -6.984292744999948], [107.82820034300005, -6.9842222679999395], [107.82809830200006, -6.984137535999935], [107.82744598500005, -6.985281941999972], [107.82647705200009, -6.985759254999948], [107.82554124100005, -6.986396630999934], [107.82530881500008, -6.9875335449999625], [107.82507782500005, -6.988909512999953], [107.82208863400007, -6.9891664949999495], [107.82101308000006, -6.989352232999977], [107.81994218700004, -6.990314883999929], [107.81916784700007, -6.990857403999939], [107.81914650400006, -6.990878986999974], [107.81908436100008, -6.990941827999961], [107.81809766200007, -6.991939575999936], [107.81756442100004, -6.990941827999961], [107.81753083700005, -6.990878986999974], [107.81749272200005, -6.990807666999956], [107.81832365500009, -6.989726924999957], [107.81826025800007, -6.989129659999946], [107.81747839300004, -6.988417160999973], [107.81611129000004, -6.98985969499995], [107.81593211300009, -6.990878986999974], [107.81592106600004, -6.990941827999961], [107.81587991500004, -6.991175905999967], [107.81546623500009, -6.99201508699997], [107.81456688600008, -6.991661876999956], [107.81367004500004, -6.991727000999958], [107.81391538200006, -6.99274154099993], [107.81445764100005, -6.993395711999938], [107.81565749400005, -6.993986182999947], [107.81667468300009, -6.994039860999976], [107.81852388300007, -6.9931920819999505], [107.81929930400008, -6.992828848999977], [107.82141113400007, -6.992724416999977], [107.82138824700007, -6.992865083999959], [107.82002258300008, -6.993129249999981], [107.81946563700006, -6.994127272999947], [107.81909942600004, -6.994580266999947], [107.81790924200004, -6.994754311999941], [107.81700134400006, -6.995021338999948], [107.81616974000008, -6.9959263769999325], [107.81535339600003, -6.996011732999932], [107.81416320900007, -6.995169875999977], [107.81345367500006, -6.993995186999939], [107.81297302200005, -6.9930281599999375], [107.81288912900004, -6.9922952869999335], [107.81288911500008, -6.992295156999944], [107.81288910700005, -6.992295088999981], [107.81249237200007, -6.991972921999945], [107.81214141900006, -6.992003676999957], [107.81210328600008, -6.991616859999965], [107.81210328400005, -6.991616824999937], [107.81140899800005, -6.991558549999979], [107.81100463900009, -6.991524693999963], [107.81064605700004, -6.992135522999945], [107.81037902900005, -6.9929218279999645], [107.81037147800004, -6.993613308999954], [107.81037150300006, -6.993613332999928], [107.81094360400004, -6.994129176999934], [107.81112151600007, -6.994240530999946], [107.81112155400007, -6.99424056099997], [107.81150444900004, -6.994930115999978], [107.81151962400008, -6.9949574449999545], [107.81276320200004, -6.9955208909999556], [107.81252288800005, -6.996721265999952], [107.81269455100005, -6.997699018999981], [107.81351471000005, -6.998003003999941], [107.81395721600006, -6.998363253999969], [107.81396356400006, -6.998369598999943], [107.81411152300007, -6.998517473999925], [107.81438827600005, -6.998794075999967], [107.81542206000006, -6.999291416999938], [107.81623840300006, -6.999205586999949], [107.81715393200005, -6.9991207119999785], [107.81778717100008, -6.999125001999971], [107.81883613000008, -6.999999998999954], [107.81932830800008, -7.000410552999938], [107.82024976900004, -6.999999998999954], [107.82033539000008, -6.999961849999977], [107.81985913800008, -6.999128887999973], [107.81985855100004, -6.999127861999966], [107.81780271800005, -6.998289937999971], [107.81780243000009, -6.9982898209999576], [107.81816864000007, -6.997579094999935], [107.81899261600006, -6.997129438999934], [107.81963348400006, -6.9962229699999625], [107.82048034900004, -6.995922561999976], [107.82137298600009, -6.996411319999936], [107.82241821300005, -6.997065540999927], [107.82266235400004, -6.9965009669999745], [107.82246780500009, -6.9959068279999315], [107.82241136800008, -6.995868087999952], [107.82202530000006, -6.995603083999981], [107.82226562600005, -6.995204445999946], [107.82251739600008, -6.994720934999975], [107.82244110100004, -6.993830677999938], [107.82244110100004, -6.993674752999937], [107.82266235400004, -6.993511196999975], [107.82331848100006, -6.9931497549999335], [107.82316589500005, -6.9931163769999785], [107.82448578100008, -6.992129322999972], [107.82487488000004, -6.993038171999956], [107.82551574700005, -6.993608948999963], [107.82574844400006, -6.994489428999941], [107.82574958500004, -6.994490086999974], [107.82644653600005, -6.994891877999976], [107.82644681400006, -6.994892213999947], [107.82679748500004, -6.995316027999934], [107.82687377900004, -6.996117827999967], [107.82727813700006, -6.9963703139999325], [107.82760620200008, -6.995725629999981], [107.82753753800006, -6.9945931399999495], [107.82681274400005, -6.994021891999978], [107.82649231100004, -6.99345349999993], [107.82649231100004, -6.992806431999952], [107.82593536600007, -6.99199390299998], [107.82700979600008, -6.991886131999934], [107.82760504700008, -6.991404444999944], [107.82855953100005, -6.9909803599999805], [107.82855633100007, -6.990941827999961], [107.82855111200007, -6.990878986999974], [107.82849504200004, -6.9902038119999474], [107.82741626100005, -6.989851705999968], [107.82663402600008, -6.989079467999943], [107.82710605700004, -6.988000878999969], [107.82776147600003, -6.987578590999931], [107.82959747300004, -6.988136764999979], [107.82952499400005, -6.988558052999963], [107.82952528900006, -6.988558138999963], [107.82972679800008, -6.988617782999938], [107.82972717400008, -6.988617894999948], [107.83006286600005, -6.9891664949999495], [107.83006454200006, -6.989166976999968], [107.83072662400008, -6.98935746799998], [107.83100128300003, -6.989498136999941], [107.83104705800008, -6.990006444999949], [107.83031463800006, -6.99048709799996], [107.83010101400004, -6.990836618999936], [107.83010284000005, -6.990836227999978], [107.83096313500005, -6.990653035999969], [107.83145141800009, -6.99017095399995], [107.83169555800004, -6.98984908999995], [107.83184814500004, -6.989540096999974], [107.83193969700005, -6.989365575999955], [107.83161926300005, -6.988635535999947], [107.83275203600004, -6.989014288999954], [107.83316844400008, -6.988568139999927], [107.83383692700005, -6.988251167999977], [107.83373260600007, -6.988521096999932], [107.83443069500004, -6.989117857999929], [107.83516124100004, -6.989103516999933], [107.83557764600005, -6.988627625999925], [107.83617251200008, -6.988538396999957], [107.83729612300004, -6.989502284999958], [107.83735656800008, -6.989887234999969], [107.83735656800008, -6.990695950999964], [107.83732489400006, -6.990878986999974], [107.83731401900008, -6.990941827999961], [107.83727264600009, -6.991180894999957], [107.83686828600008, -6.991339683999968], [107.83662414600008, -6.991385457999968], [107.83645629900008, -6.99141788299994], [107.83645629900008, -6.991735455999958], [107.83643341200008, -6.9921426729999325], [107.83662414600008, -6.993665215999954], [107.83637237600004, -6.994391914999937], [107.83642578200005, -6.995590444999948], [107.83717279600006, -6.995955623999976], [107.83723831200007, -6.995987652999929], [107.83808136100004, -6.997276304999957], [107.83798992800007, -6.997822486999951], [107.83798996500008, -6.997822477999932], [107.83868335400007, -6.997635155999944], [107.83914683800003, -6.998799822999956], [107.83989041900008, -6.999037767999937], [107.83989041900008, -6.998651104999965], [107.83992016200006, -6.997699319999981], [107.84039605600009, -6.9976398319999475], [107.84039605600009, -6.997134199999948], [107.84036631200007, -6.996598820999964], [107.83940887600005, -6.996538636999958], [107.83932495100004, -6.995991703999948], [107.83886718800005, -6.99571513799998], [107.83878992100006, -6.994249102999959], [107.83828428300006, -6.992910654999946], [107.83816531100007, -6.991364007999948], [107.83805900000004, -6.990941827999961], [107.83804317600004, -6.990878986999974], [107.83781433100006, -6.989970203999974], [107.83851242900005, -6.989974747999952], [107.83876800600007, -6.990428922999968], [107.83898702900007, -6.990878986999974], [107.83901761000004, -6.990941827999961], [107.83908081200008, -6.9910716969999385], [107.83934783900008, -6.99207544199993], [107.83943939200009, -6.993077752999966], [107.83951944600005, -6.994650000999968], [107.83951950200009, -6.994651075999968], [107.83951995900009, -6.994651137999938], [107.83989041900008, -6.995557805999965], [107.84042579800007, -6.99564703599998], [107.84146881100008, -6.995337006999932], [107.84205655100004, -6.995799925999961], [107.84188322000006, -6.996301387999949], [107.84241859900004, -6.99674753499994], [107.84375000100005, -6.997133730999963], [107.84375032600008, -6.997133794999968], [107.84551239100006, -6.9974839659999475], [107.84551262100007, -6.997484214999929], [107.84631347700008, -6.998355145999938], [107.84602348200008, -6.999489865999976], [107.84602348200008, -6.999578977999931], [107.84602348200008, -6.999999999999943], [107.84602348200008, -7.000239394999937], [107.84572163800004, -7.0009591749999345], [107.84555948600007, -7.001345845999936], [107.84616624800009, -7.002487985999949], [107.84698716300005, -7.001631378999946], [107.84802222900004, -7.000596315999928], [107.84750722700005, -6.999999999999943], [107.84734408100007, -6.999811092999948], [107.84791515200004, -6.999240021999981], [107.84955698000005, -6.998847411999975], [107.85080619900003, -6.998704644999975], [107.85179901100008, -6.9984431249999375], [107.85124206700004, -6.99925946999997], [107.85124206700004, -6.999897000999965], [107.85139121500004, -6.999999998999954], [107.85147476400005, -7.000057694999953], [107.85147610600006, -7.00005790299997], [107.85224151700004, -7.0001769049999325], [107.85279083300009, -7.000089166999942], [107.85337448200005, -7.000344512999959], [107.85337514100007, -7.00034524199998], [107.85405731200007, -7.001099582999927], [107.85378265400004, -7.001644133999946], [107.85395813200006, -7.00200986599998], [107.85429162500009, -7.003028532999963], [107.85431671100008, -7.003105160999951], [107.85385894800004, -7.003830907999941], [107.85391998300008, -7.004511195999953], [107.85391957700006, -7.0045110859999795], [107.85385388200007, -7.004493236999963], [107.85324292800004, -7.004327263999926], [107.85289363000004, -7.005101316999969], [107.85241773900009, -7.006100692999951], [107.85379782600006, -7.007242832999964], [107.85489237700006, -7.007195245999981], [107.85598692900004, -7.0063386379999315], [107.85679594600003, -7.006100692999951], [107.85831880100005, -7.0065765839999585], [107.85955612000004, -7.00667176099995], [107.86103138700008, -7.006957298999964], [107.86174522500005, -7.008337386999926], [107.86331566900009, -7.009527114999969], [107.86454773100007, -7.010902641999962], [107.86386871500008, -7.011236188999931], [107.86426913300005, -7.0121125749999464], [107.86317290100004, -7.011478271999977], [107.86245906300007, -7.010288543999934], [107.86112656700004, -7.009527114999969], [107.86112656700004, -7.009289166999963], [107.86103138700008, -7.00843256099995], [107.86007960400008, -7.007338011999934], [107.85884228200007, -7.008289796999975], [107.85689112500006, -7.007671135999942], [107.85546344800008, -7.007766311999944], [107.85513032300008, -7.009051222999972], [107.85536827000004, -7.0104313099999445], [107.85408336000006, -7.010574079999969], [107.85346470200005, -7.011478271999977], [107.85241773900009, -7.010907204999967], [107.85251291700007, -7.0097650619999285], [107.85217979200007, -7.008242204999931], [107.85148620700005, -7.007613656999979], [107.85092163100006, -7.007286546999978], [107.85052490200007, -7.006717680999941], [107.84991389800007, -7.006771017999938], [107.84965515300007, -7.007329936999952], [107.84957885900008, -7.007635114999971], [107.84911346400008, -7.007631777999961], [107.84836578600004, -7.007627007999929], [107.84752655000005, -7.00807714299998], [107.84688186800008, -7.008121487999972], [107.84593200700004, -7.007382868999969], [107.84525299100005, -7.006845948999967], [107.84510803400008, -7.006687955999951], [107.84471893300008, -7.007230757999935], [107.84489441100004, -7.008324621999975], [107.84462738000008, -7.009618277999948], [107.84455108600008, -7.009467599999937], [107.84429168900004, -7.008967397999925], [107.84363556000005, -7.008583066999961], [107.84344101000005, -7.007414339999968], [107.84289550800008, -7.007122989999971], [107.84259796100008, -7.006961344999979], [107.84203338800006, -7.005817885999932], [107.84185028100006, -7.005243298999972], [107.84155654900007, -7.004469154999981], [107.84155184600007, -7.004468268999972], [107.84122047900007, -7.00440598299997], [107.84121958600008, -7.004405813999938], [107.84091949500004, -7.003379820999953], [107.84078059500007, -7.003028531999973], [107.84037780800008, -7.00200986599998], [107.83928680400004, -7.001274107999961], [107.83857831000006, -6.999999998999954], [107.83826065200009, -6.999428745999978], [107.83820856700004, -6.999407178999945], [107.83751402400009, -6.999119595999957], [107.83692090400007, -6.998874008999962], [107.83691787800007, -6.998872753999933], [107.83684048200007, -6.998794257999975], [107.83619315800007, -6.998137748999966], [107.83618351000007, -6.998127962999945], [107.83516216400005, -6.998096026999974], [107.83513130900008, -6.998095062999937], [107.83417892600005, -6.998022790999926], [107.83414289100006, -6.99798435799994], [107.83282872900008, -6.996582724999939], [107.83282852300005, -6.996582504999935], [107.83144378900005, -6.99636411299997], [107.83030700900008, -6.995475290999934], [107.83004539900008, -6.9963311299999305], [107.83007514400003, -6.997580347999929], [107.82915310100009, -6.998026496999955], [107.82884248400006, -6.99822295499996], [107.82857990400004, -6.997921107999957], [107.82857483600009, -6.997927753999932], [107.82839965800008, -6.9981575019999696], [107.82839202900004, -6.999127861999966], [107.82862854000007, -6.999676939999972], [107.82923507700008, -6.999925848999965], [107.82923514400005, -6.999926629999948], [107.82924127600006, -6.999999998999954], [107.82927704000008, -7.000427720999937], [107.82838439900007, -7.000421998999968], [107.82806710900007, -7.0006989519999365], [107.82804828200005, -7.000715384999978], [107.82762032900007, -6.999999998999954], [107.82758321800009, -6.999937960999944], [107.82729721200008, -6.999459860999934], [107.82724762000004, -6.999674316999972], [107.82724638600007, -6.999999998999954], [107.82723999000007, -7.001685140999939], [107.82675867200004, -7.003028531999973], [107.82670593400007, -7.003175732999978], [107.82682037500007, -7.004317756999967], [107.82711496400009, -7.004504537999935], [107.82782617200007, -7.004955468999981], [107.82695770300006, -7.004606722999938], [107.82609558200005, -7.004505631999962], [107.82579803600004, -7.005458828999963], [107.82579803600004, -7.005745408999928], [107.82576751800008, -7.006042474999958], [107.82569885500004, -7.006604193999976], [107.82530975300006, -7.007269855999937], [107.82482910200008, -7.00747060599997], [107.82463836900007, -7.007552142999941], [107.82379150400004, -7.0062384579999275], [107.82405853400007, -7.005714890999968], [107.82488494300009, -7.006057177999935], [107.82515263300007, -7.005343337999932], [107.82488494300009, -7.004688987999941], [107.82443879700008, -7.003588487999934], [107.82414136300008, -7.002369012999964], [107.82363572700007, -7.001684919999946], [107.82229728100003, -7.002071579999949], [107.82244599600006, -7.002963878999935], [107.82310485800008, -7.0034313179999685], [107.82222748000004, -7.004126068999938], [107.82117247400004, -7.003495972999929], [107.82117080900008, -7.003494975999956], [107.82105453200006, -7.003028532999963], [107.82088089100006, -7.002331971999979], [107.81961822600005, -7.001305577999972], [107.81934356800008, -7.002179620999925], [107.81934356800008, -7.002880093999977], [107.81932631500007, -7.003028532999963], [107.81925201400009, -7.003667829999927], [107.81781965800008, -7.00353711799994], [107.81781768800005, -7.003536938999957], [107.81738518300006, -7.003028532999963], [107.81732177800006, -7.002954003999946], [107.81662750300006, -7.002336021999952], [107.81601715100004, -7.002332206999938], [107.81563313300006, -7.003028532999963], [107.81539154100005, -7.003466602999936], [107.81539154100005, -7.00407981799998], [107.81485748300008, -7.004514214999972], [107.81353973700004, -7.0037829769999576], [107.81353759900009, -7.003781790999938], [107.81307277900004, -7.003028532999963], [107.81268310500008, -7.002397059999964], [107.81251144600009, -7.0018920969999385], [107.81224823200006, -7.001868722999973], [107.81137085000006, -7.0014247849999265], [107.81111145100004, -7.001304622999953], [107.81066894600008, -7.001595017999932], [107.81109237800007, -7.002707477999934], [107.81109279500004, -7.002707621999946], [107.81194188800004, -7.002995705999979], [107.81194687100009, -7.002997395999955], [107.81195940800006, -7.003028532999963], [107.81223297100007, -7.003707883999937], [107.81196594300008, -7.004406926999934], [107.81134796200007, -7.004928106999955], [107.81020355300006, -7.006146428999955], [107.81019594500003, -7.007279651999966], [107.81044522100007, -7.007499998999947], [107.81150055100005, -7.008432862999939], [107.81175000000007, -7.008363335999945], [107.81272888200004, -7.00809049399993], [107.81432342600004, -7.005999561999943], [107.81520843700008, -7.005217070999947], [107.81554412900005, -7.005119319999949], [107.81555938700006, -7.005268571999977], [107.81586074900008, -7.0057291959999475], [107.81586293900006, -7.005730221999954], [107.81642151000005, -7.005991931999972], [107.81642190600007, -7.0059926029999815], [107.81724548500006, -7.007382868999969], [107.81748199500004, -7.008597848999955], [107.81707000700004, -7.0101313569999775], [107.81735611000005, -7.01042032099997], [107.81819270900007, -7.0105781539999725], [107.81875783200007, -7.010310463999929], [107.81907114500007, -7.009682049999981], [107.81979370100004, -7.01002406899994], [107.82053375300006, -7.010603901999957], [107.82143402300005, -7.010892386999956], [107.82219696000004, -7.01176404499995], [107.82286453300009, -7.01335191499993], [107.82286523800008, -7.0133521409999275], [107.82322692900004, -7.013468738999961], [107.82360840900009, -7.01312000799993], [107.82373810000007, -7.013467308999964], [107.82334900000006, -7.014324185999953], [107.82343673800005, -7.015072104999945], [107.82343870200003, -7.015073100999928], [107.82363796600004, -7.015174222999974], [107.82408333000006, -7.015400235999948], [107.82354736300005, -7.015450951999981], [107.82125091700004, -7.01491832399995], [107.82038116500007, -7.0146470059999615], [107.82006454600008, -7.015237327999955], [107.82037353500004, -7.015459772999975], [107.82037355500006, -7.0154605629999764], [107.82038689800004, -7.015999998999973], [107.82040405500004, -7.016693590999978], [107.82069851500006, -7.017249999999933], [107.82086181700004, -7.017558572999974], [107.82113266000005, -7.019080876999965], [107.82211303700007, -7.019176002999927], [107.82270050100004, -7.0179734219999546], [107.82324100900007, -7.017645813999934], [107.82324062500004, -7.017642777999981], [107.82315612600007, -7.016974341999969], [107.82315445100005, -7.016961093999953], [107.82332057900004, -7.017148836999979], [107.82334137000004, -7.017172333999952], [107.82366374500003, -7.017216648999977], [107.82409290000004, -7.017275678999965], [107.82409291300007, -7.01727571899994], [107.82418823400008, -7.0175828899999715], [107.82418823400008, -7.018258093999975], [107.82433319200004, -7.0192336999999725], [107.82373047100003, -7.0196042049999505], [107.82353972500005, -7.019637638999939], [107.82350921900007, -7.019642985999951], [107.82324981700003, -7.021482463999973], [107.82260894900008, -7.0230293239999355], [107.82117843800006, -7.023284353999941], [107.82117818700004, -7.0232844319999685], [107.82101440500008, -7.02333497799998], [107.82054901100008, -7.023346420999928], [107.81979183900006, -7.023286619999965], [107.81949615600007, -7.023295399999938], [107.81864166300005, -7.022715089999963], [107.81827750600007, -7.022405275999972], [107.81827295900007, -7.022406386999933], [107.81825733600004, -7.022410196999942], [107.81793213000009, -7.022489543999939], [107.81725361600007, -7.022679695999955], [107.81685386700008, -7.022908123999969], [107.81612396300005, -7.023451804999979], [107.81592559900008, -7.024209256999939], [107.81573928400007, -7.023814629999947], [107.81561660800008, -7.023554799999943], [107.81398010400005, -7.023430342999973], [107.81247711400005, -7.023937223999951], [107.81240531600008, -7.024499997999953], [107.81230963500008, -7.025249999999971], [107.81229400600006, -7.025372501999925], [107.81217193800006, -7.0262913679999315], [107.81109619200004, -7.025698419999969], [107.81128692700008, -7.026900763999947], [107.81118048400003, -7.027012911999975], [107.81118011500007, -7.027013298999975], [107.81079101600005, -7.026552674999948], [107.81022644100005, -7.025413986999979], [107.81015777700009, -7.0240354499999285], [107.80949711800008, -7.023291259999951], [107.80949401900006, -7.023287770999957], [107.80854797600006, -7.022484300999963], [107.80781555200008, -7.022398467999949], [107.80724334700005, -7.0229616169999645], [107.80674743800006, -7.023849961999929], [107.80561065800003, -7.0248150829999645], [107.80544281100003, -7.025624748999974], [107.80564117400007, -7.026387212999964], [107.80575561700005, -7.02684259199998], [107.80632019000006, -7.027738091999936], [107.80647277900005, -7.02838754499993], [107.80614471600006, -7.029034137999929], [107.80648803700007, -7.029616352999938], [107.80660629400006, -7.02981757799995], [107.80660760300009, -7.029818119999959], [107.80767822300004, -7.030260558999942], [107.80843837600008, -7.03046752399996], [107.80782335000004, -7.03115528099994], [107.80661010800009, -7.030988689999958], [107.80549621600005, -7.030386921999934], [107.80493164200004, -7.030721661999962], [107.80459594700005, -7.030719276999946], [107.80438714000007, -7.030891907999944], [107.80441167200007, -7.030901252999968], [107.80518341100009, -7.031195163999939], [107.80617901700003, -7.031201892999945], [107.80617899900005, -7.031201924999948], [107.80578613400007, -7.031909463999966], [107.80568172100004, -7.032217139999943], [107.80468768300005, -7.032182073999934], [107.80368173000005, -7.031783129999951], [107.80318601900007, -7.032422106999945], [107.80384826700003, -7.033215043999974], [107.80292511100004, -7.0340204229999586], [107.80269598500007, -7.034185500999968], [107.80227848000004, -7.0347994789999575], [107.80218924800005, -7.035513316999925], [107.80284359900008, -7.0366435609999485], [107.80364666900005, -7.037595346999979], [107.80459845400009, -7.03798201099994], [107.80510408800006, -7.037654835999945], [107.80441999200008, -7.037089711999954], [107.80361692500009, -7.035989211999947], [107.80328974800005, -7.0350076849999255], [107.80397384600008, -7.034383074999937], [107.80489588600005, -7.034026155999925], [107.80592346200007, -7.033873555999946], [107.80701830600009, -7.034319960999937], [107.80737304700006, -7.035568710999939], [107.80724334700005, -7.037252422999927], [107.80599975700005, -7.039041515999941], [107.80599212800007, -7.039827344999935], [107.80575561700005, -7.0418477029999735], [107.80563354500003, -7.042970178999951], [107.80524444600007, -7.043428416999973], [107.80555725200009, -7.04387378399997], [107.80580139200003, -7.044800278999958], [107.80579376300005, -7.045724868999969], [107.80563354500003, -7.045741710999948], [107.80502319400006, -7.045766588999925], [107.80501462600006, -7.045747883999979], [107.80474090600006, -7.045150276999948], [107.80424499700007, -7.045345303999966], [107.80412292500006, -7.046483037999963], [107.80406189000007, -7.046329971999967], [107.80380249200005, -7.045680044999926], [107.80371856900007, -7.046000479999975], [107.80387878500005, -7.046899793999955], [107.80371093800005, -7.047235485999977], [107.80337524500004, -7.0472977149999565], [107.80337553200008, -7.047297920999938], [107.80363081800004, -7.047481399999981], [107.80363080700005, -7.0474815019999255], [107.80354309100005, -7.0483007409999345], [107.80330658000008, -7.048982139999964], [107.80262756300004, -7.0489773719999675], [107.80160522700004, -7.048059461999969], [107.80092621000006, -7.047713278999936], [107.80000000000007, -7.046857951999925], [107.79980468800005, -7.0466775869999765], [107.79946136500007, -7.048191544999952], [107.80000000000007, -7.048344650999979], [107.80057525600006, -7.048508165999976], [107.80125427200005, -7.049195762999943], [107.80305865100007, -7.049545824999939], [107.80305867800007, -7.049545887999955], [107.80329895000006, -7.050120351999965], [107.80329895000006, -7.0509171479999395], [107.80294799900008, -7.051484105999975], [107.80163753700003, -7.051411875999975], [107.80037481500005, -7.050343673999976], [107.80000000000007, -7.050296032999938], [107.79947677200005, -7.050229526999942], [107.80000000000007, -7.051259459999926], [107.80008217200009, -7.051421208999955], [107.80164580200005, -7.052786429999969], [107.80314386700007, -7.053195793999976], [107.80457994800008, -7.053246931999979], [107.80554199600004, -7.052414900999963], [107.80578613400007, -7.053097722999951], [107.80577850400005, -7.054008004999957], [107.80635070900007, -7.054695128999981], [107.80657196000004, -7.055038448999937], [107.80713653700008, -7.055839057999947], [107.80747222900004, -7.056752203999963], [107.80812072800006, -7.057515619999947], [107.80948700600004, -7.0576542039999595], [107.80995100200005, -7.05751143599997], [107.80973685100008, -7.056833289999929], [107.80923716100006, -7.055976682999926], [107.80851364200004, -7.055323595999937], [107.80825042800006, -7.055155751999962], [107.80765533600004, -7.055117843999938], [107.80764552500005, -7.055087149999963], [107.80753847300008, -7.054752252999947], [107.80753835300004, -7.05475187199994], [107.80733490200004, -7.053972719999933], [107.80667114400006, -7.052707191999957], [107.80676269500009, -7.051867482999967], [107.80733871700005, -7.051706312999954], [107.80733889900006, -7.051706593999938], [107.80793762300004, -7.052631849999955], [107.80842590500004, -7.053542371999981], [107.80916977000004, -7.054056403999937], [107.80917013500004, -7.054056890999959], [107.80968475500003, -7.054745192999974], [107.80976867800007, -7.055250163999972], [107.80976104900009, -7.056006429999968], [107.81018066500008, -7.056681628999968], [107.81079101600005, -7.0572562199999425], [107.81093322000004, -7.057371300999932], [107.81095311300004, -7.057391076999977], [107.81143188600004, -7.057867048999981], [107.81134796200007, -7.058202742999981], [107.81084442300005, -7.058153623999942], [107.81072235100004, -7.059019086999967], [107.81050110000007, -7.059241769999971], [107.81026458700006, -7.060026643999947], [107.81048584000007, -7.060702320999951], [107.81014251900007, -7.061935421999976], [107.81000503100006, -7.063175029999968], [107.80990600800004, -7.064067834999946], [107.80972544800005, -7.064850626999942], [107.80844116300005, -7.0648417439999776], [107.80661392200005, -7.064684150999938], [107.80651092600004, -7.063917635999928], [107.80637360100008, -7.0633475909999675], [107.80560302800006, -7.063342091999971], [107.80559539900008, -7.064252851999981], [107.80513763400006, -7.065046784999936], [107.80387878500005, -7.065379617999952], [107.80228424300009, -7.065596579999976], [107.80011749300007, -7.065467829999932], [107.80000000000007, -7.065388208999934], [107.79875946100009, -7.064547536999953], [107.79830169800005, -7.0646581639999795], [107.79783630500003, -7.06556606099997], [107.79701233000009, -7.065971847999947], [107.79682601500008, -7.06635160899998], [107.79682541000005, -7.066352841999958], [107.79671478300008, -7.066118715999949], [107.79630661300007, -7.065275188999976], [107.79581451400009, -7.065074442999958], [107.79511261100004, -7.064787862999935], [107.79373169000007, -7.064859389999981], [107.79283905200003, -7.065096376999975], [107.79226684600008, -7.065741059999937], [107.79136657700008, -7.066221236999979], [107.79034512900006, -7.065753571999949], [107.78974914700007, -7.065480708999928], [107.78925323500005, -7.064965958999949], [107.78813934400006, -7.063280578999979], [107.78766632100007, -7.061575409999932], [107.78762989100005, -7.060930048999978], [107.78685639800005, -7.060644576999948], [107.78606974700006, -7.059155124999961], [107.78549957500007, -7.057912346999956], [107.78468322900005, -7.058393473999956], [107.78339386100004, -7.05806016799994], [107.78248436500007, -7.057533353999929], [107.78248215000008, -7.057532070999969], [107.78216964500007, -7.056906587999947], [107.78216934300008, -7.056905980999943], [107.78137207100008, -7.056181906999939], [107.78047943200005, -7.056581014999949], [107.77878570700005, -7.0556774109999765], [107.77845001200006, -7.056324002999929], [107.77787781000006, -7.0568871489999765], [107.77722930900006, -7.057044980999933], [107.77617645300006, -7.0567135799999505], [107.77485656800008, -7.056912420999936], [107.77494049200004, -7.057358737999948], [107.77507019100005, -7.058314321999944], [107.77471161000005, -7.058914183999946], [107.77423858700007, -7.0598730999999475], [107.77460098300008, -7.060820576999959], [107.77460471100005, -7.06082702599997], [107.77506256100008, -7.061619279999945], [107.77506227100008, -7.061621023999976], [107.77485656800008, -7.0628576249999355], [107.77453104800009, -7.063377695999975], [107.77453022500003, -7.063377272999958], [107.77353668200004, -7.0628657319999775], [107.77305603100007, -7.062270637999973], [107.77232360900007, -7.061414476999971], [107.77207565400005, -7.06059836999998], [107.77149200500008, -7.060367579999934], [107.77015686300007, -7.059267278999926], [107.76993414000003, -7.0583986279999635], [107.76992034900007, -7.058344838999972], [107.77015686100003, -7.057984824999949], [107.77064210400005, -7.0580509969999525], [107.77099609600003, -7.058099267999978], [107.77144241600007, -7.058052299999929], [107.77123006100004, -7.05776229199995], [107.77111053500005, -7.057599064999977], [107.77071762100007, -7.056253669999933], [107.77026367200006, -7.055354592999947], [107.77025604300007, -7.054517743999952], [107.77061462600005, -7.05355930099995], [107.77096557600004, -7.052959439999938], [107.77094268800005, -7.052717444999928], [107.77073669400005, -7.052689549999968], [107.77012634300007, -7.0526061049999385], [107.76917266800007, -7.05249213899998], [107.76856994700006, -7.052495477999969], [107.76676941100004, -7.052461382999979], [107.76665496900006, -7.051789758999973], [107.76664734000008, -7.050833700999931], [107.76976013200004, -7.050815102999934], [107.77070617800007, -7.050903794999954], [107.77095794700006, -7.050927635999926], [107.77098062600004, -7.050931509999941], [107.77297973700007, -7.051272865999977], [107.77345657400008, -7.052303550999966], [107.77407836900005, -7.05246305299994], [107.77455139400007, -7.052220817999967], [107.77526855500008, -7.0519776299999535], [107.77559814500006, -7.051702767999927], [107.77577972400007, -7.051551339999946], [107.77598572000005, -7.051375862999976], [107.77619171100008, -7.051578519999964], [107.77655410900007, -7.051935909999941], [107.77636816000006, -7.052104619999966], [107.77598572000005, -7.052451608999945], [107.77563476700004, -7.052573201999962], [107.77575683800006, -7.053757186999974], [107.77597045900006, -7.05408048299995], [107.77623748800005, -7.054481980999981], [107.77696228200006, -7.0547170609999625], [107.77706909200003, -7.053521153999952], [107.77778625600007, -7.053038594999975], [107.77787399500005, -7.051930185999936], [107.77884311700006, -7.051189523999938], [107.77926045100008, -7.050947975999975], [107.78010296200006, -7.051779690999979], [107.78053064000005, -7.053271302999974], [107.78149423300005, -7.054341358999977], [107.78263337000004, -7.0547529319999285], [107.78304498800009, -7.05355514799993], [107.78273908900007, -7.052421412999934], [107.78363464400007, -7.0521172389999265], [107.78453662800007, -7.052888823999979], [107.78573451400007, -7.053120737999961], [107.78615541600004, -7.053476820999947], [107.78718134500008, -7.054964850999966], [107.78807546700006, -7.054421611999942], [107.78933281700006, -7.054593396999962], [107.79059339100007, -7.055303050999953], [107.79076641300009, -7.054226228999937], [107.79009690700008, -7.052317720999952], [107.78973654300006, -7.052080810999939], [107.78795045600003, -7.053525866999962], [107.78698399600006, -7.051977719999968], [107.78697434200006, -7.050364092999928], [107.78624790000003, -7.04893403799997], [107.78587646400007, -7.046844437999937], [107.78610968000004, -7.045827019999933], [107.78808236700007, -7.045576185999948], [107.78879415000006, -7.044555913999943], [107.78687771900007, -7.044208752999964], [107.78514396600008, -7.04439838899998], [107.78466753500004, -7.044759824999971], [107.78269769700006, -7.045488757999976], [107.78210446900005, -7.046329018999927], [107.78360501400005, -7.047156807999954], [107.78450663000007, -7.047868630999972], [107.78451412600003, -7.04912367999998], [107.78481966700008, -7.050197649999973], [107.78267105700007, -7.051047190999952], [107.78206426600008, -7.049616410999931], [107.78151480700006, -7.047766926999941], [107.78019693500005, -7.04747593999997], [107.77960085100005, -7.0478380869999455], [107.77996406200003, -7.048553123999966], [107.77894601300005, -7.048379881999949], [107.77875942000009, -7.0471856629999365], [107.77786137400005, -7.047071470999981], [107.77678350200006, -7.046898580999937], [107.77595061500006, -7.047680497999977], [107.77507050700007, -7.047896757999979], [107.77500152800008, -7.047197814999947], [107.77523041000006, -7.045642850999968], [107.77546692000004, -7.044804570999929], [107.77551269500009, -7.044606206999958], [107.77581787100007, -7.043248649999953], [107.77608490100005, -7.043158050999978], [107.77628990400007, -7.043088342999965], [107.77653503500005, -7.043004989999929], [107.77700805700005, -7.042643544999976], [107.77750000100008, -7.042763112999978], [107.77796936000004, -7.042877193999971], [107.77814324400003, -7.0429999999999495], [107.77880859400005, -7.043469903999949], [107.77925000000005, -7.043631928999957], [107.77976989900009, -7.043822761999934], [107.78020477400008, -7.043777226999964], [107.78018136800006, -7.043749997999953], [107.78000000000009, -7.043539019999969], [107.77952575800003, -7.0429873439999255], [107.77905338400006, -7.042249998999978], [107.77891540500008, -7.0420346229999495], [107.77860625500006, -7.041521152999962], [107.77855682500007, -7.04143905199993], [107.77765655700006, -7.04052877099997], [107.77699279900008, -7.039535995999927], [107.77674611500004, -7.039397236999946], [107.77756500300006, -7.0387177449999285], [107.77817535600008, -7.038307664999934], [107.77898407000004, -7.038302895999948], [107.77931676400004, -7.038628914999947], [107.77960205300008, -7.038908479999975], [107.78072357200006, -7.03940963499997], [107.78081512700004, -7.038291927999978], [107.78060758600009, -7.037883812999951], [107.78040313700006, -7.037481781999929], [107.78050231900005, -7.036973472999932], [107.78070068500006, -7.0361599899999305], [107.78150940100005, -7.0357484779999595], [107.78186798200005, -7.035125490999974], [107.78109741200007, -7.034938806999946], [107.78191178900005, -7.03407804699998], [107.78250607500007, -7.033417081999971], [107.78328704800003, -7.032685275999938], [107.78353119000008, -7.0335206959999255], [107.78305816700004, -7.034001349999926], [107.78316497900005, -7.034319635999964], [107.78366088900009, -7.034475799999939], [107.78399276900006, -7.034695860999932], [107.78401947100008, -7.035071370999958], [107.78426105700004, -7.0363319179999735], [107.78427124000007, -7.036385056999961], [107.78437042500008, -7.036580797999932], [107.78437171400009, -7.036580897999954], [107.78486633300008, -7.036620135999954], [107.78567779900004, -7.036454416999959], [107.78567886400003, -7.036454197999944], [107.78522491500007, -7.03577422799998], [107.78518491200003, -7.035657757999957], [107.78485870400004, -7.034708020999972], [107.78508758600009, -7.033630844999948], [107.78556823700006, -7.0333886149999785], [107.78583500900004, -7.033209462999935], [107.78592681900005, -7.0331478119999815], [107.78604126100004, -7.032668587999979], [107.78747558800006, -7.032301898999947], [107.78795623900004, -7.032657619999952], [107.78855896000005, -7.033370968999975], [107.78871154800004, -7.0335206959999255], [107.78939056400009, -7.032887933999973], [107.78980948800006, -7.03427008999995], [107.79119142300004, -7.035277869999959], [107.79101410400006, -7.035637527999938], [107.78951467300004, -7.034989042999939], [107.78837808900005, -7.034995816999981], [107.78772042300005, -7.035059503999946], [107.78682597000005, -7.03554295899994], [107.78648595400006, -7.038712595999925], [107.78799575500005, -7.041094242999975], [107.78902414500004, -7.043000622999955], [107.78932968400005, -7.044074587999944], [107.79059380100006, -7.045381895999981], [107.79166593500008, -7.044598531999952], [107.78985663700007, -7.042158929999971], [107.78859075000008, -7.040552798999954], [107.78798361500009, -7.0390622659999735], [107.78894574700007, -7.039893253999935], [107.78904860500006, -7.0370836369999665], [107.79102482200005, -7.037430442999948], [107.79239890400004, -7.037123409999936], [107.79250996500008, -7.035688364999942], [107.79449225600007, -7.037051142999928], [107.79550919700006, -7.037045066999951], [107.79610346100009, -7.036384091999935], [107.79610024200008, -7.035846220999929], [107.79631088500008, -7.034249999999929], [107.79632914300004, -7.03411164399995], [107.79625000000004, -7.034016795999946], [107.79548558500005, -7.033100665999939], [107.79536129700006, -7.032324453999934], [107.79427954200008, -7.031494188999943], [107.79177069000008, -7.032106818999978], [107.79128320800004, -7.030615576999935], [107.79048919900004, -7.03036450999997], [107.79083252100008, -7.029669281999929], [107.79174804700006, -7.029054162999955], [107.79235839800003, -7.029050825999946], [107.79314093300007, -7.030214938999961], [107.79314804200004, -7.0302255139999374], [107.79315298100005, -7.030228327999964], [107.79409790000005, -7.030766960999927], [107.79426574900003, -7.03079414299998], [107.79459381200007, -7.02941560499994], [107.79467773500005, -7.0292785129999515], [107.79316711500007, -7.028348205999976], [107.79339971100006, -7.027623456999947], [107.79340362500005, -7.027611254999954], [107.79365539800006, -7.026840206999964], [107.79415893700008, -7.026227948999974], [107.79527282700008, -7.025408742999957], [107.79628753700007, -7.024894712999981], [107.79682922500007, -7.024545191999948], [107.79740142900005, -7.0241770719999295], [107.79682922500007, -7.023417946999928], [107.79598890000005, -7.023295641999937], [107.79515838600008, -7.02317476099995], [107.79383850100004, -7.0233859999999595], [107.79293060300006, -7.024508472999969], [107.79232788200005, -7.0255279539999265], [107.79172516000006, -7.026546952999979], [107.79081726200008, -7.027466770999979], [107.79031372100008, -7.027977463999946], [107.78991584800008, -7.02837496799998], [107.78980255200008, -7.02848815599998], [107.78960418700007, -7.028794286999926], [107.78960418700007, -7.029392239999936], [107.78910446200007, -7.029744859999937], [107.78877258300008, -7.029305454999928], [107.78817749100006, -7.029189584999926], [107.78911187000006, -7.0276402119999375], [107.78737532800005, -7.027351718999967], [107.78605894700007, -7.027299785999958], [107.78534752400009, -7.028379811999969], [107.78535429000004, -7.029515326999956], [107.78523963700007, -7.030352739999955], [107.78451823800003, -7.029759368999976], [107.78350486100004, -7.030363056999931], [107.78297182100005, -7.031262721999951], [107.78150000100004, -7.032289782999953], [107.78125000000006, -7.032464238999978], [107.78124415400003, -7.032468318999975], [107.78075000000007, -7.0330512729999555], [107.78058154600006, -7.033249999999953], [107.78017486000005, -7.033729766999954], [107.77916537700008, -7.03499086599993], [107.77875054400005, -7.035650760999943], [107.77947998100007, -7.03647184099998], [107.77847290200003, -7.037290092999967], [107.77786255000007, -7.037598607999939], [107.77745819100005, -7.038108824999938], [107.77695465200009, -7.038416383999959], [107.77561950800003, -7.037878986999942], [107.77520752000004, -7.035887715999934], [107.77559559600007, -7.03419641399995], [107.77560425000007, -7.034158702999946], [107.77549743700007, -7.033245084999976], [107.77532018200009, -7.032869590999951], [107.77573854400003, -7.032142402999966], [107.77501147100008, -7.030592776999981], [107.77470527000008, -7.029399252999951], [107.77373857300006, -7.027791277999938], [107.77277755000006, -7.027139530999932], [107.77193900600008, -7.026965194999946], [107.77116134500005, -7.026969794999957], [107.77130127100008, -7.028293606999966], [107.77099609600003, -7.028498170999967], [107.76985636000006, -7.0286805759999424], [107.76967620800008, -7.028709406999951], [107.76925659400007, -7.028364655999951], [107.76906585800003, -7.028204914999947], [107.76865387100008, -7.027394772999969], [107.76905822900005, -7.026884552999945], [107.76930236900006, -7.026907440999935], [107.77007293700007, -7.026980395999942], [107.77034378200005, -7.026544567999963], [107.76976013200004, -7.0260682099999485], [107.76911926400004, -7.02550077199993], [107.76874542300004, -7.025138614999946], [107.76898956300005, -7.0244564979999495], [107.76914215100004, -7.024040218999971], [107.76964204800004, -7.023533224999937], [107.76964569200004, -7.023529527999926], [107.76981778800007, -7.023000000999957], [107.76984405500008, -7.022919175999959], [107.77000000000004, -7.022879647999957], [107.77025000000003, -7.022816276999947], [107.77025604300007, -7.022814747999973], [107.77050000100007, -7.022731177999958], [107.77075000100007, -7.02264553599997], [107.77085876600006, -7.02260827799995], [107.77087988300008, -7.0224999999999795], [107.77092864000008, -7.022249998999939], [107.77105712900004, -7.021591183999931], [107.77135467500005, -7.0203709589999335], [107.77150000000006, -7.019923455999958], [107.77155304000007, -7.0197601289999625], [107.77155356800006, -7.0197499989999415], [107.77160566900005, -7.018750000999944], [107.77162933400007, -7.01829576199998], [107.77141600400006, -7.017875255999968], [107.77200199000004, -7.017402106999953], [107.77139778900005, -7.016389634999939], [107.77025239300008, -7.014902226999936], [107.76911584000004, -7.014908934999937], [107.76803839700005, -7.0147957589999805], [107.76702395000007, -7.015220111999952], [107.76747131400003, -7.016128059999971], [107.76734161400009, -7.0162405949999425], [107.76666259900009, -7.016843792999964], [107.76638031200008, -7.0172221629999285], [107.76700000000005, -7.017520920999971], [107.76727294900007, -7.0176525109999375], [107.76778411900005, -7.017649648999964], [107.76818084900003, -7.018045423999979], [107.76849746900007, -7.01915168499994], [107.76870727500005, -7.019574163999948], [107.76900000100005, -7.020100998999965], [107.76904353600008, -7.020179351999957], [107.76930618300008, -7.020652052999935], [107.76831690000006, -7.021428269999944], [107.76730385600007, -7.022091689999968], [107.76733569700008, -7.023560156999963], [107.76702495700005, -7.024137650999933], [107.76693344200004, -7.0243077249999715], [107.76680755600006, -7.025171277999959], [107.76681518600009, -7.025659798999925], [107.76721954500005, -7.026286121999931], [107.76745878100007, -7.026318329999981], [107.76761627200005, -7.026339526999948], [107.76791763500006, -7.02638077499995], [107.76793670700005, -7.0268912289999435], [107.76774597400004, -7.027185198999973], [107.76753235000007, -7.027604576999977], [107.76774597400004, -7.028822418999937], [107.76764679000007, -7.029533860999948], [107.76774597400004, -7.030109401999937], [107.76844406200007, -7.030824897999935], [107.76827240200004, -7.031662940999979], [107.76796722500006, -7.03227424399995], [107.76787567100007, -7.0331888189999745], [107.76798248500006, -7.0336961719999636], [107.76798248500006, -7.033899304999977], [107.76773616700007, -7.034581321999951], [107.76757812500006, -7.035018918999981], [107.76768832900007, -7.0355979929999535], [107.76778411900005, -7.03610133899997], [107.76830291700009, -7.0366396869999335], [107.76847839400006, -7.037048335999941], [107.76860809400006, -7.037348744999974], [107.76860809400006, -7.037551878999977], [107.76749420200008, -7.037964817999978], [107.76708221500007, -7.0385060289999615], [107.76707265600004, -7.038518465999971], [107.76679229700005, -7.03888320599998], [107.76520335700008, -7.04116985099995], [107.76527132700005, -7.042544096999961], [107.76402107700005, -7.043567537999934], [107.76180799200006, -7.043640385999936], [107.76025401800007, -7.043888638999931], [107.75815582400008, -7.04404496799998], [107.75798797700008, -7.043592926999963], [107.75772857700008, -7.04211997799996], [107.75737762500006, -7.041199204999941], [107.75723648200005, -7.039991613999973], [107.75678253300003, -7.039297101999978], [107.75760859300004, -7.039247222999961], [107.75768280000005, -7.039242741999942], [107.75756899400005, -7.039102320999973], [107.75837441900006, -7.039656236999974], [107.75836488400006, -7.03804256899997], [107.75781624500007, -7.036312542999951], [107.75649134200006, -7.03482615799993], [107.75541913400008, -7.035609454999928], [107.75572459100005, -7.036683475999951], [107.75440920800008, -7.036810758999934], [107.75398093600006, -7.03519954799998], [107.75361389900007, -7.033827047999978], [107.75294951900008, -7.03275513799997], [107.75156587300006, -7.031448377999936], [107.75079065500006, -7.03187130799995], [107.75099182200006, -7.0338325469999745], [107.75050715200007, -7.034488547999956], [107.75139094100007, -7.035329278999939], [107.75147628900004, -7.036099429999979], [107.75149536200007, -7.038325067999949], [107.75245666500007, -7.038605210999947], [107.75377655200003, -7.039195058999951], [107.75390812700005, -7.039308816999949], [107.75473785400004, -7.040026185999977], [107.75510406500007, -7.041338918999941], [107.75546264700006, -7.043090340999981], [107.75582122900005, -7.04358577499994], [107.75584411700004, -7.044561860999977], [107.75524139400005, -7.044804570999929], [107.75475692900005, -7.0446403009999585], [107.75451660400006, -7.043733117999977], [107.75484466600005, -7.042995925999946], [107.75427246100008, -7.0426588019999485], [107.75331878800006, -7.042664524999964], [107.75260162400008, -7.043385978999936], [107.75251452200007, -7.043399014999977], [107.75177002000004, -7.043510435999963], [107.75164795100005, -7.044108866999977], [107.75165252100004, -7.044519600999934], [107.75165558100008, -7.044794319999937], [107.75236511400004, -7.045758961999979], [107.75238800000005, -7.046853538999926], [107.75178527800006, -7.04697656299993], [107.75083160500009, -7.047221180999941], [107.75047302200005, -7.047343249999926], [107.75000000100005, -7.046931215999962], [107.74974441600006, -7.046708580999962], [107.74961471800009, -7.045418497999947], [107.74972531700007, -7.04454968999994], [107.74942788400006, -7.043716879999977], [107.74868430100008, -7.043359959999975], [107.74802995000005, -7.044163028999947], [107.74692945000004, -7.044192770999928], [107.74639407300003, -7.043776364999928], [107.74449050300007, -7.043568161999929], [107.74484742200008, -7.044222515999934], [107.74565049100005, -7.044579433999957], [107.74425255700004, -7.044698407999931], [107.74312231200008, -7.044609177999973], [107.74309257100003, -7.045620447999966], [107.74255719200005, -7.0463045429999625], [107.74065362300007, -7.046423516999937], [107.73869056600006, -7.045917878999944], [107.73870086700003, -7.045134540999925], [107.73830390400008, -7.044014312999934], [107.73788749900007, -7.043389702999946], [107.73708442900005, -7.043508676999977], [107.73625161900009, -7.04389533899996], [107.73506188700009, -7.0432409879999796], [107.73425882100008, -7.042318944999977], [107.73318806300006, -7.04184305299998], [107.73244448200006, -7.041129216999934], [107.73181987400005, -7.040415376999931], [107.73089783100005, -7.039939484999934], [107.73048142500005, -7.040772294999954], [107.73045168400006, -7.041694337999957], [107.73088073800005, -7.042377470999952], [107.73034668200006, -7.042918678999968], [107.72998809800004, -7.04351853999998], [107.72939300500008, -7.044239041999958], [107.72891998400007, -7.044720169999948], [107.72760772700008, -7.04484748699997], [107.72747802900005, -7.043891904999953], [107.72735977200006, -7.043051476999949], [107.72770691100004, -7.04227661799996], [107.72792434900003, -7.041259289999971], [107.72722625700004, -7.041263575999949], [107.72518920900006, -7.041036124999948], [107.72485891500008, -7.040907039999979], [107.72386932400008, -7.0419936159999565], [107.72409990200003, -7.042374370999937], [107.72507476900006, -7.042112825999936], [107.72600936900005, -7.042455669999981], [107.72546005300006, -7.043629404999933], [107.72592926100003, -7.044139858999927], [107.72676086400008, -7.0435371379999765], [107.72721481300005, -7.044323917999975], [107.72616577100007, -7.04473638199994], [107.72536044800006, -7.044640145999949], [107.72521209900003, -7.044622419999939], [107.72460937700004, -7.044745441999964], [107.72450637800006, -7.045669314999941], [107.72473907600005, -7.0464181879999614], [107.72510528600009, -7.047132964999946], [107.72558593900004, -7.04772805999994], [107.72618103100007, -7.0474853509999775], [107.72618103100007, -7.0465325739999685], [107.72618103100007, -7.04640960699993], [107.72653961200007, -7.046288011999934], [107.72676849400005, -7.046401497999966], [107.72678375200007, -7.047362323999948], [107.72646416200007, -7.047879341999931], [107.72619247600005, -7.048318859999938], [107.72631835900006, -7.049277780999944], [107.72656250200004, -7.050232406999953], [107.72692489800005, -7.051289555999972], [107.72692871100008, -7.051970478999976], [107.72776794500004, -7.052377221999961], [107.72848510700004, -7.052372931999969], [107.72861517400008, -7.052122718999954], [107.72867914500006, -7.051999652999939], [107.72893524200003, -7.051506993999965], [107.72849221400008, -7.050981990999958], [107.72835540800008, -7.050819871999977], [107.72810745300006, -7.049819941999942], [107.72797775300006, -7.048424718999968], [107.72774124200004, -7.047573087999979], [107.72785187000005, -7.046758649999958], [107.72881317100007, -7.047350403999928], [107.72929382400008, -7.0472283339999535], [107.72998428400007, -7.046705243999952], [107.72952270600007, -7.045986888999948], [107.72952270600007, -7.045672890999981], [107.72999572800006, -7.04507255599998], [107.73023986800007, -7.045310018999942], [107.73036575400005, -7.046928163999951], [107.73069000200007, -7.047016140999972], [107.73086548100008, -7.048051831999942], [107.73088772700004, -7.048138189999975], [107.73098094000005, -7.048499999999933], [107.73110975600008, -7.048999999999978], [107.73112106400004, -7.049043891999929], [107.73158264200003, -7.04984473899998], [107.73013933000004, -7.050281518999952], [107.73020966100006, -7.052074178999931], [107.73051194000004, -7.052610330999926], [107.72967508400006, -7.052734763999979], [107.72902190700006, -7.0535753509999495], [107.72980699700008, -7.054825906999952], [107.72981470600007, -7.056140777999929], [107.72928152600008, -7.05704043399993], [107.72814588200004, -7.057226384999979], [107.72821341300005, -7.0585409099999765], [107.72953379900008, -7.059250409999947], [107.73071875400007, -7.057271098999934], [107.73106754200006, -7.055535756999973], [107.73081702400003, -7.053624620999926], [107.73134739300008, -7.052246829999945], [107.73170424200003, -7.051886128999968], [107.73254144600008, -7.051821459999928], [107.73308127500007, -7.052057376999926], [107.73374110600008, -7.052352352999947], [107.73403602400003, -7.051633400999947], [107.73361303900003, -7.050918653999929], [107.73334172900007, -7.049773521999953], [107.73351647300007, -7.0482881989999555], [107.73465231100005, -7.047501849999946], [107.73587552000004, -7.047152361999963], [107.73631238100006, -7.047938707999947], [107.73605026700005, -7.049249290999967], [107.73570077600004, -7.050996734999956], [107.73639975400005, -7.052132572999938], [107.73505726000008, -7.052344645999938], [107.73458427400004, -7.053303715999959], [107.73476655700006, -7.0537807959999554], [107.73644236700005, -7.053890510999963], [107.73734009900005, -7.053945015999943], [107.73853765700005, -7.05411729399998], [107.73961662000005, -7.0544695719999595], [107.74069214100007, -7.054531809999958], [107.74034881600005, -7.055292126999973], [107.74024963600004, -7.055608746999951], [107.74082946800007, -7.055886742999974], [107.74058543200005, -7.056436241999961], [107.73932874700006, -7.056383853999932], [107.73891770400007, -7.057701174999977], [107.73975561500004, -7.057756021999978], [107.74065088500004, -7.057392150999931], [107.74059387500006, -7.057870634999972], [107.74042038200008, -7.058887717999937], [107.74110031300006, -7.059941288999937], [107.73994951700007, -7.060205390999954], [107.73899687500005, -7.060987978999947], [107.73846336500009, -7.061827871999981], [107.73781196000004, -7.062967301999947], [107.73769793500009, -7.063924266999948], [107.73901447100008, -7.063976300999968], [107.74003715400005, -7.064926582999931], [107.74105526300008, -7.06509990099994], [107.74104962600006, -7.06414364099993], [107.74050590500008, -7.06325031199998], [107.74043798200006, -7.06187603799998], [107.74154090900004, -7.060913083999935], [107.74182129000008, -7.061260220999941], [107.74241638200004, -7.061256882999942], [107.74313354500003, -7.060894010999959], [107.74361419700006, -7.061010358999965], [107.74445343000008, -7.0616030669999645], [107.74367034900007, -7.062155864999966], [107.74307208900007, -7.062159384999973], [107.74236157600006, -7.063418699999943], [107.74248792400005, -7.064553553999929], [107.74249321100007, -7.065450049999981], [107.74352264500004, -7.065314289999947], [107.74316406200006, -7.066033837999953], [107.74304962300005, -7.066349026999944], [107.74353027400008, -7.066629405999947], [107.74398422400009, -7.0671918359999495], [107.74377441400009, -7.067584033999935], [107.74331283600009, -7.068044180999948], [107.74425506700004, -7.068896289999941], [107.74483490000006, -7.069353100999933], [107.74474334700005, -7.069849486999942], [107.74402618500005, -7.070570941999961], [107.74367523200004, -7.071409699999947], [107.74295807100003, -7.071653365999964], [107.74284362900005, -7.072251317999928], [107.74175778000006, -7.072626580999952], [107.74105072000003, -7.0728597619999505], [107.74120751100008, -7.072068599999966], [107.74126815800008, -7.071762558999978], [107.74116516200007, -7.071663853999951], [107.74068450900006, -7.071383474999948], [107.74066162100007, -7.070688958999938], [107.74007415800008, -7.069757461999927], [107.73983001700009, -7.069041725999966], [107.73946380600006, -7.067967888999931], [107.73875427200005, -7.068211552999969], [107.73815918000008, -7.069529532999979], [107.73811313000004, -7.07005892199993], [107.73804474100007, -7.070845124999948], [107.73805237000005, -7.071402786999954], [107.73825083100007, -7.071615722999979], [107.73853302000003, -7.071918485999959], [107.73877716100009, -7.072753426999952], [107.73948288200006, -7.0728669129999275], [107.73950195400005, -7.073347088999981], [107.73902893300004, -7.07430600899994], [107.73880073700008, -7.074591252999937], [107.73854827900004, -7.074906822999935], [107.73855590800008, -7.075484273999962], [107.73880005100006, -7.076100346999965], [107.73888397400003, -7.07638692699993], [107.73904419100006, -7.076935766999952], [107.73928829100004, -7.0769957799999474], [107.73950576800007, -7.0770492509999485], [107.73951574700004, -7.077363563999938], [107.73952484100005, -7.077650066999979], [107.73905181900005, -7.078728675999969], [107.73881530900007, -7.0795612299999675], [107.73893737800006, -7.0799250569999685], [107.73930358900009, -7.080281255999978], [107.73964691300006, -7.0809633699999495], [107.73955154400005, -7.081906315999959], [107.74015045200008, -7.082069393999973], [107.74062347600005, -7.081469056999936], [107.74134063800005, -7.081464764999964], [107.74182129000008, -7.081342217999975], [107.74190140000007, -7.0810880629999815], [107.74085235800004, -7.080584047999935], [107.74073791500007, -7.0799140899999315], [107.74121093700006, -7.079433438999956], [107.74240875200007, -7.0791873919999375], [107.74288177700004, -7.079184529999964], [107.74298095800003, -7.078683611999963], [107.74275970500008, -7.078467843999931], [107.74168396200008, -7.078474519999929], [107.74083710000008, -7.078310725999927], [107.74076856900007, -7.0777347749999535], [107.74071502700008, -7.0772848099999806], [107.74071502700008, -7.0769262269999444], [107.74118804900007, -7.076086520999979], [107.74124907400005, -7.076086154999928], [107.74281698700008, -7.0747779939999305], [107.74453019800006, -7.073635850999949], [107.74576751900008, -7.073540675999936], [107.74800421300006, -7.072874424999952], [107.74858856300006, -7.072337147999974], [107.74771867600003, -7.07106603699998], [107.74700483700008, -7.069685947999972], [107.74785614000007, -7.069831370999964], [107.74803636300004, -7.0690770619999626], [107.74808502200005, -7.0688734019999515], [107.74820709200009, -7.068275451999966], [107.74808502200005, -7.067797657999961], [107.74794387900005, -7.066718575999971], [107.74771118300004, -7.06528997199996], [107.74842834500004, -7.0654048889999785], [107.74938202100009, -7.0649213759999725], [107.74966430700005, -7.064898966999976], [107.74973297200006, -7.065246341999966], [107.75000000100005, -7.065776674999938], [107.75022888300003, -7.06623124999993], [107.75078964300008, -7.066115375999971], [107.75058746400003, -7.066826817999981], [107.75010681200007, -7.066829678999966], [107.75011101200005, -7.067330291999951], [107.75011444100005, -7.067739009999968], [107.75083160500009, -7.067901129999939], [107.75205293200008, -7.0670797409999295], [107.75226593200006, -7.066936487999953], [107.75257695100004, -7.066087101999926], [107.75261688200004, -7.0659780469999305], [107.75244209200008, -7.065155985999979], [107.75234222600005, -7.06468629699998], [107.75199890100004, -7.063112733999958], [107.75186920400006, -7.062510725999971], [107.75151825000006, -7.062241074999974], [107.75151062100008, -7.061442369999952], [107.75210571500008, -7.0604824989999315], [107.75265640100008, -7.05983661199997], [107.75282287600004, -7.059641357999965], [107.75315094100006, -7.05853628899996], [107.75296386900004, -7.05831483299994], [107.75257110700005, -7.057849881999971], [107.75244903600009, -7.057490823999956], [107.75256347900006, -7.057132718999981], [107.75337644100006, -7.056947133999927], [107.75363922200006, -7.0568871489999765], [107.75387573300009, -7.056168553999953], [107.75387573300009, -7.055690285999958], [107.75482177800006, -7.054609296999956], [107.75518035900006, -7.0540094389999695], [107.75582208800006, -7.054005601999961], [107.75681686400009, -7.053999658999942], [107.75638580300006, -7.0553169219999745], [107.75602722400004, -7.056036468999935], [107.75592041000004, -7.057471269999951], [107.75586565600008, -7.0576176219999525], [107.75556182900004, -7.058429713999942], [107.75568771400003, -7.059581038999966], [107.75649412700005, -7.059912328999928], [107.75665283300003, -7.059977529999969], [107.75748443700007, -7.059853074999978], [107.75820922900004, -7.059967993999976], [107.75912857300005, -7.060308452999948], [107.75904846300006, -7.060560701999975], [107.75797271700009, -7.060567375999938], [107.75761413800006, -7.06056928299995], [107.75765804700006, -7.060998959999949], [107.75773620600006, -7.0617637599999625], [107.75773620600006, -7.0620717969999305], [107.75774383500004, -7.062720295999952], [107.75797653200004, -7.063397166999948], [107.75846862900005, -7.064270016999956], [107.75918579200004, -7.064265725999974], [107.75942230200008, -7.06330775999993], [107.75941467300004, -7.062021014999971], [107.75969183100005, -7.061934264999934], [107.75989532600005, -7.061870571999975], [107.76049041900006, -7.061867233999976], [107.76060485800008, -7.061507698999947], [107.76081848200005, -7.060632226999928], [107.76036071800007, -7.059826370999929], [107.76058960000006, -7.058639046999929], [107.76130676300005, -7.058515546999956], [107.76202392700009, -7.058511253999939], [107.76165008600009, -7.057073589999959], [107.76104736400004, -7.056683778999968], [107.76079941000006, -7.055643316999976], [107.75984954800003, -7.055057523999949], [107.75961303800005, -7.054700372999946], [107.75817108200005, -7.0542306879999614], [107.75783538800005, -7.054185386999961], [107.75828552200005, -7.053273677999925], [107.75911712600004, -7.05267095399995], [107.75947952300004, -7.052904363999971], [107.75983810500009, -7.0541772829999445], [107.76068878200005, -7.054813382999953], [107.76177215800004, -7.055524347999949], [107.76247978400005, -7.055815695999968], [107.76213073700006, -7.056239124999934], [107.76213836700003, -7.056837080999969], [107.76249694800003, -7.057791232999932], [107.76274108900009, -7.058506963999946], [107.76262664900008, -7.05922460499994], [107.76215362700009, -7.0598254199999815], [107.76203918600004, -7.060543057999951], [107.76203918600004, -7.06114101299994], [107.76181030400005, -7.061859603999949], [107.76175696500007, -7.061948762999975], [107.76145172100007, -7.062458987999946], [107.76145172100007, -7.062834737999935], [107.76145172100007, -7.0631761509999365], [107.76143263200004, -7.063295934999928], [107.76133728100007, -7.063894269999935], [107.76133728100007, -7.064049241999953], [107.76116262000005, -7.064240107999979], [107.76084899900007, -7.064582821999977], [107.76014709500004, -7.065704342999936], [107.75984192000004, -7.066620347999958], [107.75974273900005, -7.067331788999979], [107.75965118500005, -7.068551061999926], [107.75965881400003, -7.069668290999971], [107.75997162000004, -7.070478912999931], [107.76016998300008, -7.071157213999925], [107.75878074800005, -7.07113583499995], [107.75816208800006, -7.07058855899993], [107.75766240200005, -7.069850925999958], [107.75694856400008, -7.069137087999934], [107.75666302700006, -7.069827130999954], [107.75647267100004, -7.070945477999942], [107.75606816400006, -7.072159001999978], [107.75537811800007, -7.0725873079999815], [107.75525914500008, -7.073229759999947], [107.75549709100005, -7.073753240999963], [107.75551605300006, -7.074263569999971], [107.75389099200004, -7.074984072999939], [107.75338745300007, -7.075494762999938], [107.75330353400005, -7.076367152999978], [107.75330353200007, -7.07636718599997], [107.75330353100009, -7.076367215999937], [107.75257873600003, -7.076515198999971], [107.75197601300005, -7.076823708999939], [107.75034332300004, -7.076630113999954], [107.75000000100005, -7.0767614909999565], [107.74953460800003, -7.076939580999976], [107.74893188700008, -7.077857015999939], [107.74852752700008, -7.078671927999949], [107.74802398800006, -7.0794877979999455], [107.74752044800005, -7.08070945399993], [107.74773407100008, -7.082520242999976], [107.74825287000004, -7.08365058499993], [107.74906921400009, -7.084661480999955], [107.74968719700007, -7.085978026999953], [107.75000000100005, -7.086235426999963], [107.75152587900004, -7.0874910339999815], [107.75285339600003, -7.088295455999969], [107.75438690300007, -7.088794225999948], [107.75570678700007, -7.089497563999942], [107.75682830800008, -7.09020185199995], [107.75775146500007, -7.0905008299999395], [107.75815582400008, -7.09090471199994], [107.75886917100007, -7.091709133999927], [107.75928497500007, -7.092624662999981], [107.75980377300004, -7.093942161999962], [107.76019668800006, -7.094912764999947], [107.76019878000005, -7.094913681999969], [107.76143646200006, -7.095455643999969], [107.76170643300009, -7.097013261999962], [107.76165444700007, -7.0983284539999545], [107.76224638000008, -7.099999999999966], [107.76228332600004, -7.100104329999965], [107.76228358500003, -7.100104654999939], [107.76323700000006, -7.101297375999934], [107.76405716100004, -7.101876971999957], [107.76432800300006, -7.102964398999973], [107.76420593400007, -7.103443142999936], [107.76396942300005, -7.104042051999954], [107.76397705200009, -7.1049580549999405], [107.76350402800006, -7.105957504999935], [107.76235961900005, -7.10605764099995], [107.76183319100005, -7.106326097999954], [107.76123809900008, -7.106688495999947], [107.76112365800009, -7.107406136999941], [107.76087951800008, -7.108721730999946], [107.76041412600006, -7.10956191799994], [107.76042175500004, -7.110637662999977], [107.76055145300006, -7.111067291999973], [107.76125335900008, -7.110154627999975], [107.76196289100005, -7.10811853499996], [107.76243591300005, -7.1066813439999805], [107.76387023900008, -7.106553075999955], [107.76482391500008, -7.1064276669999344], [107.76577759000008, -7.10618304999997], [107.76646804200004, -7.105257278999943], [107.76709095900009, -7.1069622689999505], [107.76728046900007, -7.10863461799994], [107.76752552000005, -7.109589423999978], [107.76817972100008, -7.108928075999927], [107.76817327700007, -7.107852312999967], [107.76774659000006, -7.106539984999927], [107.76785909300008, -7.105343973999936], [107.76755421700005, -7.104389522999952], [107.76760939800005, -7.103612221999981], [107.76634724500008, -7.102663483999947], [107.76563439400007, -7.103873049999947], [107.76527404900008, -7.103375193999966], [107.76515960700004, -7.1020030949999295], [107.76465606900007, -7.100565668999934], [107.76463106300008, -7.099999999999966], [107.76459074400009, -7.099087933999954], [107.76476309100008, -7.097891560999926], [107.76379689800007, -7.0964031389999604], [107.76245117400003, -7.09524678899993], [107.76264953600008, -7.093721864999964], [107.76264675800007, -7.09349999899996], [107.76264362900008, -7.0932499989999656], [107.76264190700005, -7.093112464999933], [107.76275000000004, -7.093087862999937], [107.76313604400008, -7.092999999999961], [107.76325000000008, -7.092974064999964], [107.76355743500005, -7.092904089999934], [107.76375000100006, -7.092902914999968], [107.76457214600003, -7.092897887999925], [107.76549530100004, -7.093603607999967], [107.76609802400009, -7.092177866999975], [107.76596087300004, -7.09092945499998], [107.76596069500005, -7.090927836999981], [107.76506443000005, -7.0897309909999535], [107.76506424000007, -7.089730736999968], [107.76485443100006, -7.088833806999958], [107.76515197800006, -7.0877146699999685], [107.76606750500008, -7.087505814999929], [107.76779937700007, -7.087902066999959], [107.76851272700009, -7.088402268999971], [107.76851324500007, -7.088403292999942], [107.76914978000008, -7.089658734999944], [107.76943969700005, -7.090228079999974], [107.76954651000005, -7.091231343999937], [107.77026367200006, -7.092153068999949], [107.77107238900004, -7.093054053999936], [107.77160379400004, -7.094006082999954], [107.77167511200008, -7.09413385199997], [107.77199554500004, -7.094193931999939], [107.77236175700006, -7.094216102999951], [107.77229696900008, -7.094652462999932], [107.77301788300008, -7.095262524999953], [107.77433014100006, -7.0952544199999465], [107.77493286300006, -7.095370290999938], [107.77600860600006, -7.095364091999954], [107.77600097700008, -7.0950055099999645], [107.77611541800007, -7.093570230999944], [107.77719116400004, -7.093205448999981], [107.77767181400009, -7.0934414829999355], [107.77851104800004, -7.093914505999976], [107.77983093500006, -7.094743250999954], [107.78078460700004, -7.09390115399998], [107.78184509300007, -7.093776699999978], [107.78247070400005, -7.095684049999932], [107.78247833500006, -7.096998689999964], [107.78176116900005, -7.097361563999925], [107.78104400800004, -7.0976047499999595], [107.78009033200004, -7.097491260999959], [107.77937317000004, -7.097495551999941], [107.77937317000004, -7.097854133999931], [107.77983856400004, -7.098664280999969], [107.77984272600008, -7.098668404999955], [107.78067398300004, -7.099491592999925], [107.78067434200005, -7.09949338399997], [107.78077663800008, -7.099999999999966], [107.78094482500006, -7.100832935999961], [107.78034973100006, -7.101792809999949], [107.77939605800009, -7.101678844999981], [107.77879333600004, -7.101324078999937], [107.77831268300008, -7.100728985999979], [107.77747345000006, -7.100494859999969], [107.77685546900005, -7.1005151249999585], [107.77555243200004, -7.101174055999934], [107.77460053900006, -7.10207625399994], [107.77400475100006, -7.102498186999981], [107.77393847000008, -7.101422781999929], [107.77333372800007, -7.100350596999931], [107.77201783600009, -7.10041823399996], [107.77187548500007, -7.099999999999966], [107.77165241600005, -7.09934461499995], [107.77140844600007, -7.098569104999967], [107.77151987200006, -7.097193800999946], [107.77055616700005, -7.096123752999972], [107.77044223300004, -7.097080704999939], [107.77069085000005, -7.098633156999938], [107.77081659500004, -7.099648444999957], [107.77096397800005, -7.099999999999966], [107.77124148600006, -7.100661940999942], [107.77130775800003, -7.101737347999972], [107.77089324700006, -7.102457028999936], [107.77005920900007, -7.1030596829999695], [107.76964791700004, -7.104317244999947], [107.76887406200007, -7.104979306999951], [107.76899837400003, -7.105755536999936], [107.76959811000006, -7.105991019999976], [107.77030998800007, -7.104970723999941], [107.77120135100006, -7.103949358999955], [107.77197591400005, -7.103406823999933], [107.77275298700005, -7.103282642999943], [107.77335415100004, -7.103757180999935], [107.77383673500009, -7.104411725999967], [107.77438058300004, -7.105304970999953], [107.77521676700007, -7.1050608979999765], [107.77520708200007, -7.103447252999956], [107.77544281400009, -7.102848175999952], [107.77646027700007, -7.102901850999956], [107.77796936000004, -7.103958606999981], [107.77677917600005, -7.104563232999965], [107.77630615300006, -7.104924677999975], [107.77606964300008, -7.106121536999979], [107.77607727200007, -7.1074361779999435], [107.77620697200007, -7.1085114449999764], [107.77633667100008, -7.111020562999954], [107.77670288100006, -7.112214086999927], [107.77743530400005, -7.113644120999936], [107.77659607000004, -7.114366054999948], [107.77528381300004, -7.114732739999965], [107.77433014100006, -7.114977357999976], [107.77349853600003, -7.116297243999952], [107.77240086300009, -7.116027109999948], [107.77239990300006, -7.1160268769999675], [107.77193451000005, -7.115231033999976], [107.77143884300006, -7.11415081399997], [107.77143860000007, -7.114150285999926], [107.77072348200005, -7.113776557999927], [107.77072143700008, -7.113775486999941], [107.77036285400004, -7.112012858999947], [107.77083587600004, -7.111531731999946], [107.77203369100005, -7.111165999999969], [107.77310943800006, -7.11080121699996], [107.77346038900004, -7.110081672999968], [107.77357483100008, -7.1090054489999375], [107.77381134100006, -7.10804748299995], [107.77392578100006, -7.107568737999941], [107.77391815300007, -7.106612678999966], [107.77364731000006, -7.105631823999943], [107.77309417900005, -7.105144736999932], [107.77247619600007, -7.105545518999975], [107.77211761600006, -7.105906007999977], [107.77104187100008, -7.10615157999996], [107.77104950000006, -7.107227322999961], [107.77057647800007, -7.10806703399993], [107.76962280400005, -7.109028812999952], [107.76939392400004, -7.1104645699999764], [107.76892852800006, -7.111782546999962], [107.76808929400005, -7.111548420999952], [107.76725006200007, -7.1113142969999785], [107.76687622300005, -7.110935685999948], [107.76651764000007, -7.110003946999939], [107.76651764000007, -7.108808514999964], [107.76663208200006, -7.108210085999929], [107.76659774800004, -7.107493158999944], [107.76567077600004, -7.107498643999975], [107.76507568400007, -7.107980248999979], [107.76519775400004, -7.10893582999995], [107.76520538400007, -7.1106090519999725], [107.76425170900006, -7.110734460999936], [107.76317596400008, -7.110741136999934], [107.76318359400005, -7.112175462999971], [107.76319122300004, -7.113251206999962], [107.76259613200006, -7.113613126999951], [107.76139068800006, -7.111947058999931], [107.76066589500005, -7.111797328999955], [107.76067352400008, -7.11242914099995], [107.76114654700007, -7.11370491699995], [107.76114871300007, -7.113706210999965], [107.76197434100004, -7.114199264999968], [107.76197434300008, -7.114199371999973], [107.76200104000009, -7.11493158199994], [107.76177215800004, -7.116008754999939], [107.76189041200007, -7.116825817999938], [107.76189166000006, -7.116827077999972], [107.76249694800003, -7.117438789999937], [107.76346588100006, -7.118748185999948], [107.76414871200006, -7.1194260089999375], [107.76414831000005, -7.119426533999956], [107.76347351200008, -7.1203017199999294], [107.76275634900009, -7.120425698999952], [107.76227569700006, -7.120189663999952], [107.76167297500007, -7.120193001999951], [107.76107788100006, -7.119698520999975], [107.76107760900004, -7.119692832999931], [107.76104359600004, -7.118985675999966], [107.76104355000007, -7.118984695999927], [107.76045990000006, -7.118615147999947], [107.76022339000008, -7.117691515999979], [107.75960159600004, -7.116023782999946], [107.75828171000006, -7.116223571999967], [107.75793457200007, -7.115434168999968], [107.75781250000006, -7.114837167999951], [107.75804901200007, -7.113640303999944], [107.75828552200005, -7.113160609999966], [107.75839996300004, -7.112801549999972], [107.75851440400004, -7.111844536999968], [107.75848007300004, -7.110265252999966], [107.75846804100007, -7.110252849999938], [107.75814056700005, -7.1099152539999295], [107.75814056700005, -7.109336372999962], [107.75825500700006, -7.109097000999952], [107.75857544000007, -7.108904835999965], [107.75885772800007, -7.108734604999938], [107.75872802800006, -7.107540128999972], [107.75939178600004, -7.1068017449999275], [107.75907898000008, -7.106701371999975], [107.75847398900004, -7.105972003999966], [107.75847244400006, -7.105970140999943], [107.75835418700007, -7.1051516509999715], [107.75871277000005, -7.10526895299995], [107.75902938900003, -7.1041712739999525], [107.75846863000004, -7.103836057999956], [107.75739288600005, -7.104265209999937], [107.75738525500009, -7.10336446499997], [107.75749969500004, -7.102766033999956], [107.75798034700006, -7.102284904999976], [107.75846100100006, -7.102282043999935], [107.75857544000007, -7.101803299999972], [107.75822252300009, -7.099999999999966], [107.75820160000006, -7.099893089999966], [107.75867462400004, -7.098694800999965], [107.75840761000006, -7.097022632999938], [107.75840760400007, -7.097022596999977], [107.75806427100008, -7.097024914999963], [107.75735473700007, -7.097387789999971], [107.75651550400005, -7.0982294069999625], [107.75568390000007, -7.098305221999965], [107.75568316400006, -7.098273049999932], [107.75564575500005, -7.096639868999944], [107.75558154300006, -7.096523119999972], [107.75494384800004, -7.09536361399995], [107.75494100500003, -7.095320039999933], [107.75479512500004, -7.093084615999942], [107.75479507500006, -7.093083854999975], [107.75421142700009, -7.092625139999939], [107.75373077400008, -7.092627999999934], [107.75313568100006, -7.093109604999938], [107.75230407700008, -7.093234059999929], [107.75146484500004, -7.093478199999936], [107.75110626200006, -7.0934801079999374], [107.75095367400007, -7.094025608999971], [107.75086975100004, -7.094318385999941], [107.75039672900004, -7.095038410999962], [107.75000000100005, -7.095040636999954], [107.74980163700008, -7.095041751999929], [107.74919891400003, -7.095045566999943], [107.74908447500007, -7.095882888999938], [107.74897003200005, -7.0969591129999685], [107.74861908300005, -7.098156925999945], [107.74815750500005, -7.099824424999952], [107.74825686800006, -7.099999999999966], [107.74863433900003, -7.100666996999962], [107.74947357400004, -7.100303169999961], [107.74965108700007, -7.099999999999966], [107.74982452700004, -7.099703785999964], [107.75000000100005, -7.099585715999979], [107.75054168800006, -7.099221227999976], [107.75112533800007, -7.099914783999964], [107.75113902800007, -7.099999999999966], [107.75138854900007, -7.101553197999976], [107.75248718500006, -7.10387134399997], [107.75330352900005, -7.104796882999949], [107.75333404600008, -7.106257436999954], [107.75261688200004, -7.106022353999947], [107.75201416000004, -7.105547902999945], [107.75165939600004, -7.106024500999979], [107.75211065000008, -7.106805338999948], [107.75212097400004, -7.106823203999966], [107.75215149000007, -7.1078181249999375], [107.75191497900005, -7.109373564999942], [107.75228119000008, -7.110686298999951], [107.75265503000008, -7.111999032999961], [107.75289917000003, -7.113193032999959], [107.75267028800005, -7.114747996999938], [107.75207519600008, -7.115110394999931], [107.75123214900009, -7.115303034999954], [107.75122601000004, -7.1152445079999325], [107.75108719000008, -7.113920926999981], [107.75108471900006, -7.113920815999961], [107.75016022000005, -7.113880153999958], [107.75026702900004, -7.113089082999977], [107.75005340700005, -7.112001892999956], [107.75000000100005, -7.111733239999978], [107.74977112000005, -7.110581875999969], [107.74962234900005, -7.109493990999965], [107.74892425800005, -7.109032627999966], [107.74760437000003, -7.10880136399993], [107.74700164800004, -7.108757968999953], [107.74688720800003, -7.108088490999933], [107.74748230100005, -7.107965466999929], [107.74784088100006, -7.107365604999927], [107.74771118300004, -7.106051441999966], [107.74733734500006, -7.104856257999927], [107.74650573800005, -7.104624268999942], [107.74591064700007, -7.105105874999936], [107.74579620400004, -7.1061825729999555], [107.74483490000006, -7.10606860799993], [107.74508667200007, -7.107621187999939], [107.74510193000003, -7.109885927999926], [107.74570465200009, -7.111083980999979], [107.74591827600005, -7.111559387999932], [107.74619293200004, -7.11216997899993], [107.74607849200004, -7.113352773999964], [107.74538421700004, -7.113935943999934], [107.74572754000008, -7.114192007999975], [107.74632263200004, -7.113829609999925], [107.74643707400008, -7.113470550999978], [107.74679565400004, -7.112989901999981], [107.74762725900007, -7.112267968999959], [107.74834442200006, -7.112622258999977], [107.74904246800008, -7.1136539989999505], [107.74904242300005, -7.113654104999966], [107.74871826300006, -7.11441326299996], [107.74740600600006, -7.1148991529999535], [107.74704742600005, -7.115140435999933], [107.74633026200007, -7.115622516999963], [107.74537658900005, -7.116225715999974], [107.74490356500007, -7.116826531999948], [107.74441147100003, -7.116898535999951], [107.74440261300003, -7.116868673999932], [107.74433136200008, -7.116628404999972], [107.74406433100006, -7.116950985999949], [107.74407196000004, -7.117907043999935], [107.74359893800005, -7.118866441999955], [107.74282455700006, -7.118858097999976], [107.74132537900005, -7.1185212109999725], [107.74062347600005, -7.119110342999932], [107.74108886900007, -7.1195983869999395], [107.74156952000004, -7.120312687999956], [107.74205017300005, -7.120549198999981], [107.74279785500005, -7.1206936809999775], [107.74324798900005, -7.120780943999932], [107.74359130900007, -7.121341462999965], [107.74373029100008, -7.122285298999941], [107.74373626900007, -7.12232589599995], [107.74420166100003, -7.123239036999962], [107.74420190000006, -7.123241074999953], [107.74434661900005, -7.1244802449999725], [107.74427558300005, -7.124999996999975], [107.74423217800006, -7.125317569999936], [107.74375915600007, -7.125559326999962], [107.74280548300004, -7.1266407949999575], [107.74278505000007, -7.12687568399997], [107.74271665000003, -7.127661976999946], [107.74271661100005, -7.127662442999963], [107.74269104000007, -7.127956384999948], [107.74137878500005, -7.127844805999928], [107.74053955300008, -7.12749099399997], [107.73947755000006, -7.12749733499993], [107.73947742800004, -7.127497335999976], [107.73947735400009, -7.127497337999955], [107.73947730600008, -7.127497337999955], [107.73934173800006, -7.127498144999947], [107.73850250500004, -7.126785750999943], [107.73754882900005, -7.127867217999949], [107.73646164200005, -7.127003188999936], [107.73639934600004, -7.126251424999964], [107.73749590400007, -7.124999996999975], [107.73769866100008, -7.124768607999954], [107.73792593200005, -7.122735133999981], [107.73713319400008, -7.120229552999945], [107.73611141100008, -7.1194586109999705], [107.73522186300005, -7.119513508999944], [107.73497772300004, -7.118558882999935], [107.73497009400006, -7.117602344999966], [107.73497009400006, -7.116646283999955], [107.73507690400004, -7.115330689999951], [107.73506927500006, -7.11413526299998], [107.73523328700009, -7.113396020999971], [107.73523329500006, -7.113395988999969], [107.73507719600008, -7.11336427599997], [107.73507690600007, -7.1133642159999795], [107.73527875300005, -7.1118241759999705], [107.73527908400007, -7.111821645999953], [107.73481750600007, -7.110909459999959], [107.73433685400005, -7.110631463999937], [107.73432922600006, -7.109836574999974], [107.73492431600005, -7.109713076999981], [107.73489761500008, -7.108380314999977], [107.73419952600005, -7.10768556499994], [107.73395538500006, -7.107414480999978], [107.73395538500006, -7.1067304599999375], [107.73442840800004, -7.106488702999968], [107.73503112900005, -7.10648536399998], [107.73574066200007, -7.10612249199994], [107.73586273400008, -7.1056437459999415], [107.73561511600008, -7.10480494199993], [107.73561478000005, -7.104803797999978], [107.73526127000008, -7.104429145999973], [107.73526001200008, -7.104427808999958], [107.73548889300008, -7.103852745999973], [107.73561096200007, -7.103612898999927], [107.73632812600005, -7.103250024999966], [107.73692322000005, -7.102888104999977], [107.73811340300006, -7.102761267999938], [107.73896026700004, -7.103115078999963], [107.73943328900003, -7.102872846999958], [107.73991394000006, -7.102511403999927], [107.73990631200007, -7.102033614999925], [107.74026489500005, -7.101433751999934], [107.74169159000007, -7.1004691109999385], [107.74205247600008, -7.099999999999966], [107.74252319400006, -7.099388120999947], [107.74263763400006, -7.098789690999979], [107.74287414900004, -7.097832199999971], [107.74346923800005, -7.097350594999966], [107.74406433100006, -7.096271035999962], [107.74501800700006, -7.096146106999981], [107.74523163100008, -7.095504518999974], [107.74512728000008, -7.095298330999981], [107.74476732900007, -7.094587097999977], [107.74476623500004, -7.094584940999937], [107.74488830700005, -7.093875405999938], [107.74548339900008, -7.0932745899999645], [107.74559784200005, -7.093034743999965], [107.74583435300008, -7.092196461999947], [107.74582672200006, -7.0912404039999615], [107.74606323400008, -7.090880390999928], [107.74678039700007, -7.090397831999951], [107.74773407200007, -7.0903921109999715], [107.74797058100006, -7.0899124139999685], [107.74783325300007, -7.08906292599994], [107.74772644200004, -7.088957784999934], [107.74688720800003, -7.088723657999935], [107.74651408100004, -7.088205133999963], [107.74651336900007, -7.088204141999938], [107.74628067100008, -7.087528701999929], [107.74568176500009, -7.086818213999948], [107.74423980800009, -7.086468218999926], [107.74364471600006, -7.086710928999935], [107.74245453000009, -7.087913033999939], [107.74173736600005, -7.087867734999975], [107.74173736600005, -7.087678428999936], [107.74209594700005, -7.087198254999976], [107.74221039000008, -7.086480140999981], [107.74218752900003, -7.085747912999977], [107.74218750000006, -7.085747001999948], [107.74172210700004, -7.085287570999981], [107.74136352500005, -7.084931370999925], [107.74064636300005, -7.084696292999979], [107.73968505900007, -7.084702012999969], [107.73884582500006, -7.084109301999945], [107.73800659300008, -7.083755490999977], [107.73770904600008, -7.082784649999951], [107.73739624100006, -7.082563874999948], [107.73632049700007, -7.082211492999932], [107.73513031100003, -7.08281612199994], [107.73501586900005, -7.084609984999929], [107.73394775400004, -7.08533334599997], [107.73310852200007, -7.085577485999977], [107.73239135900008, -7.086060043999964], [107.73156738400007, -7.087379453999972], [107.73061370900007, -7.0879831289999515], [107.72953796500008, -7.088586804999977], [107.72906494200004, -7.089904783999941], [107.72859191900005, -7.090624804999948], [107.72812271100008, -7.091698642999972], [107.72871394300006, -7.0936808979999455], [107.72871391700005, -7.09368092099993], [107.72825622600004, -7.094093321999935], [107.72693634100006, -7.094100947999948], [107.72598266600005, -7.094345567999937], [107.72506332600005, -7.095388648999972], [107.72395324800004, -7.095433233999927], [107.72304566900004, -7.095213010999942], [107.72304535000006, -7.095212932999971], [107.72180176000006, -7.095446107999976], [107.72108459600008, -7.095928188999949], [107.72013092300006, -7.097129342999949], [107.71906280600007, -7.098092077999979], [107.71858978400007, -7.099409578999939], [107.71867311100004, -7.099999999999966], [107.71883773800005, -7.101166483999975], [107.71945190400004, -7.103110309999977], [107.72098541400004, -7.104857442999958], [107.72098451100004, -7.104858320999938], [107.71971130400004, -7.106097218999935], [107.71934509400006, -7.106099126999936], [107.71899414200004, -7.106460090999974], [107.71863556100004, -7.107179161999966], [107.71780395700006, -7.108260151999957], [107.71720886300005, -7.108208654999942], [107.71720123400007, -7.107307430999981], [107.71768188500005, -7.106945988999939], [107.71839141800007, -7.105865952999977], [107.71825559300004, -7.104890401999967], [107.71825409200005, -7.104879616999938], [107.71789550800008, -7.103716848999966], [107.71765136800008, -7.102762219999931], [107.71704864700007, -7.102168082999981], [107.71645355300006, -7.102052210999943], [107.71609497100008, -7.102054116999966], [107.71525573700006, -7.102298256999973], [107.71442413300008, -7.103018757999962], [107.71442437900004, -7.1030199729999595], [107.71445216400008, -7.1031572759999335], [107.71453857600005, -7.103584287999979], [107.71466827400008, -7.104333874999952], [107.71431732300005, -7.105411527999934], [107.71372223100008, -7.105654238999932], [107.71335800400004, -7.105747662999931], [107.71276855700006, -7.105898855999953], [107.71245875200009, -7.1062221489999615], [107.71245829500003, -7.1062226269999655], [107.71245439300009, -7.106217028999936], [107.71228790500004, -7.105978008999955], [107.71228726300006, -7.105951121999965], [107.71226882900004, -7.10517763799993], [107.71192169300008, -7.104947564999975], [107.71136597100008, -7.103645829999948], [107.71100557200003, -7.103408860999934], [107.70963501600005, -7.104373191999969], [107.70898455600008, -7.105691932999946], [107.70917386300005, -7.107364380999968], [107.70965708700004, -7.108138561999965], [107.71026611400004, -7.108283275999952], [107.71026757900006, -7.1082876569999485], [107.71063232500006, -7.109377859999938], [107.71122742300008, -7.110026793999964], [107.71122742300008, -7.110026832999949], [107.71123504800005, -7.110689158999946], [107.71112823500005, -7.11188554499995], [107.71053314500006, -7.11308431599997], [107.71005249000007, -7.11279701899997], [107.71005204600004, -7.112764267999978], [107.71003341800008, -7.111391115999936], [107.71003340900006, -7.111391081999955], [107.70980072200007, -7.1109366379999415], [107.70896911800008, -7.1110610929999325], [107.70826721300006, -7.11164974899998], [107.70826752000005, -7.1116502679999485], [107.70894898700004, -7.1128088589999265], [107.70896530400006, -7.112836596999955], [107.70898437600005, -7.113810536999949], [107.70909881700004, -7.114831443999947], [107.70910039500006, -7.114832509999928], [107.70968465700008, -7.115226600999961], [107.70968628000008, -7.115227696999966], [107.70959472800007, -7.115719791999936], [107.70875549400006, -7.116322038999954], [107.70816040000005, -7.116445062999958], [107.70684814600008, -7.116692063999949], [107.70651876500006, -7.116616624999949], [107.70532903500003, -7.116949747999968], [107.70463899200007, -7.116949747999968], [107.70432966300007, -7.1175446169999645], [107.70382997500008, -7.116973542999972], [107.70318752000009, -7.116759392999938], [107.70297337000005, -7.117877737999947], [107.70337295600007, -7.118622776999928], [107.70230865700006, -7.118391986999939], [107.70195053000003, -7.1178833719999375], [107.70195007500007, -7.117882726999937], [107.70217895600007, -7.116958616999966], [107.70277404900008, -7.116835591999973], [107.70276260600008, -7.11633872799996], [107.70274950200007, -7.116314731999978], [107.70230484200005, -7.115500446999931], [107.70276642000005, -7.114444728999956], [107.70311737100008, -7.113366601999928], [107.70395660400004, -7.113361831999953], [107.70515441900005, -7.1138329489999705], [107.70562744200004, -7.11347150499995], [107.70561599700005, -7.112988709999968], [107.70478820800008, -7.112639900999966], [107.70454788200004, -7.111792799999932], [107.70478057900004, -7.110966203999965], [107.70525360300007, -7.110485073999939], [107.70560455300006, -7.109646318999978], [107.70632171800008, -7.1088056529999335], [107.70691681100004, -7.107965466999929], [107.70774841400004, -7.106884476999937], [107.70834350700005, -7.106881137999949], [107.70865631300006, -7.106392141999947], [107.70809936500007, -7.1062846139999465], [107.70726013300003, -7.106289859999947], [107.70690155000005, -7.105216022999969], [107.70617675900007, -7.10486173399994], [107.70581817600004, -7.104572531999963], [107.70581054700006, -7.104026790999967], [107.70581054700006, -7.103070732999981], [107.70616150100005, -7.102709767999954], [107.70652771000005, -7.102707860999942], [107.70687866200007, -7.10151052599997], [107.70685941000005, -7.099999999999966], [107.70685577500007, -7.099714753999933], [107.70650482200006, -7.099599833999946], [107.70590972900004, -7.099603171999945], [107.70484161500008, -7.099787470999956], [107.70484309900007, -7.099772498999926], [107.70491027900005, -7.099095340999952], [107.70471191400009, -7.099251744999947], [107.70458221600006, -7.098515746999965], [107.70458199400008, -7.098496891999957], [107.70456695800004, -7.097216840999977], [107.70406771000006, -7.096934727999951], [107.70371248900005, -7.095815178999942], [107.70320685500008, -7.095369027999936], [107.70261198800006, -7.095131081999966], [107.70314736700004, -7.09406032499993], [107.70415863900007, -7.093614177999939], [107.70439658600009, -7.092454189999955], [107.70386120700005, -7.091085998999972], [107.70326634000008, -7.091085998999972], [107.70320685500008, -7.092930081999953], [107.70261198800006, -7.094090069999936], [107.70210635200004, -7.094952621999937], [107.70204686700004, -7.096766962999936], [107.70219558300005, -7.097807978999981], [107.70296929100004, -7.098122546999946], [107.70291137800007, -7.098425385999974], [107.70255279600008, -7.09914493399998], [107.70159912100007, -7.099150178999935], [107.70122528100006, -7.097120281999935], [107.70098114000007, -7.095926282999926], [107.70085144000006, -7.094851013999971], [107.70044073100007, -7.093762890999926], [107.70005406900009, -7.093465460999937], [107.70000000000005, -7.0934849859999645], [107.69898331100006, -7.0938521229999765], [107.69889408000006, -7.0952797999999575], [107.69941249600004, -7.096522878999963], [107.69939148400005, -7.096719576999931], [107.69931411900006, -7.097443816999942], [107.69931504500005, -7.097445250999954], [107.70000000000005, -7.098507341999948], [107.70003509600008, -7.098561761999974], [107.70000000000005, -7.098557651999954], [107.69817127300007, -7.0983434969999735], [107.69727935400005, -7.099305013999981], [107.69710194400005, -7.099664666999956], [107.69538116600006, -7.099903580999978], [107.69548797600004, -7.098790641999926], [107.69532013000008, -7.097885129999952], [107.69471308200008, -7.097571031999962], [107.69481925500008, -7.096320812999977], [107.69413515800005, -7.095577229999947], [107.69384641900007, -7.095449993999978], [107.69259643600009, -7.094899176999945], [107.69196390100007, -7.094209040999942], [107.69205313200007, -7.09316802799998], [107.69246673600009, -7.092748162999953], [107.69234466700004, -7.092097040999931], [107.69233703800006, -7.091314314999977], [107.69305419900007, -7.09095143899998], [107.69352722200006, -7.090231415999938], [107.69351959200009, -7.089264627999967], [107.69339752400003, -7.08820008999993], [107.69315338100006, -7.087604042999942], [107.69255065900006, -7.087009905999935], [107.69243315800009, -7.086274095999954], [107.69243240500003, -7.0862693759999615], [107.69265747200006, -7.085335251999936], [107.69301605300006, -7.0846161839999695], [107.69361114600008, -7.083775995999929], [107.69444275200004, -7.083412642999974], [107.69444275200004, -7.082695482999952], [107.69444275200004, -7.082693574999951], [107.69407654000008, -7.081980223999949], [107.69335937500006, -7.081386562999967], [107.69299316400009, -7.081269259999942], [107.69287109600003, -7.0807914699999515], [107.69251251300005, -7.080076691999977], [107.69203186200008, -7.079481598999962], [107.69157155500005, -7.078577197999948], [107.69165802100008, -7.077810283999952], [107.69187914500009, -7.075777745999972], [107.69187927300004, -7.0757765749999635], [107.69187192800007, -7.075776619999942], [107.69116973900009, -7.075780866999935], [107.69096907500005, -7.073939087999975], [107.69013803100006, -7.0750795379999545], [107.68942456600007, -7.075860685999942], [107.68829090200006, -7.076405174999934], [107.68775519500008, -7.076886439999953], [107.68709602000007, -7.076710934999937], [107.68619959600005, -7.076895423999929], [107.68530524700009, -7.07743852599998], [107.68434657000006, -7.077204975999962], [107.68292236300005, -7.077143188999969], [107.68243408300003, -7.075233455999978], [107.68170929100006, -7.07511806399998], [107.68099975800004, -7.0759592039999575], [107.68051910400004, -7.075722689999964], [107.68003845300007, -7.075008388999947], [107.68003082400008, -7.074367522999978], [107.67938211600006, -7.072381477999954], [107.67967224200004, -7.070074316999978], [107.68012237500005, -7.06938933899994], [107.68036651600005, -7.069746492999968], [107.68096923800005, -7.070699213999944], [107.68156433100006, -7.07081556199995], [107.68168640300007, -7.070336816999941], [107.68203735400004, -7.069736956999975], [107.68252563600004, -7.070451257999935], [107.68300628700007, -7.070687767999971], [107.68467712400007, -7.071036814999957], [107.68515777800008, -7.071272846999932], [107.68551635700004, -7.070434087999956], [107.68611145000006, -7.070072169999946], [107.68670654300007, -7.069829459999937], [107.68766784800005, -7.070182796999973], [107.68875122200006, -7.070893760999979], [107.68910217400008, -7.070532797999931], [107.68981933600008, -7.070409296999969], [107.69089508300004, -7.070283411999981], [107.69137573400008, -7.070041653999965], [107.69161224500004, -7.0698013269999365], [107.69197082600004, -7.069560046999925], [107.69256591900006, -7.069437022999978], [107.69352722200006, -7.069312092999951], [107.69448089700006, -7.069067476999976], [107.69532013000008, -7.068823336999969], [107.69578933800005, -7.069752691999952], [107.69532775900007, -7.07097482599994], [107.69474029500009, -7.07253265099996], [107.69414520500004, -7.072774883999955], [107.69294739000009, -7.073020930999974], [107.69260406500007, -7.073251482999979], [107.69271087700008, -7.07373952699993], [107.69307708900004, -7.074574466999934], [107.69355774000007, -7.074810501999934], [107.69439697300004, -7.075642584999969], [107.69523620600006, -7.075518129999978], [107.69606781000005, -7.074915406999935], [107.69630432100007, -7.074077600999942], [107.69654083300009, -7.073119635999944], [107.69701385800005, -7.073471065999968], [107.69690704500005, -7.074313160999964], [107.69667053300009, -7.074912067999946], [107.69619751200008, -7.075990674999957], [107.69596100100006, -7.0764656059999425], [107.69596102100007, -7.07647032899996], [107.69596863000004, -7.078089234999936], [107.69596839000008, -7.078091376999964], [107.69588306400004, -7.078859119999947], [107.69586181700004, -7.079050300999938], [107.69634247000005, -7.080054278999967], [107.69678832800008, -7.080171886999949], [107.69657898100007, -7.080531118999943], [107.69562530500008, -7.081252569999947], [107.69562532800006, -7.081253983999943], [107.69563293600004, -7.08173179399995], [107.69586944600007, -7.081850050999947], [107.69647216800007, -7.082444185999975], [107.69647979700005, -7.082975862999945], [107.69647979700005, -7.083161830999927], [107.69599914700007, -7.083164212999975], [107.69552612500007, -7.083525657999928], [107.69552612500007, -7.084663862999946], [107.69577789400006, -7.0861539809999385], [107.69625854800006, -7.0867490779999684], [107.69697570800008, -7.086505884999951], [107.69769287200006, -7.086860176999949], [107.69889831500006, -7.087331293999966], [107.69937133900004, -7.08708953699994], [107.69995103100007, -7.08548656399995], [107.69995117400003, -7.085486170999957], [107.69984097000008, -7.084806909999941], [107.69984054600008, -7.084804292999934], [107.70000000000005, -7.084483586999966], [107.70007324200009, -7.084336276999977], [107.70054626500007, -7.083257673999981], [107.70078277600004, -7.082299707999937], [107.70077514600007, -7.081099029999962], [107.70053100600006, -7.080388543999959], [107.70016479500003, -7.079735753999955], [107.70015716600005, -7.0785975419999545], [107.70015716600005, -7.077641483999969], [107.70063018800005, -7.076921459999937], [107.70134735100004, -7.07703685599995], [107.70182800300006, -7.076795097999934], [107.70206451600006, -7.076195712999947], [107.70229339800005, -7.075118538999959], [107.70288848900009, -7.07439803799997], [107.70312500000006, -7.074157234999973], [107.70351791700006, -7.073818918999962], [107.70347595300007, -7.072953935999976], [107.70371246400003, -7.071763035999936], [107.70405578800006, -7.070532079999964], [107.70394897500006, -7.0700583439999605], [107.70417785600006, -7.069130893999954], [107.70441436900006, -7.068890091999947], [107.70526123200005, -7.070559021999941], [107.70574188200004, -7.070675369999947], [107.70573425500004, -7.069480415999976], [107.70550537300005, -7.0686466679999285], [107.70654536500007, -7.06874976499995], [107.70717696800006, -7.068812377999961], [107.70776367300004, -7.0688705419999565], [107.70802708800005, -7.06878121799997], [107.70812225400005, -7.06874894799995], [107.70894241300005, -7.068449255999951], [107.70883178800005, -7.067908285999977], [107.70860290600007, -7.067069765999975], [107.70966339200004, -7.066827294999939], [107.71026611400004, -7.067182540999966], [107.71121979000009, -7.067296503999955], [107.71134185800008, -7.0668177579999565], [107.71205139400007, -7.065976616999933], [107.71264648600004, -7.065495010999939], [107.71275711200008, -7.065105673999938], [107.71252441500008, -7.064539430999957], [107.71286478500008, -7.0632327169999485], [107.71285990700005, -7.062395969999955], [107.71290962700004, -7.060662356999956], [107.71290405200006, -7.059706071999926], [107.71219448600004, -7.061144675999969], [107.71208388900004, -7.062699334999934], [107.71154822700004, -7.063180608999971], [107.70988464500005, -7.06383752499994], [107.70976257300003, -7.063001628999928], [107.70964050500004, -7.062165734999951], [107.70951080300006, -7.060970778999945], [107.70919748500006, -7.0607092379999585], [107.70794677700007, -7.059665198999937], [107.70779393800007, -7.0593093179999755], [107.70758819900004, -7.058830258999933], [107.70626831100009, -7.058718677999934], [107.70494842600004, -7.0576500849999775], [107.70458637900003, -7.056290738999962], [107.70458603100008, -7.056289431999971], [107.70468902600004, -7.055141444999947], [107.70418838300009, -7.052907547999951], [107.70540785400004, -7.05088500599993], [107.70628921200006, -7.049448717999951], [107.70585632400008, -7.049396988999945], [107.70513153200005, -7.048205373999963], [107.70489502000004, -7.047444103999965], [107.70500183200005, -7.046772001999955], [107.70522689800003, -7.04592370499995], [107.70403289800004, -7.044864654999969], [107.70357513400006, -7.043962952999948], [107.70427761300004, -7.043003042999942], [107.70511042300006, -7.0424676639999575], [107.70537811100007, -7.04121844499997], [107.70469401800005, -7.040980499999932], [107.70374223400006, -7.0414861339999675], [107.70320685500008, -7.042348689999926], [107.70243352900007, -7.0425568899999575], [107.70192789400005, -7.042378431999964], [107.70174943600006, -7.041367161999972], [107.70009839000005, -7.041625752999948], [107.70000000000005, -7.041544769999973], [107.69970703100006, -7.041303631999938], [107.69921875200004, -7.040349957999979], [107.69909668100007, -7.039992329999961], [107.69874572900005, -7.040591714999948], [107.69827270500008, -7.041431422999949], [107.69717369500006, -7.040982223999947], [107.69730377200005, -7.039763447999974], [107.69770435200007, -7.038214373999949], [107.69752589000007, -7.03696515799993], [107.69657410600007, -7.035834914999953], [107.69591975400004, -7.036786698999947], [107.69565206500005, -7.037351821999948], [107.69471343900005, -7.036866218999933], [107.69477833900004, -7.036136842999952], [107.69477844400006, -7.036135669999965], [107.69488514400007, -7.035353508999947], [107.69488525400004, -7.03535270499998], [107.69478611600005, -7.034719582999969], [107.69478607200006, -7.034719304999953], [107.69512176600006, -7.034994122999933], [107.69606297000007, -7.0341093629999705], [107.69606399500009, -7.03410839999998], [107.69558716000006, -7.032481190999931], [107.69450378500005, -7.03117274899995], [107.69353485200008, -7.0296239819999755], [107.69209289600008, -7.028795717999969], [107.69161224500004, -7.02867889099997], [107.69077301100003, -7.028085707999935], [107.69033813600004, -7.027468916999965], [107.69077301100003, -7.02724933199994], [107.69197082600004, -7.027481553999962], [107.69256591900006, -7.027238843999953], [107.69290542600004, -7.0267252919999805], [107.69268692500003, -7.026062842999977], [107.69326503500008, -7.02579061199998], [107.69355770600004, -7.024989798999968], [107.69230224600005, -7.0239486619999525], [107.69053020700005, -7.0229038779999655], [107.68921736300007, -7.02186232899993], [107.68738185400008, -7.021677315999966], [107.68399458700009, -7.02176805199997], [107.68152975600009, -7.021291819999931], [107.68102050400006, -7.020255953999936], [107.68073962200003, -7.019393745999935], [107.67975736300008, -7.020304354999951], [107.67923875600007, -7.02058741899998], [107.67745985600004, -7.02051746199993], [107.67573958200006, -7.020275873999935], [107.67356095300005, -7.019916329999944], [107.67160416600007, -7.0206479549999585], [107.67033654500005, -7.021327115999952], [107.66924682600006, -7.021204678999936], [107.66815425200008, -7.021483646999968], [107.66585267300007, -7.022270133999939], [107.66378599400008, -7.022312770999974], [107.66234699600005, -7.022875989999932], [107.66108550600006, -7.0226949609999565], [107.65988592100007, -7.021883556999967], [107.65987854700006, -7.022915743999931], [107.66009420500006, -7.024867068999981], [107.66112365600009, -7.025390528999935], [107.66158897000008, -7.024533641999938], [107.66241836700004, -7.025129551999953], [107.66228485100004, -7.026216503999933], [107.66289520300006, -7.027527806999956], [107.66337585400004, -7.028959747999977], [107.66388702400008, -7.028872007999951], [107.66422271900007, -7.029433246999929], [107.66470336900005, -7.0305061309999815], [107.66566467500007, -7.03181600399995], [107.66618067000007, -7.032323442999939], [107.66636644300007, -7.032506134999949], [107.66636639800004, -7.032506185999978], [107.66612455900008, -7.0327769729999545], [107.66591644400006, -7.033010003999948], [107.66520691100004, -7.034209249999947], [107.66471099900008, -7.032299516999956], [107.66410827700008, -7.031346318999965], [107.66387176600006, -7.031228536999947], [107.66339111400004, -7.031111714999952], [107.66267395000006, -7.0311155299999655], [107.66242981100004, -7.030041215999972], [107.66217811600006, -7.03000071699995], [107.66171264700006, -7.029925822999928], [107.66110992400007, -7.029570577999948], [107.66065979000007, -7.0297963599999775], [107.66065985900008, -7.02979695199997], [107.66075897400003, -7.030648226999972], [107.66099548500006, -7.031244752999953], [107.66100311400004, -7.031961916999933], [107.66112518500006, -7.032558915999971], [107.66160583500005, -7.032914637999966], [107.66196441800008, -7.033849952999958], [107.66161346400008, -7.034468647999972], [107.66126251200006, -7.034949298999948], [107.66115570100004, -7.035189626999966], [107.66090393200005, -7.03578805799998], [107.66019439800004, -7.036509034999938], [107.65946960600007, -7.0357961629999295], [107.65951538100006, -7.035660743999927], [107.65970611800009, -7.035077567999963], [107.66053772100008, -7.034887549999951], [107.66053772100008, -7.03459453399995], [107.66030121000006, -7.0342373809999685], [107.65993499900009, -7.033641811999928], [107.65897369500004, -7.033288474999949], [107.65877510000007, -7.033032219999939], [107.65877499700008, -7.033026355999937], [107.65875244100005, -7.031721587999925], [107.65830230800009, -7.030358074999981], [107.65831243500008, -7.030339861999948], [107.65862256800006, -7.029782128999955], [107.65862274300008, -7.0297818149999785], [107.65863797300005, -7.028568200999928], [107.65863800300008, -7.028565880999963], [107.65897348700008, -7.027875372999972], [107.65897369400005, -7.027874942999972], [107.65896606400008, -7.027177807999976], [107.65776825100005, -7.026945587999933], [107.65807713400005, -7.025999610999975], [107.65756425600006, -7.025479832999963], [107.65675455600007, -7.02633425099998], [107.65557819200006, -7.026572915999964], [107.65553283900005, -7.026326175999941], [107.65576172100003, -7.024412629999972], [107.65660095400006, -7.024169443999938], [107.65707397600005, -7.023449417999927], [107.65695571900005, -7.023221012999954], [107.65575408900008, -7.023218153999949], [107.65528106700003, -7.02393769899993], [107.65444183400007, -7.024062153999978], [107.65441071100008, -7.024053023999954], [107.65324401900006, -7.023710725999933], [107.65251751300008, -7.023172809999949], [107.65180206400004, -7.022643087999938], [107.65177154800006, -7.022471424999935], [107.65143585200008, -7.020614144999968], [107.65190887800009, -7.019774913999981], [107.65309906100003, -7.018931387999942], [107.65307831600006, -7.018887208999956], [107.65299224900008, -7.018703936999941], [107.65261078000009, -7.017858978999925], [107.65129852400008, -7.017388342999936], [107.65129852400008, -7.017195701999981], [107.65128326400009, -7.014998434999939], [107.65211486800007, -7.014157768999951], [107.65128029600004, -7.01327755799997], [107.65071619200006, -7.011897223999938], [107.65098871700008, -7.010278949999929], [107.65131833100008, -7.010096896999926], [107.65125446400003, -7.008861715999956], [107.65010863600008, -7.008566812999959], [107.64861065500008, -7.009358965999979], [107.64877135300009, -7.010965800999941], [107.64818387000008, -7.012854022999932], [107.64817689300008, -7.013828855999975], [107.64743364200007, -7.013422120999962], [107.64629027300003, -7.012783145999947], [107.64514362300008, -7.0126029079999626], [107.64393259600007, -7.013397088999966], [107.64267198300007, -7.013101339999935], [107.64233995300003, -7.01137859399995], [107.64246460500004, -7.010003190999953], [107.64102853400004, -7.010164950999979], [107.64039021500008, -7.011135256999978], [107.63958382500005, -7.011530901999947], [107.63849705100006, -7.0110070099999575], [107.63775075600006, -7.010478478999971], [107.63797760200003, -7.009936331999938], [107.63748932100003, -7.008266445999936], [107.63850714800009, -7.007342454999957], [107.63928082500007, -7.006620826999949], [107.64005820200003, -7.006556686999943], [107.64162002200004, -7.00768360099994], [107.64246059000004, -7.008216829999981], [107.64348130600007, -7.008868590999953], [107.64444253900007, -7.009580457999959], [107.64395282100008, -7.007610700999976], [107.64233487900009, -7.00714161999997], [107.64119485700007, -7.006550298999969], [107.64011331500006, -7.005719549999981], [107.63848966300009, -7.004234333999932], [107.63734662500008, -7.003105054999935], [107.63572399700007, -7.0017991389999565], [107.63458097300008, -7.000669848999962], [107.63338470600007, -7.0010008799999355], [107.63306682200005, -6.999999998999954], [107.63288879600009, -6.999439473999928], [107.63217163400009, -6.998259540999925], [107.63120269900008, -6.996233457999949], [107.63035583600004, -6.995282649999979], [107.62975311500009, -6.994688507999967], [107.62952423400009, -6.994080779999933], [107.62998962500006, -6.993253229999937], [107.63009643600009, -6.9916987409999365], [107.63021850900009, -6.991340156999968], [107.63129425200009, -6.991214748999937], [107.63213348600004, -6.991328714999952], [107.63308716000006, -6.991323468999951], [107.63387430800009, -6.992006624999931], [107.63340578000003, -6.993802457999948], [107.63305187000009, -6.994701043999953], [107.63407488900003, -6.995771242999979], [107.63497189700007, -6.995706446999975], [107.63509892300004, -6.997020754999937], [107.63659617300004, -6.997311232999948], [107.63688790500004, -6.99599458299997], [107.63658308600009, -6.994980138999949], [107.63603797500008, -6.993787721999979], [107.63669669300003, -6.9939035779999585], [107.63724046700008, -6.994856907999974], [107.63748781200007, -6.996290084999941], [107.63695846900004, -6.997906937999971], [107.63690401700006, -6.998863619999952], [107.63779699700007, -6.998081555999931], [107.63820769800009, -6.996644687999947], [107.63862108800004, -6.995685996999953], [107.63903279500005, -6.994428446999962], [107.63992744400008, -6.9939452399999595], [107.63944382700004, -6.993051352999942], [107.63818655200004, -6.992879078999977], [107.63662982800008, -6.99264870899998], [107.63531105200008, -6.992177904999949], [107.63470981200004, -6.9916433079999365], [107.63394828500009, -6.990941827999961], [107.63388006500008, -6.990878986999974], [107.63332367100008, -6.990366456999936], [107.63403320500004, -6.989765163999948], [107.63436126700009, -6.989976163999927], [107.63436135700005, -6.989977095999961], [107.63439941700005, -6.990379806999954], [107.63439941700005, -6.9905996289999734], [107.63500213700007, -6.990834708999955], [107.63595581200008, -6.99082946599998], [107.63678741900009, -6.989988323999967], [107.63678741900009, -6.98915195099994], [107.63749695000007, -6.989148136999972], [107.63809204300009, -6.988666531999968], [107.63784027400004, -6.986755845999937], [107.63735199200005, -6.985085483999967], [107.63722992000004, -6.984130382999979], [107.63837050300003, -6.983015425999952], [107.63782541300009, -6.981823006999946], [107.63770108100005, -6.980986872999949], [107.63775822100007, -6.980508364999935], [107.63792998000008, -6.97913261399998], [107.63762552000009, -6.978177939999966], [107.63572041500004, -6.977562059999968], [107.63587951800008, -6.976610181999945], [107.63669586300006, -6.975171563999936], [107.63741302700004, -6.973972795999941], [107.63922158000008, -6.974761923999949], [107.64024053000009, -6.975114865999956], [107.64161638900003, -6.975107163999951], [107.64155221400006, -6.974330468999938], [107.64041396200008, -6.974037973999941], [107.63998819000005, -6.972785113999976], [107.64118525500004, -6.972897964999959], [107.64106159400006, -6.972181374999934], [107.64040156900006, -6.97182642599995], [107.64045569600006, -6.970809977999977], [107.63943508700004, -6.970158174999938], [107.63750458000004, -6.969670293999968], [107.63845825600004, -6.968708988999936], [107.63880920500009, -6.967870710999932], [107.63977050900007, -6.967745777999937], [107.64048767500009, -6.96738338199998], [107.64048004300008, -6.966068742999937], [107.64046740900005, -6.965961815999947], [107.64043674700008, -6.965702318999945], [107.64065138300003, -6.965697937999948], [107.64114512200007, -6.965691988999936], [107.64151988700007, -6.965644399999974], [107.64185556400008, -6.9656147809999425], [107.64192439500005, -6.965608707999934], [107.64236459600005, -6.96550758099994], [107.64251331200006, -6.965495682999972], [107.64279884700005, -6.9654837869999255], [107.64312007400008, -6.965424299999938], [107.64351863400009, -6.9653350699999805], [107.64369209600005, -6.965296941999952], [107.64378802700008, -6.965258374999962], [107.64535847100007, -6.964187615999947], [107.64592954200003, -6.963509469999963], [107.64635784500007, -6.964544536999938], [107.64625791300006, -6.96464446899995], [107.64564400900008, -6.965258374999962], [107.64571539000008, -6.966186363999952], [107.64725014400005, -6.966186363999952], [107.64824951600008, -6.965365449999979], [107.64857074300005, -6.965829442999961], [107.64834213300009, -6.9676444509999556], [107.64839172400008, -6.968891619999965], [107.64815521300005, -6.969251630999963], [107.64852142500007, -6.970564361999948], [107.64749405000003, -6.970890018999967], [107.64650061500004, -6.97029093499998], [107.64518001200008, -6.970505085999946], [107.64489447800008, -6.971611535999955], [107.64328834100007, -6.97136169099997], [107.64335972400005, -6.972218296999927], [107.64385941100005, -6.9736102819999815], [107.64378802700008, -6.974109966999947], [107.64371664500004, -6.974895190999973], [107.64496586100006, -6.975466261999941], [107.64646492100007, -6.975573337999947], [107.64729874800008, -6.975986011999964], [107.64723205800004, -6.9765400869999326], [107.64723256400003, -6.976541572999963], [107.64739990300006, -6.977032657999928], [107.64747619600007, -6.977261063999947], [107.64760589800005, -6.978216170999929], [107.64827246400006, -6.97758390499996], [107.64868886800008, -6.976989038999932], [107.64883758600007, -6.976304944999981], [107.64961090900005, -6.976899808999974], [107.65067796900007, -6.977434792999929], [107.65059661900005, -6.9781994819999795], [107.65049123600005, -6.9788828639999565], [107.64977810600004, -6.979723690999947], [107.65026373200004, -6.980976193999936], [107.65027046400007, -6.98217161499997], [107.65033668000007, -6.983306929999969], [107.65081962200009, -6.9840812579999465], [107.65076653700004, -6.985277015999941], [107.65077630600007, -6.987010376999933], [107.65138159400004, -6.988262197999973], [107.65216331500005, -6.98897507199996], [107.65251988000006, -6.988554652999937], [107.65161514900007, -6.987244746999977], [107.65154926100007, -6.986169208999968], [107.65202614400005, -6.985867655999925], [107.65292480200009, -6.986101688999952], [107.65284914000006, -6.983292794999954], [107.65129077700004, -6.982763606999981], [107.65146687100008, -6.982164889999979], [107.65146249400004, -6.981387864999931], [107.65169470300003, -6.980131329999949], [107.65163050700005, -6.9793546439999545], [107.65366775400008, -6.979940908999936], [107.65468806300004, -6.980532893999964], [107.65521801600005, -6.979035594999971], [107.65551374300009, -6.978436199999976], [107.65647220600005, -6.978669894999939], [107.65727997000005, -6.977205749999939], [107.65823364500005, -6.975646493999932], [107.65834045600008, -6.974689956999953], [107.65893555000008, -6.973731038999972], [107.65868377800007, -6.973755832999927], [107.65762329200004, -6.973857878999979], [107.65689850100006, -6.9728367279999475], [107.65689087200008, -6.971711155999969], [107.65773010600009, -6.972303388999933], [107.65833282700004, -6.973017211999945], [107.65904998900004, -6.973132607999958], [107.65953064300004, -6.972890852999967], [107.65946637800005, -6.972278216999939], [107.65944719500004, -6.970612519999975], [107.65962749500005, -6.969466861999933], [107.65963687500005, -6.968143319999967], [107.65999008400007, -6.966670518999933], [107.66061469400006, -6.966640776999952], [107.66147724900009, -6.966848976999927], [107.66349979000006, -6.96735461399993], [107.66373539200004, -6.966976509999938], [107.66382138600005, -6.966988794999963], [107.66380353900007, -6.967089921999957], [107.66402364000004, -6.967119665999974], [107.66426753500008, -6.967125614999929], [107.66444599400006, -6.967125614999929], [107.66448145800007, -6.967141630999947], [107.66452026600007, -6.967246529999954], [107.66437690800007, -6.967422236999937], [107.66457376900007, -6.967442726999934], [107.66481029600004, -6.967472783999938], [107.66535240300004, -6.96753476899994], [107.66579448500005, -6.96758531699993], [107.66648111300009, -6.967610583999942], [107.66673287300006, -6.967619651999939], [107.66767644500004, -6.967622856999981], [107.66799936000007, -6.967623955999954], [107.66801973000008, -6.967622665999954], [107.66807232100007, -6.968322258999933], [107.66702672800005, -6.970092637999926], [107.66626848700008, -6.971807697999964], [107.66608251400004, -6.973756182999978], [107.66612625400006, -6.975480803999972], [107.66622162000004, -6.9770474399999785], [107.66626398900007, -6.977254652999932], [107.66641467400007, -6.977254652999932], [107.66851160600004, -6.977604139999926], [107.66999693000008, -6.977953631999981], [107.67165700200007, -6.978041001999941], [107.67193075800009, -6.977128480999966], [107.67184448200004, -6.976537698999948], [107.67207336700005, -6.9755797369999755], [107.67221036900008, -6.974457793999932], [107.67221069600004, -6.974455115999945], [107.67254638900005, -6.973783967999964], [107.67278259200003, -6.973184887999935], [107.67278289900008, -6.973184106999952], [107.67193603700008, -6.9727115599999365], [107.67109680500005, -6.9721183749999796], [107.67100525600006, -6.970779497999956], [107.67156982600005, -6.970322606999957], [107.67215729100008, -6.969482418999974], [107.67287445100004, -6.968522069999949], [107.67316092000004, -6.96779665899993], [107.67422782900007, -6.9676932919999786], [107.67433860300008, -6.967702633999977], [107.67476690600006, -6.9677442739999265], [107.67508813300009, -6.967774016999954], [107.67545100100006, -6.967785914999979], [107.67596802400004, -6.967809770999963], [107.67703297300005, -6.968098194999925], [107.67731373900006, -6.967976123999961], [107.67771706900004, -6.967800763999946], [107.67776489500005, -6.966223237999941], [107.67881721600008, -6.966141849999929], [107.67905164400008, -6.965876315999935], [107.67985470300005, -6.965939308999964], [107.68086981500005, -6.965703411999925], [107.68134604600004, -6.966064487999972], [107.68295298200007, -6.966075777999947], [107.68513181100008, -6.9663778159999765], [107.68725527000004, -6.966392714999927], [107.69006943900007, -6.966125707999936], [107.69149753300007, -6.965800496999975], [107.69176483200005, -6.966143606999935], [107.69247641400005, -6.965497685999935], [107.69306945600005, -6.964597743999946], [107.69300691100005, -6.96411993199996], [107.69293993300005, -6.962865122999972], [107.69257489900008, -6.961791324999979], [107.69084092400004, -6.961920741999961], [107.68892085000004, -6.961818015999938], [107.68946457200008, -6.960852380999938], [107.68957519600008, -6.959939953999935], [107.68909454500005, -6.959344861999966], [107.68824768400003, -6.957915301999947], [107.68669128500005, -6.957684990999951], [107.68668365600007, -6.956489560999955], [107.68655395600007, -6.955175397999938], [107.68654632700009, -6.954218861999948], [107.68582916600008, -6.953984258999981], [107.68475341900006, -6.9544682489999445], [107.68465042300005, -6.953569408999954], [107.68498230100005, -6.952435015999981], [107.68534054100007, -6.951574425999979], [107.68534088200005, -6.951573607999933], [107.68535232600004, -6.951070305999963], [107.68541811400007, -6.950891165999963], [107.68552005700008, -6.9506135759999665], [107.68553415400004, -6.950575189999938], [107.68568769200004, -6.95015710499996], [107.68568802200008, -6.950156211999968], [107.68554849800006, -6.950074229999927], [107.68508911300006, -6.949804302999951], [107.68449402000005, -6.949687954999945], [107.68450546400004, -6.948476549999953], [107.68543243500005, -6.947650432999978], [107.68638610900007, -6.946808334999957], [107.68698120300007, -6.946326730999942], [107.68806457600004, -6.946679112999959], [107.68795395200004, -6.94806265699998], [107.68713760500003, -6.948935507999977], [107.68713767900005, -6.94893663299996], [107.68719366000005, -6.949793493999948], [107.68757203500007, -6.950074229999927], [107.68762776100004, -6.950115575999973], [107.68823651300005, -6.9502632089999565], [107.68831770700007, -6.950074229999927], [107.68852823100008, -6.949584237999943], [107.68924659700008, -6.949445890999925], [107.69014103800004, -6.94977473199998], [107.69103699000004, -6.9498885239999595], [107.69179147900007, -6.949599865999971], [107.69158554400008, -6.949268575999952], [107.69202423400009, -6.94904755999994], [107.69261932400008, -6.949044225999955], [107.69297790500008, -6.949093575999939], [107.69297790500008, -6.947966572999974], [107.69154357900004, -6.948333261999949], [107.69058227700003, -6.948577401999955], [107.69058227700003, -6.947979923999981], [107.69057464700006, -6.946425912999928], [107.68987274300008, -6.946012493999945], [107.69020843500005, -6.945113179999964], [107.69091797100003, -6.944511410999951], [107.69119654400004, -6.944585482999969], [107.69236419800006, -6.942917402999967], [107.69350003600005, -6.941956308999977], [107.69437375700005, -6.942393172999971], [107.69691989300009, -6.943241881999938], [107.69689178700008, -6.943042752999929], [107.69593048200005, -6.942091939999955], [107.69496917900005, -6.9416193929999395], [107.69461059800005, -6.940665241999966], [107.69461441200008, -6.93945860599996], [107.69507599000008, -6.938988681999945], [107.69567108300004, -6.938865659999976], [107.69615936400004, -6.93993901999994], [107.69687652800008, -6.940054413999974], [107.69879150400004, -6.940163133999931], [107.69963073800005, -6.94027805099995], [107.70000000000005, -6.940275682999925], [107.70022583100007, -6.940274233999958], [107.70083618200005, -6.9418249089999335], [107.70167541600006, -6.941820141999926], [107.70250702000004, -6.9413371049999455], [107.70346069500005, -6.940853593999975], [107.70464668400007, -6.940075642999943], [107.70464706800004, -6.940075395999941], [107.70452118000009, -6.9384570079999435], [107.70572120100007, -6.938525370999969], [107.70619964600007, -6.9389252629999305], [107.70572662500007, -6.939764975999935], [107.70539093000008, -6.9406864609999275], [107.70561981500003, -6.941439149999951], [107.70658111700004, -6.941792007999936]], [[107.70825081600009, -6.952019003999965], [107.70814283300007, -6.954051809999953], [107.70694731900005, -6.954116864999946], [107.70686340400005, -6.954595565999966], [107.70639038300004, -6.955434795999963], [107.70616913100008, -6.956214902999932], [107.70617017300003, -6.956215294999936], [107.70663452200006, -6.956389900999966], [107.70755195900006, -6.9567809069999385], [107.70757482900007, -6.956865187999938], [107.70794932300004, -6.958245136999949], [107.70795440700005, -6.958263870999929], [107.70795421700007, -6.95826427999998], [107.70764030100008, -6.958940054999971], [107.70761871400003, -6.95898651899995], [107.70785522500006, -6.960327622999955], [107.70857239000009, -6.960443019999957], [107.70881652900005, -6.961398121999935], [107.70904541100003, -6.962177034999968], [107.70904423300004, -6.962177296999926], [107.70822906500007, -6.962356374999956], [107.70822906500007, -6.96343374099996], [107.70966339200004, -6.963544843999955], [107.70989990300006, -6.962467669999967], [107.71034543400003, -6.95919116999994], [107.71176186300005, -6.959290849999945], [107.71301796700004, -6.959283642999935], [107.71415375300006, -6.959157585999947], [107.71402656800007, -6.957843379999929], [107.71348514900006, -6.9573085549999405], [107.71294235900007, -6.956534656999963], [107.71198190100006, -6.955942465999954], [107.71167768600009, -6.955047658999945], [107.71077910600007, -6.954813728999966], [107.71065707700006, -6.95439603799997], [107.71040685000008, -6.952484826999978], [107.70938967600006, -6.952430878999962], [107.70825081600009, -6.952019003999965]], [[107.73682536400008, -6.954107359999966], [107.73766689500007, -6.954819714999928], [107.73986990900005, -6.953073672999949], [107.74159649100005, -6.951688995999973], [107.74285115700008, -6.951442654999937], [107.74399590800004, -6.952870464999933], [107.74482945900007, -6.952208179999957], [107.74583758100005, -6.950708120999934], [107.74586348300005, -6.9506135759999665], [107.74587400000007, -6.950575189999938], [107.74601124200007, -6.950074229999927], [107.74624758500005, -6.949211532999925], [107.74564287500004, -6.948079441999937], [107.74492375100004, -6.94784453799997], [107.74342811900004, -6.947793431999969], [107.74211816100006, -6.948817082999938], [107.74086384700007, -6.949123186999941], [107.73973019300007, -6.949607898999943], [107.73950022100007, -6.950074229999927], [107.73949371800006, -6.950087415999974], [107.73946604500009, -6.950575189999938], [107.73946386700004, -6.9506135759999665], [107.73943944500007, -6.9510440299999345], [107.73890321600004, -6.9514057429999525], [107.73806134500006, -6.950633618999973], [107.73704557900004, -6.9508188009999685], [107.73591952500004, -6.952618376999965], [107.73682536400008, -6.954107359999966]], [[107.69600898100003, -6.966075251999939], [107.69607152900005, -6.966553058999978], [107.69667447500007, -6.967386405999946], [107.69907259700005, -6.968329041999937], [107.70000000000005, -6.968684472999939], [107.70018546500006, -6.968755552999937], [107.70059213200005, -6.968911410999965], [107.70336160400007, -6.968046913999956], [107.70464334500008, -6.967538125999965], [107.70454612100008, -6.967293966999932], [107.70432750300006, -6.966744951999942], [107.70181249900008, -6.966281175999939], [107.70000000000005, -6.965338543999962], [107.69965262800008, -6.96515788499994], [107.69827071000009, -6.96408990599997], [107.69713352500008, -6.963976855999931], [107.69600898100003, -6.966075251999939]], [[107.73011649600005, -6.969403498999952], [107.72820726200007, -6.970251300999962], [107.72655019500007, -6.969710000999953], [107.72614115000005, -6.9701038719999815], [107.72612631400006, -6.971401243999935], [107.72640991400004, -6.9714198079999505], [107.72703552300004, -6.9715199449999545], [107.72848510700004, -6.972029206999935], [107.72900390700005, -6.9714050279999356], [107.73023986800007, -6.971190926999952], [107.73095909700004, -6.970295160999967], [107.73011649600005, -6.969403498999952]], [[107.68902587100007, -6.984742101999927], [107.68743543000005, -6.984949755999935], [107.68677298400007, -6.984176505999926], [107.68605072300005, -6.98340359599996], [107.68617957200007, -6.985016685999938], [107.68708402800007, -6.986266723999961], [107.68762889200008, -6.9873992689999795], [107.68829032000008, -6.9879932049999525], [107.68931100600008, -6.988644860999955], [107.69026503800006, -6.988101470999936], [107.68959916200004, -6.9867305399999395], [107.68902587100007, -6.984742101999927], [107.68945312600005, -6.985058304999939], [107.68969726700004, -6.985774036999942], [107.69029999000009, -6.9866075489999275], [107.69125366200007, -6.986960885999963], [107.69245147700008, -6.98683452399996], [107.69340515300007, -6.985991951999949], [107.69412231400008, -6.985629555999935], [107.69471740800009, -6.985626217999936], [107.69543457100008, -6.985860822999939], [107.69567871200007, -6.986337660999936], [107.69687652800008, -6.986809253999979], [107.69724273900005, -6.9872851329999435], [107.69724273900005, -6.987882610999975], [107.69724273900005, -6.988360879999959], [107.69857025100004, -6.989070888999947], [107.69939422600004, -6.9879898999999455], [107.69998932000004, -6.987269401999981], [107.70000000000005, -6.98726477799994], [107.70082855300006, -6.98690604899997], [107.70166778600009, -6.986901278999937], [107.70226287800006, -6.987256523999974], [107.70310974100005, -6.988446710999938], [107.70430755600006, -6.988440032999961], [107.70478773400004, -6.987648612999976], [107.70525360300007, -6.986880777999943], [107.70536804200009, -6.986401552999951], [107.70564708800003, -6.985051564999935], [107.70571518200006, -6.984722135999959], [107.70566351700006, -6.984658124999953], [107.70523834200009, -6.984131330999958], [107.70404052800006, -6.9841380109999704], [107.70320129400005, -6.9842619879999575], [107.70220203200006, -6.983371039999952], [107.70333685600008, -6.983065680999971], [107.70583924000005, -6.9813179819999505], [107.70601079000005, -6.979942280999978], [107.70469206000007, -6.9794716849999645], [107.70404024800007, -6.980551288999948], [107.70315019400005, -6.981811572999959], [107.70171868400007, -6.982537024999942], [107.70028716900003, -6.983262474999947], [107.70000000000005, -6.98321731599998], [107.69735333900007, -6.9828011099999685], [107.69508058900004, -6.982873880999932], [107.69304881700003, -6.983244120999927], [107.68907928700008, -6.983028409999974], [107.68919372700009, -6.982310292999955], [107.68881988500004, -6.97992181799998], [107.68834686400004, -6.979924199999971], [107.68786621200007, -6.980166431999976], [107.68727111900006, -6.980886933999955], [107.68679809600008, -6.980889794999939], [107.68679046700004, -6.979933258999949], [107.68692016600005, -6.979043719999936], [107.68701934900008, -6.978736397999967], [107.68796539400006, -6.978084799999976], [107.68785095200008, -6.977416988999948], [107.68809975300007, -6.976893383999936], [107.68925001700006, -6.976557371999945], [107.69091721300003, -6.976167633999978], [107.69121223500008, -6.975022732999946], [107.69070296000007, -6.973986890999981], [107.69024986900007, -6.973123481999949], [107.69168828900007, -6.972617434999961], [107.69181153100004, -6.971413980999955], [107.69147684300003, -6.970035270999972], [107.68803497000005, -6.969781736999948], [107.68589737600007, -6.971773921999954], [107.68600368600005, -6.972978979999937], [107.68714990500007, -6.97321642199995], [107.68719358300007, -6.975166571999978], [107.68701172300007, -6.976541650999934], [107.68697499800004, -6.977545283999973], [107.68650054900007, -6.977601048999929], [107.68620682000005, -6.978677508999965], [107.68534851100009, -6.97946309799994], [107.68501663400008, -6.980477330999975], [107.68536377000004, -6.981136793999951], [107.68656158500005, -6.982444759999964], [107.68727874900009, -6.98244094599994], [107.68800354000007, -6.983034608999958], [107.68849182300005, -6.984346863999974], [107.68902587100007, -6.984742101999927]], [[107.72077695400009, -6.978363072999969], [107.72090522500008, -6.979856566999956], [107.72144910100008, -6.980809740999973], [107.72193489500006, -6.982062094999947], [107.72301090500008, -6.981936343999962], [107.72318586000006, -6.981158326999946], [107.72263472000009, -6.978950041999951], [107.72328682500006, -6.977930197999967], [107.72238681500005, -6.977457235999964], [107.72160920300007, -6.9774617259999445], [107.72077695400009, -6.978363072999969]], [[107.80204516100008, -6.988270181999951], [107.80229047100005, -6.989284735999945], [107.80281410500004, -6.989750000999948], [107.80289181600006, -6.98981904599998], [107.80289600900005, -6.989750000999948], [107.80294628400009, -6.988922238999976], [107.80300000000005, -6.988870406999979], [107.80312479000008, -6.988749999999925], [107.80400000100008, -6.98790551999997], [107.80402374500005, -6.987882610999975], [107.80400000100008, -6.987633602999949], [107.80388868900008, -6.986466246999953], [107.80412295200006, -6.985628134999956], [107.80519353000005, -6.984605748999968], [107.80572471900007, -6.983407278999948], [107.80661299600007, -6.981907856999953], [107.80762731400006, -6.981483458999946], [107.80833864300007, -6.980403447999947], [107.80905032700008, -6.979383197999937], [107.80833008600007, -6.978969131999975], [107.80767058100008, -6.979385913999977], [107.80767056700006, -6.979385946999969], [107.80755615200007, -6.97981929499997], [107.80747985800008, -6.979980466999962], [107.80691528500006, -6.980216261999942], [107.80727149200004, -6.980512788999931], [107.80727386600006, -6.980514762999974], [107.80731201200007, -6.98078775099998], [107.80690765500009, -6.981027600999937], [107.80641937400009, -6.980943676999971], [107.80577087500006, -6.981182095999941], [107.80544281100003, -6.981584070999929], [107.80543518100006, -6.982311723999942], [107.80390167200005, -6.982463356999972], [107.80395507900005, -6.982824799999946], [107.80368042000003, -6.983162874999948], [107.80373382600004, -6.983432769999979], [107.80401611500008, -6.983720301999938], [107.80356598100008, -6.984159467999973], [107.80315399300008, -6.984722609999949], [107.80282592800006, -6.985529420999967], [107.80298614500003, -6.986177440999938], [107.80265808300004, -6.986822125999936], [107.80240631100008, -6.987629413999969], [107.80184173700007, -6.987625118999972], [107.80204516100008, -6.988270181999951]], [[107.80807548700005, -6.988749999999925], [107.80798339900008, -6.988961217999929], [107.80757904200004, -6.9890394179999475], [107.80660247900005, -6.989113326999927], [107.80563354500003, -6.989187715999947], [107.80506897200007, -6.988941190999981], [107.80503201900007, -6.9889934999999355], [107.80462498500003, -6.989569664999976], [107.80474853500004, -6.990226345999929], [107.80714393500006, -6.990690191999931], [107.80809702600004, -6.990027092999981], [107.80916759700006, -6.9890046969999275], [107.80994052600005, -6.988223138999956], [107.81094913100009, -6.986842521999961], [107.81135996200004, -6.985525236999933], [107.81039760200008, -6.984634501999949], [107.80980233000008, -6.985116173999927], [107.80879729100008, -6.9870944199999485], [107.80829347800005, -6.988249998999947], [107.80807548700005, -6.988749999999925]], [[107.80103972500007, -6.99018866199998], [107.80001968300007, -6.989656838999963], [107.80000000000007, -6.989665719999948], [107.79894588100007, -6.990141348999941], [107.79864019500008, -6.990878986999974], [107.79861415300007, -6.990941827999961], [107.79847413200008, -6.991279701999929], [107.79854070700009, -6.992414854999936], [107.79925919000004, -6.992530113999976], [107.79991572200004, -6.9922871449999775], [107.80000000000007, -6.992265559999964], [107.80063242400007, -6.992103583999949], [107.80062672500009, -6.991147368999975], [107.80071527400008, -6.990941827999961], [107.80074234500006, -6.990878986999974], [107.80103972500007, -6.99018866199998]], [[107.78100585900006, -6.993195530999969], [107.78101348900009, -6.9923348429999805], [107.77957194600003, -6.9926835279999295], [107.77778735000004, -6.992790601999957], [107.77660951700005, -6.992897679999942], [107.77585998700005, -6.993575824999937], [107.77528891700007, -6.994253973999946], [107.77453938800005, -6.994503815999963], [107.77361139600004, -6.994682276999981], [107.77238845800008, -6.995423313999936], [107.77296178200004, -6.996271802999956], [107.77391883800004, -6.996266159999948], [107.77493500400004, -6.996140629999957], [107.77594869400008, -6.995596749999947], [107.77672453400004, -6.995293339999932], [107.77737791300007, -6.99451251399995], [107.77743530400005, -6.993662829999948], [107.77806960700008, -6.99338695299997], [107.77854919500004, -6.993178365999938], [107.78100585900006, -6.993195530999969]], [[107.79953110700006, -6.994632008999929], [107.80000000000007, -6.995153458999937], [107.80045318700007, -6.995657441999981], [107.80194091800007, -6.995930191999946], [107.80290985200008, -6.996024606999981], [107.80404663200005, -6.995856758999935], [107.80401993300006, -6.994802153999956], [107.80401993200007, -6.99480211499997], [107.80317688100007, -6.994712350999976], [107.80210113500004, -6.994579550999958], [107.80204735800004, -6.994499585999961], [107.80187950700008, -6.994249999999965], [107.80175400000007, -6.99406337399995], [107.80175000000008, -6.994059325999956], [107.80169139100008, -6.994000000999961], [107.80117035000006, -6.993472572999963], [107.80075000000005, -6.993364915999962], [107.80050000000006, -6.993300887999965], [107.80046844700007, -6.993292806999932], [107.80000000000007, -6.993414750999932], [107.79975000100006, -6.993479828999966], [107.79968261700009, -6.993497369999943], [107.79967498800005, -6.993900294999946], [107.79953002900004, -6.994630810999979], [107.79953110700006, -6.994632008999929]], [[107.76735617700007, -7.00862600399995], [107.76620483500005, -7.00912713799994], [107.76438140900007, -7.010153766999963], [107.76378207200008, -7.010037718999968], [107.76360321100009, -7.010003086999973], [107.76336670000006, -7.009956833999979], [107.76235199000007, -7.010267255999963], [107.76164245700005, -7.010982510999952], [107.76093292200005, -7.010986801999934], [107.76032257100007, -7.011599539999963], [107.75916290400005, -7.012144562999936], [107.75901031500007, -7.01221656599995], [107.75799560600007, -7.012527464999948], [107.75697326800008, -7.012533183999949], [107.75656891000006, -7.012192245999927], [107.75656128000008, -7.01175832399997], [107.75656128000008, -7.011519904999943], [107.75656128000008, -7.01117914799994], [107.75656128000008, -7.010557172999938], [107.75653839200004, -7.009663579999938], [107.75603485300007, -7.008679386999972], [107.75512695500004, -7.008989331999942], [107.75502777100007, -7.010310169999968], [107.75509643600009, -7.010757921999925], [107.75524139400005, -7.011629580999966], [107.75514221300006, -7.012341019999951], [107.75423431500008, -7.012549397999976], [107.75423431500008, -7.013632534999942], [107.75445957900007, -7.013927539999941], [107.75464630100004, -7.014172071999951], [107.75523758000008, -7.014267441999948], [107.75516510000006, -7.015489575999936], [107.75445556800008, -7.015493866999975], [107.75394439700005, -7.01590299399993], [107.75389231400004, -7.016191892999927], [107.75379180900006, -7.016749379999965], [107.75374603300008, -7.017021177999936], [107.75366211000005, -7.018924948999938], [107.75396728500004, -7.0194578139999635], [107.75478363100007, -7.019453046999956], [107.75528717100008, -7.019551274999969], [107.75600433300008, -7.0203599899999745], [107.75632476800007, -7.020642278999958], [107.75691986100009, -7.0199480049999465], [107.75689697300004, -7.01919173899995], [107.75660324100005, -7.0183134059999475], [107.75657151000007, -7.018165177999947], [107.75650024500004, -7.017832277999958], [107.75608062800006, -7.0158905949999735], [107.75610351800009, -7.015524863999929], [107.75617218000008, -7.01427459599995], [107.75657653900004, -7.013449665999929], [107.75775916900005, -7.013624838999931], [107.75789642300003, -7.013645168999972], [107.75901794400005, -7.013943192999932], [107.75973510900008, -7.015360828999974], [107.76075744600007, -7.0154566739999495], [107.76176452600004, -7.014536378999935], [107.76277923600009, -7.0141243899999495], [107.76348877000004, -7.013713834999976], [107.76399231100004, -7.0128984409999475], [107.76470184300007, -7.012284755999929], [107.76480102700003, -7.011573313999975], [107.76489257900005, -7.010557172999938], [107.76590728800005, -7.010043140999926], [107.76611328100006, -7.010346886999969], [107.76692199800004, -7.010744808999959], [107.76724243300004, -7.011965271999941], [107.76754379400006, -7.013242242999979], [107.76816558900003, -7.013686179999979], [107.76877594000007, -7.013479705999941], [107.76887512300004, -7.012768266999956], [107.76947784500004, -7.012155054999937], [107.76951423000008, -7.011999997999965], [107.76964569200004, -7.011439798999959], [107.76925000100005, -7.011398224999937], [107.76876068100006, -7.011346814999968], [107.76784515400004, -7.011148926999965], [107.76753997900005, -7.010725733999948], [107.76763153100006, -7.009728428999949], [107.76803589000008, -7.0091166459999386], [107.76735617700007, -7.00862600399995], [107.76833343500005, -7.008200641999963], [107.77005767800006, -7.007682796999973], [107.77225000100009, -7.007368041999939], [107.77250000000004, -7.007332149999968], [107.77301025400004, -7.007258889999946], [107.77432251200008, -7.0067434289999255], [107.77462768700008, -7.006132122999929], [107.77458051300005, -7.005683962999967], [107.77452087400007, -7.005117411999947], [107.77532959000007, -7.0046048149999365], [107.77603912400008, -7.0044989559999635], [107.77735901000005, -7.0046939829999815], [107.77752123900007, -7.0047077109999805], [107.77848053200006, -7.004788871999949], [107.78102111800007, -7.004977223999958], [107.78203582900005, -7.00436162799997], [107.78284454300007, -7.003849027999934], [107.78437042400009, -7.003433700999949], [107.78524841500007, -7.003028532999963], [107.78532542800008, -7.002992993999953], [107.78548431400009, -7.002919669999926], [107.78607310500007, -7.002262856999948], [107.78649139500004, -7.00179624499998], [107.78679657200007, -7.001083370999936], [107.78750610400004, -7.0004701599999635], [107.78802061000005, -6.999999998999954], [107.78931565800008, -7.000241578999976], [107.79095549600004, -6.999999998999954], [107.79136657700008, -6.99993944199997], [107.79238128900005, -6.999628540999936], [107.79276669800004, -6.999999999999943], [107.79300000100005, -7.000224856999978], [107.79329681500008, -7.000510927999926], [107.79329681500008, -7.000249997999958], [107.79329681500008, -6.999999998999954], [107.79329681500008, -6.999825949999945], [107.79333498400007, -6.999359968999954], [107.79338836700003, -6.998708245999978], [107.79369354300007, -6.998300550999943], [107.79376409600007, -6.998218443999974], [107.79439544700006, -6.997483726999974], [107.79581451400009, -6.996357916999955], [107.79681778000008, -6.996151205999979], [107.79713440000006, -6.996756550999976], [107.79693603600003, -6.997265335999941], [107.79663848900009, -6.997673508999981], [107.79623413300004, -6.998691555999926], [107.79597146900005, -6.999500000999944], [107.79580902000004, -6.999999998999954], [107.79573822000003, -7.000217913999961], [107.79582595800008, -7.00066852599997], [107.79607555800004, -7.000499998999942], [107.79625000000004, -7.00038221799997], [107.79634857300005, -7.00031566399997], [107.79642373500008, -7.000249997999958], [107.79650000000004, -7.000183368999956], [107.79670989600004, -6.999999998999954], [107.79699605200005, -6.99974999899996], [107.79705047600004, -6.999702451999951], [107.79735565300007, -6.998786447999976], [107.79765319800003, -6.998276708999981], [107.79795837400007, -6.997665402999928], [107.79850000100004, -6.997662441999978], [107.79856872700009, -6.997662065999975], [107.79900000000004, -6.997439383999961], [107.79924011200006, -6.997315402999959], [107.79866028000004, -6.996747490999951], [107.79772949200009, -6.996712681999952], [107.79743957700003, -6.9958405499999685], [107.79722595400006, -6.995537276999926], [107.79591369600007, -6.9955449079999426], [107.79509735300007, -6.99554967499995], [107.79352730400007, -6.994959173999973], [107.79174270800007, -6.995887164999942], [107.79124302000008, -6.9974576099999695], [107.78967257700003, -6.997600376999969], [107.78710275900005, -6.998813901999938], [107.78433519600009, -6.999999999999943], [107.78360495000004, -7.000312961999953], [107.78124928400007, -7.002311709999958], [107.77853670100006, -7.0035966179999605], [107.77503889200005, -7.002597244999947], [107.77375000000006, -7.003710377999937], [107.77346844700008, -7.003953536999973], [107.77336667300006, -7.003999999999962], [107.77225000100009, -7.004509785999971], [107.77062857900006, -7.005249999999933], [107.77050000100007, -7.005308698999954], [107.77018479100008, -7.0054525999999555], [107.76805838900009, -7.0062499989999765], [107.76790051000006, -7.00630920499998], [107.76647283100004, -7.00680889299997], [107.76735617700007, -7.00862600399995]], [[107.74456104400008, -7.002612220999936], [107.74213105100006, -7.002541282999971], [107.74134487500004, -7.000342221999972], [107.73877194000005, -7.001051598999936], [107.73847015300004, -7.003028532999963], [107.73841458900006, -7.003392531999964], [107.73921966600005, -7.004854198999965], [107.73911285600008, -7.007117984999979], [107.73922579800006, -7.007839864999937], [107.73935699600008, -7.008678433999933], [107.74114990300006, -7.008787629999972], [107.74234771700009, -7.008900164999943], [107.74247741700009, -7.009616373999961], [107.74259948800005, -7.010333059999937], [107.74391174300007, -7.00996684699993], [107.74402618500005, -7.0088901499999565], [107.74459457400008, -7.008887048999952], [107.74522400100005, -7.009002683999938], [107.74606323400008, -7.009236810999937], [107.74690246700004, -7.00923204299994], [107.74785614000007, -7.009704586999931], [107.74798584000007, -7.010540484999979], [107.74798584000007, -7.011377331999938], [107.74691009600008, -7.011503214999948], [107.74668121400003, -7.012366051999948], [107.74589538700008, -7.012293813999975], [107.74467468300008, -7.012300964999952], [107.74373427800003, -7.012854877999928], [107.74366760300006, -7.012894151999944], [107.74203491200007, -7.012519356999974], [107.74101257400008, -7.012626645999944], [107.74031067100009, -7.013138767999976], [107.73989868200005, -7.0130395849999445], [107.73938751300005, -7.012636181999937], [107.73918192100007, -7.011903131999929], [107.73907470700004, -7.011520861999941], [107.73878117500004, -7.011818563999952], [107.73857116800008, -7.012031551999939], [107.73857879800005, -7.012640949999934], [107.73807525600006, -7.013354773999936], [107.73715973000009, -7.013258930999939], [107.73675000000009, -7.01300643999997], [107.73600000100004, -7.0125442609999595], [107.73552703900003, -7.012252804999946], [107.73491668700007, -7.012459274999969], [107.73480193100005, -7.012528323999959], [107.73443350000008, -7.012749997999947], [107.73440551800007, -7.012766835999969], [107.73380279500009, -7.013075350999941], [107.73350000100004, -7.013077118999945], [107.73298645200003, -7.013080118999937], [107.73237610000007, -7.012826914999948], [107.73236846900005, -7.011966224999981], [107.73287200900006, -7.011150835999956], [107.73337555100005, -7.009827611999981], [107.73375702000004, -7.007983205999949], [107.73305893100007, -7.007244583999977], [107.73324585000006, -7.005460737999954], [107.73405456700004, -7.004745004999961], [107.73404312400004, -7.003094192999981], [107.73403042200005, -7.003028532999963], [107.73373413200005, -7.0014967909999655], [107.73291015800004, -7.000384329999974], [107.73226414300007, -6.999999998999954], [107.73189544800005, -6.99978065199997], [107.73146083200004, -6.999999998999954], [107.73128509500003, -7.000088686999959], [107.73129272500006, -7.000845666999965], [107.73210144100005, -7.001100062999967], [107.73260116700004, -7.00149393099997], [107.73251342800006, -7.0021133409999265], [107.73252105700004, -7.002418040999942], [107.73252105700004, -7.002925869999956], [107.73227900500007, -7.003028532999963], [107.73130798300008, -7.003440376999947], [107.73069763200004, -7.003850457999931], [107.73080444500005, -7.004764077999937], [107.73171997100008, -7.004758830999947], [107.73202514700006, -7.0047569259999705], [107.73233032300004, -7.005364414999974], [107.73253631800009, -7.006242749999956], [107.73234558200005, -7.007294176999949], [107.73215103300004, -7.007996078999952], [107.73225402900005, -7.008716580999931], [107.73234558200005, -7.009183640999936], [107.73215484700006, -7.010037896999961], [107.73134613100007, -7.010550018999936], [107.73063659900004, -7.011366841999973], [107.73014068700007, -7.012385364999943], [107.73014068700007, -7.012738701999979], [107.73085784900007, -7.0134987799999635], [107.73217773500005, -7.013592716999938], [107.73319244400005, -7.013688085999945], [107.73350000100004, -7.013724551999928], [107.73371460900006, -7.01374999899997], [107.73400878900009, -7.0137848809999355], [107.73475000100007, -7.01378071299996], [107.73553466800007, -7.013776299999961], [107.73575000100004, -7.0138286239999275], [107.73635101300005, -7.013974663999932], [107.73756408700007, -7.013967510999976], [107.73781232800008, -7.013965888999962], [107.73807525600006, -7.013964172999977], [107.73824598600004, -7.014098907999937], [107.73858642700009, -7.014367576999973], [107.73887773400008, -7.0142926919999695], [107.73939514200003, -7.014159677999942], [107.74000549400006, -7.014156341999978], [107.74153137400003, -7.014451980999979], [107.74154771500008, -7.014560208999967], [107.74163055500009, -7.01510882499997], [107.74235534900004, -7.015056607999952], [107.74251439700004, -7.014566965999961], [107.74265289400006, -7.014140600999951], [107.74326324700007, -7.014035699999965], [107.74340820400005, -7.014034745999936], [107.74387359800005, -7.014032360999977], [107.74437713600008, -7.013927457999955], [107.74437713600008, -7.013521190999938], [107.74508667200007, -7.013822076999929], [107.74580383300008, -7.01432561799993], [107.74620819300009, -7.013713834999976], [107.74651336900007, -7.013305660999947], [107.74678039600008, -7.013289451999981], [107.74728393700008, -7.013891692999948], [107.74800872800006, -7.014365669999961], [107.74920654300007, -7.014836786999979], [107.74939346500008, -7.01511525799998], [107.74936676000004, -7.015320297999949], [107.74847098800007, -7.016227361999938], [107.74845886200006, -7.016239638999934], [107.74754333500005, -7.016245362999939], [107.74642181400009, -7.015642161999949], [107.74612426900006, -7.0165581679999605], [107.74604797500007, -7.0167171919999305], [107.74683380200008, -7.01696014099997], [107.74765014800005, -7.017056939999975], [107.74806213400007, -7.017562386999941], [107.74847412300005, -7.018372534999969], [107.74876785400005, -7.019250864999947], [107.74878692800007, -7.02056121399994], [107.74950409000007, -7.021109100999979], [107.75000000100005, -7.021106004999979], [107.75041961700003, -7.021103382999968], [107.75071716300005, -7.020492550999961], [107.75069809000007, -7.01863955999994], [107.75046093500004, -7.018174565999971], [107.75029754800005, -7.017854211999975], [107.75000000100005, -7.0176914269999315], [107.74947738800006, -7.0174055079999675], [107.74937439100006, -7.016437527999926], [107.74997711300006, -7.015723223999942], [107.75000000100005, -7.015472458999966], [107.75005340700005, -7.014887331999944], [107.75064086900005, -7.014589305999948], [107.75108257900007, -7.0144205729999385], [107.75159454400006, -7.014225002999979], [107.75206756600005, -7.013385294999978], [107.75182342600004, -7.012310978999949], [107.75162468400003, -7.012193999999965], [107.75122070400005, -7.011956211999973], [107.75050354000007, -7.011840817999939], [107.75000000100005, -7.011771866999936], [107.74966430700005, -7.011725898999941], [107.74942016600005, -7.010769365999977], [107.74977874800004, -7.010410303999947], [107.75000000100005, -7.010458263999965], [107.75085449200009, -7.0106434789999525], [107.75106811600006, -7.009562250999977], [107.75037384200004, -7.009450909999941], [107.75000000100005, -7.009023164999974], [107.74940490800009, -7.008342263999964], [107.74939727900005, -7.00658750499997], [107.74938965000007, -7.005631444999949], [107.74937057500006, -7.003798242999949], [107.74914531600007, -7.003028532999963], [107.74913787800006, -7.003003116999935], [107.74897003200005, -7.002638814999955], [107.74853515600006, -7.003006454999934], [107.74848648000005, -7.003028532999963], [107.74746704100005, -7.003490921999969], [107.74626922600004, -7.003498072999946], [107.74585468500004, -7.0036394129999735], [107.74508534900008, -7.003028532999963], [107.74456104400008, -7.002612220999936]], [[107.73080282400008, -7.020512697999948], [107.73007730000006, -7.019202006999933], [107.72900226000007, -7.019507107999971], [107.72769928200006, -7.019478078999953], [107.72769872800006, -7.019453498999951], [107.72768402400004, -7.018801254999971], [107.72745513900009, -7.018788812999958], [107.72650146600006, -7.019272324999974], [107.72542572100008, -7.019517896999957], [107.72482300000007, -7.019640919999972], [107.72473144500009, -7.019833323999933], [107.72506845000004, -7.019999997999946], [107.72525000000007, -7.020089789999929], [107.72530365100005, -7.020116324999947], [107.72578430200008, -7.020824430999937], [107.72579193100006, -7.021428584999967], [107.72560386000004, -7.0219999999999345], [107.72555542000003, -7.022147176999965], [107.72556304900007, -7.022687911999981], [107.72640228400007, -7.022739882999929], [107.72658166400004, -7.02224999799995], [107.72675323500005, -7.0217814439999415], [107.72734832800006, -7.021778104999953], [107.72760009800004, -7.022852417999957], [107.72858913600004, -7.02259449099995], [107.72927856500007, -7.023440359999938], [107.72998809800004, -7.022957799999972], [107.73011016900006, -7.022479053999973], [107.73117828700003, -7.022591698999975], [107.73117828700003, -7.0225917389999495], [107.73118591400004, -7.023020501999952], [107.73130798300008, -7.023189542999944], [107.73166656600006, -7.023306843999933], [107.73238372900005, -7.02258539099995], [107.73285293700008, -7.022582765999971], [107.73254700300004, -7.023435333999942], [107.73252868900005, -7.023486374999948], [107.73298645200003, -7.023538110999937], [107.73367691200008, -7.024223802999927], [107.73367664500006, -7.024224176999951], [107.73501651400005, -7.024970795999934], [107.73537998900008, -7.025745668999946], [107.73455122200005, -7.0272447239999565], [107.73491749800007, -7.028497732999938], [107.73594252000004, -7.029866423999977], [107.73653304200008, -7.02854806199997], [107.73713126300004, -7.028544565999937], [107.73797507200004, -7.029615469999953], [107.73802509200004, -7.027941655999939], [107.73880872800004, -7.028953138999952], [107.73928240100008, -7.028113610999981], [107.73879612300004, -7.026801543999966], [107.73866737900005, -7.025248311999974], [107.73777460500008, -7.026030519999949], [107.73688182700005, -7.026812732999929], [107.73651869900004, -7.026097628999935], [107.73692940700005, -7.024720548999937], [107.73884369300004, -7.024709362999943], [107.74034203000008, -7.025178752999977], [107.74124670800006, -7.026428597999939], [107.74089023300007, -7.026849063999975], [107.74083706700009, -7.02798497699996], [107.74209718000009, -7.0286350529999595], [107.74251277800005, -7.028094703999955], [107.74298959700008, -7.027793067999937], [107.74437286300008, -7.029040100999964], [107.74814970800008, -7.030392617999951], [107.74869443100005, -7.031465243999946], [107.74988734900006, -7.0308605589999615], [107.74946332200005, -7.029966525999953], [107.74784005700008, -7.028601390999938], [107.74664116900004, -7.028190047999942], [107.74532474500006, -7.028137996999931], [107.74430602200005, -7.0278451259999315], [107.74310292800004, -7.026716574999966], [107.74267927000005, -7.025882296999953], [107.74429304300008, -7.025633773999971], [107.74428883500008, -7.024916577999932], [107.74368781800007, -7.024441950999972], [107.74183336100003, -7.024452808999968], [107.74021398500008, -7.0237450579999745], [107.73883319500004, -7.022916368999972], [107.73649911800004, -7.022750695999946], [107.73404853800008, -7.023123611999949], [107.73344578300004, -7.022350130999939], [107.73224237300008, -7.021161770999981], [107.73134958800006, -7.021943968999949], [107.73092839600008, -7.021528038999975], [107.73080282400008, -7.020512697999948]], [[107.75964409500006, -7.021658708999951], [107.75851773300008, -7.02339859999995], [107.75852231500005, -7.024175551999974], [107.75774394400008, -7.024060598999938], [107.75630755000009, -7.023949515999959], [107.75517237000008, -7.024195261999978], [107.75456395800006, -7.0224655719999305], [107.75372998900008, -7.023068150999961], [107.75308111000004, -7.024625927999978], [107.75356776900009, -7.025997726999947], [107.75488734800007, -7.0265876499999536], [107.75512275800008, -7.025928819999933], [107.75631847000005, -7.02580224999997], [107.75667704100005, -7.025740372999962], [107.75811943400004, -7.026867468999967], [107.75955195700004, -7.026321124999981], [107.75978665400004, -7.025542763999965], [107.75936262100004, -7.024648747999947], [107.75971519500007, -7.023570854999946], [107.76054668300009, -7.022549906999927], [107.75964409500006, -7.021658708999951]], [[107.76314224600009, -7.026479262999942], [107.76213059400004, -7.027381739999953], [107.76195960800004, -7.0288171689999785], [107.76058514200008, -7.02906434099998], [107.75980570500008, -7.028770098999928], [107.76035397500004, -7.030440357999964], [107.76137128800008, -7.03049412799993], [107.76281158400008, -7.0312626059999275], [107.76382712800006, -7.031017539999937], [107.76316309000003, -7.030005414999948], [107.76273692400008, -7.028752814999962], [107.76345194600009, -7.028270455999973], [107.76416378700009, -7.027250210999966], [107.76397796600008, -7.026175493999972], [107.76314224600009, -7.026479262999942]], [[107.74635891800006, -7.031060576999948], [107.74522125100003, -7.030887942999925], [107.74534651200008, -7.031843500999969], [107.74432953800004, -7.031849463999947], [107.74331080700006, -7.031556592999948], [107.74217383700005, -7.031503486999952], [107.74157666600007, -7.031686290999971], [107.74194121100004, -7.032640449999974], [107.74259680000006, -7.032218230999945], [107.74313660300004, -7.032454141999949], [107.74326221400008, -7.033469466999975], [107.74308871500006, -7.034486546999972], [107.74243663400006, -7.035506428999952], [107.74292504600004, -7.0371770829999605], [107.74430624000007, -7.038065505999953], [107.74490165700007, -7.037583866999967], [107.74423657900007, -7.036392400999944], [107.74387132200007, -7.03531871499996], [107.74386570400009, -7.0343624529999715], [107.74391745100007, -7.032987478999928], [107.74517090800003, -7.032501981999928], [107.74696732700005, -7.03279028399993], [107.74750291400005, -7.0323089959999265], [107.74635891800006, -7.031060576999948]], [[107.72500000100007, -7.036418178999952], [107.72528076400005, -7.0361347159999355], [107.72538682500004, -7.0359999999999445], [107.72550000000007, -7.035856247999959], [107.72558365200007, -7.03574999999995], [107.72575378500005, -7.0355339019999406], [107.72755432200006, -7.035643098999969], [107.72886657700008, -7.035635468999942], [107.73018646300005, -7.035627838999972], [107.73101806700004, -7.035742281999944], [107.73150000000004, -7.035952279999947], [107.73160951900007, -7.035999998999955], [107.73210144100005, -7.036214348999977], [107.73228225400004, -7.035999998999955], [107.73281097400007, -7.035373209999932], [107.73292160200003, -7.034632442999964], [107.73268890600008, -7.0341787339999655], [107.73256683400007, -7.034059997999975], [107.73284818600007, -7.03269363499993], [107.73343767300008, -7.031195968999953], [107.73342998100009, -7.029881099999955], [107.73282861200005, -7.029346688999965], [107.73235492500004, -7.030186216999937], [107.73230488800004, -7.031860040999959], [107.73122668300005, -7.031627254999933], [107.73027266100007, -7.032170741999948], [107.72914091600006, -7.033014109999954], [107.72878477100005, -7.033494338999958], [107.72818304900005, -7.032900153999947], [107.72787974600004, -7.032184693999966], [107.72680049000007, -7.031772598999964], [107.72572646800006, -7.0322570069999415], [107.72465278800007, -7.032801181999957], [107.72400205200006, -7.0340601249999395], [107.72358921300008, -7.035078607999935], [107.72168731700003, -7.035916325999949], [107.72156524800005, -7.035156486999938], [107.72156524800005, -7.034602161999942], [107.72119903800007, -7.034126278999963], [107.72048187300004, -7.034010885999976], [107.71939850000007, -7.033180234999975], [107.71903991700009, -7.032345770999939], [107.71903228800005, -7.03198718799996], [107.71878814900003, -7.031032082999957], [107.71865202400005, -7.0296682889999715], [107.71840230400005, -7.027876653999954], [107.71763468300009, -7.029614425999966], [107.71733939000006, -7.030273604999934], [107.71716339600005, -7.030872322999926], [107.71650673000005, -7.031115211999975], [107.71495132100006, -7.031124233999947], [107.71381571500007, -7.031310128999962], [107.71177894000004, -7.030843771999969], [107.71178344800006, -7.031620755999938], [107.71196638700007, -7.032217393999929], [107.71161022100006, -7.0326976189999755], [107.71094556900005, -7.031565837999949], [107.71022803200009, -7.0316297659999805], [107.71022213800006, -7.030613708999965], [107.70955887900004, -7.02972099699997], [107.70914254000007, -7.030141797999931], [107.70890982900005, -7.03127877299994], [107.70879399300009, -7.031936913999971], [107.70718117300004, -7.032364635999954], [107.70616416400009, -7.032370514999968], [107.70584668700008, -7.032440404999932], [107.70551479100004, -7.03251346899998], [107.70532766400004, -7.032554661999939], [107.70496262500006, -7.03258109799998], [107.70443064700004, -7.032619615999977], [107.70416909300008, -7.032511365999937], [107.70329122300006, -7.032148036999956], [107.70221093000004, -7.031556570999953], [107.70100719000004, -7.030308339999976], [107.70000000000005, -7.030208287999926], [107.69986984400003, -7.030195358999947], [107.69932314200008, -7.028764019999926], [107.69937675400007, -7.027687839999942], [107.70000000000005, -7.027183783999931], [107.70026996700005, -7.026965445999963], [107.70000000000005, -7.026335054999947], [107.69978482300007, -7.02583260199998], [107.69804855800004, -7.025603520999937], [107.69793442900004, -7.026560508999978], [107.69823630600007, -7.027036933999966], [107.69806269800006, -7.028054033999979], [107.69662795900007, -7.028241608999963], [107.69745825200005, -7.026981645999967], [107.69661934000004, -7.026747392999937], [107.69596644900008, -7.02764770999994], [107.69464515200008, -7.026758753999957], [107.69410604800004, -7.026642312999968], [107.69387123100006, -7.027420685999971], [107.69471255700006, -7.028073322999944], [107.69573404500005, -7.028844461999938], [107.69735895400004, -7.030508681999947], [107.69748343200007, -7.031344753999974], [107.69786071900006, -7.032587525999929], [107.69741058500006, -7.033157821999964], [107.69746887500008, -7.033287237999957], [107.69774627700008, -7.03390312099998], [107.69834899900007, -7.034258361999946], [107.69895172100007, -7.035211560999926], [107.69979095600007, -7.035804268999925], [107.70000000000005, -7.035837904999937], [107.70050811900006, -7.035919664999938], [107.70070648200004, -7.036051744999952], [107.70114898700007, -7.035483832999944], [107.70121360200005, -7.035410489999947], [107.70166778600009, -7.034894940999948], [107.70245361400004, -7.035411354999951], [107.70297241200007, -7.0357336979999445], [107.70315170400005, -7.036024329999975], [107.70280569800008, -7.036403922999966], [107.70250320500008, -7.036735771999929], [107.70109558300004, -7.037242410999966], [107.70088958900004, -7.037300821999963], [107.70088196000006, -7.037829873999954], [107.70111465600007, -7.038168902999928], [107.70101165900007, -7.038452622999955], [107.70116424700007, -7.0386090259999605], [107.70227813700006, -7.038798328999974], [107.70344543700008, -7.0387911769999505], [107.70429229800004, -7.03846073099993], [107.70494079600007, -7.038131711999938], [107.70559692400008, -7.0384535769999275], [107.70599365200007, -7.03910207399997], [107.70645141600005, -7.039229868999939], [107.70673031000007, -7.039347235999969], [107.70690918100007, -7.039422509999952], [107.70694076900008, -7.039516351999964], [107.70723724500004, -7.040397165999934], [107.70730590900007, -7.041048048999926], [107.70763397200005, -7.041368957999964], [107.70757293700007, -7.042218683999977], [107.70746994100006, -7.042428490999953], [107.70777130200008, -7.042608258999962], [107.70798265200006, -7.0426301499999795], [107.70803833000008, -7.0426359149999485], [107.70808528400005, -7.0430137329999525], [107.70809936500007, -7.043127056999936], [107.70812465900008, -7.043160899999975], [107.70826721300006, -7.043351648999931], [107.70842743100008, -7.043581007999933], [107.70760885600004, -7.045025580999948], [107.70754937000004, -7.046096339999963], [107.70763397300004, -7.047619101999942], [107.70787048300008, -7.04814195299997], [107.70818657900008, -7.048266001999934], [107.70819854800004, -7.0482707009999785], [107.70852661200007, -7.049106595999945], [107.70850545900004, -7.049496977999979], [107.70741272000004, -7.050343987999952], [107.70742034900007, -7.050896641999941], [107.70741983000005, -7.050901193999948], [107.70730590900007, -7.051898476999952], [107.70719146700009, -7.052377698999976], [107.70659637700004, -7.05321788599997], [107.70692476200009, -7.054781372999969], [107.70769882300004, -7.055063484999948], [107.70804596000005, -7.055600163999941], [107.70878709000004, -7.055925391999949], [107.70912170600008, -7.056072232999952], [107.70935821600006, -7.0568871489999765], [107.70914459300008, -7.058403489999932], [107.70956849000004, -7.058436536999977], [107.70985412700009, -7.058458802999951], [107.71044158900008, -7.056781766999961], [107.71055603200006, -7.056063648999952], [107.71163177600005, -7.055818553999927], [107.71235656800008, -7.05581426599997], [107.71307373000008, -7.055809971999963], [107.71328735400004, -7.054848668999966], [107.71211835400004, -7.054535789999932], [107.71199035800004, -7.054501531999961], [107.71079254300008, -7.054866788999959], [107.71031189200005, -7.054333446999976], [107.71030426000004, -7.053196424999953], [107.71047651400005, -7.052385757999957], [107.71053314200009, -7.052119255999969], [107.71089172400008, -7.0513997049999375], [107.71136474600007, -7.050799366999968], [107.71158981300005, -7.0497090789999675], [107.71123504700006, -7.049187893999942], [107.71123504700006, -7.048224445999949], [107.71147155800008, -7.047690866999972], [107.71194458000008, -7.046851156999935], [107.71123753400008, -7.04743478599994], [107.71102933100008, -7.047226584999976], [107.71117804900007, -7.046393772999977], [107.71162419900008, -7.045323015999941], [107.71207034600008, -7.044400973999927], [107.71207034600008, -7.043984568999974], [107.71221906100004, -7.043211242999973], [107.71311950900008, -7.04313850099993], [107.71299743700007, -7.042281623999941], [107.71313504500006, -7.041790248999973], [107.71322631800007, -7.041464325999925], [107.71308161700006, -7.040742549999948], [107.71337905000007, -7.039969225999926], [107.71361541800007, -7.039123055999937], [107.71350352000007, -7.0387800509999465], [107.71399454800007, -7.038715975999935], [107.71440124700007, -7.0386629089999815], [107.71418211800005, -7.037500536999971], [107.71492570100008, -7.03696515799993], [107.71620466000007, -7.037976429999958], [107.71745387700008, -7.038749755999959], [107.71849489000004, -7.038838984999927], [107.71843540600008, -7.039582565999979], [107.71771621800008, -7.039681669999936], [107.71760559200004, -7.040351149999935], [107.71799469000007, -7.040660377999927], [107.71845245400004, -7.040657995999936], [107.71858412000006, -7.041129216999934], [107.71813797100003, -7.042110741999977], [107.71778105400006, -7.042705608999938], [107.71775055000006, -7.043266293999977], [107.71749115200004, -7.043919083999981], [107.71743011600006, -7.044375416999969], [107.71826600800006, -7.045569236999938], [107.71761211100005, -7.046290275999979], [107.71791750900007, -7.047364348999963], [107.71780413000005, -7.048440862999939], [107.71745319100006, -7.04981760499993], [107.71758295300003, -7.051550166999959], [107.71853319300004, -7.05034924499995], [107.71889319400009, -7.050526457999979], [107.71877947000007, -7.05154319899998], [107.71896522700007, -7.0526179669999465], [107.71866854000007, -7.053038084999969], [107.71730055800003, -7.054420751999942], [107.71796004200007, -7.054655985999943], [107.71963587600004, -7.054765761999931], [107.72070925600008, -7.054161808999936], [107.71962959400008, -7.053689949999978], [107.71968453400007, -7.052852855999959], [107.72015825800008, -7.052013320999947], [107.72212796800005, -7.051224838999929], [107.72158185700005, -7.04991309899998], [107.72002255600006, -7.04926471899995], [107.71882046700006, -7.048315405999972], [107.71881488900004, -7.047359125999947], [107.71922599700008, -7.0460418039999695], [107.71958285600005, -7.045681108999929], [107.72095489500003, -7.0451359739999475], [107.72063446100009, -7.0441555969999285], [107.72133636500007, -7.043896672999949], [107.72138977100008, -7.043431278999947], [107.72100830100004, -7.043052194999973], [107.72160720900007, -7.041909930999964], [107.72190856900005, -7.041353701999981], [107.72203827000004, -7.040897365999967], [107.72203301000008, -7.040628111999979], [107.72203064100006, -7.040506837999942], [107.72328072400006, -7.039992637999944], [107.72314453100006, -7.0395677069999465], [107.72314453100006, -7.03879242499994], [107.72314453100006, -7.038776871999971], [107.72361755600008, -7.038295743999981], [107.72409057700008, -7.03781509199996], [107.72432708700006, -7.037335394999957], [107.72468567000004, -7.0367355329999555], [107.72491895800005, -7.036499999999933], [107.72500000100007, -7.036418178999952]], [[107.74750000000006, -7.038749998999947], [107.74750000000006, -7.039249999999981], [107.74800000000005, -7.039249999999981], [107.74800000000005, -7.039499998999929], [107.74850000100008, -7.039499998999929], [107.74850000100008, -7.039750000999959], [107.74825000100009, -7.039750000999959], [107.74825000100009, -7.039999999999964], [107.74850000100008, -7.039999999999964], [107.74850000100008, -7.040249999999958], [107.74900000000008, -7.040249999999958], [107.74900000000008, -7.039499998999929], [107.74925000000007, -7.039499998999929], [107.74925000000007, -7.039750000999959], [107.75000000100005, -7.039750000999959], [107.75000000100005, -7.039499998999929], [107.74950000000007, -7.039499998999929], [107.74950000000007, -7.039249999999981], [107.74900000000008, -7.039249999999981], [107.74900000000008, -7.038749998999947], [107.74750000000006, -7.038749998999947]], [[107.71797399900004, -7.057046688999947], [107.71762585500005, -7.058901572999957], [107.71751143500006, -7.059798782999962], [107.71698067000005, -7.061116806999962], [107.71704678000003, -7.0621922719999475], [107.71693131600006, -7.062910182999929], [107.71705865200005, -7.064224370999966], [107.71854420900007, -7.062482391999936], [107.71876780200006, -7.059791460999975], [107.71924606800007, -7.059728897999946], [107.71983735200007, -7.058530063999967], [107.71935734200008, -7.058293785999979], [107.71886930300008, -7.056682851999938], [107.71797399900004, -7.057046688999947]], [[107.73039521700008, -7.063309653999966], [107.72860637200006, -7.0643362039999715], [107.72939008700007, -7.065347685999939], [107.73040118100005, -7.064325691999954], [107.73099559000008, -7.063664751999966], [107.73194966000005, -7.0631212389999405], [107.73278091400005, -7.0620405279999545], [107.73354496500008, -7.059705065999935], [107.73234879200004, -7.0597718429999645], [107.73157806700004, -7.060971737999978], [107.73062891000006, -7.062351982999928], [107.73039521700008, -7.063309653999966]], [[107.73405343200005, -7.064782426999955], [107.73351885500006, -7.065443018999929], [107.73268689700006, -7.06640420399998], [107.73215442400004, -7.067423393999945], [107.73144527800008, -7.068921775999968], [107.73162897600008, -7.069637924999938], [107.73229164700007, -7.070411030999935], [107.73181654200005, -7.07101150699998], [107.73265905200009, -7.071843326999954], [107.73360926200007, -7.070642370999963], [107.73324221000007, -7.069269845999941], [107.73418749400008, -7.0672321579999675], [107.73513769700008, -7.06603120699998], [107.73561244400008, -7.065370962999964], [107.73650245900006, -7.064110595999978], [107.73691280500009, -7.06267373999998], [107.73613224900004, -7.062200171999962], [107.73559170200008, -7.06184473299993], [107.73422658600003, -7.063705571999947], [107.73405343200005, -7.064782426999955]], [[107.70753479100006, -7.070306776999928], [107.70669555900008, -7.070191858999976], [107.70668520300006, -7.070218078999972], [107.70645904600008, -7.070790765999959], [107.70610046500008, -7.071510312999976], [107.70598602300004, -7.072258706999946], [107.70635223500005, -7.072818753999968], [107.70635223500005, -7.07389974299997], [107.70577240000006, -7.075317856999959], [107.70600891300006, -7.076292511999952], [107.70697021500007, -7.077003953999963], [107.70718189800004, -7.077213325999935], [107.70745086900007, -7.077479357999948], [107.70749976200005, -7.07767064199993], [107.70769500800009, -7.07843446499993], [107.70782470900008, -7.079509253999959], [107.70842743100008, -7.080581661999929], [107.70877838200005, -7.080165860999955], [107.70866394200004, -7.0792655929999455], [107.70817565900006, -7.077786681999953], [107.70816803000008, -7.076638696999964], [107.70815658600009, -7.076022621999925], [107.70804214600008, -7.075304504999963], [107.70815277200006, -7.074606415999938], [107.70814895800004, -7.073865888999933], [107.70802307100007, -7.072896001999936], [107.70801544200003, -7.07161855399994], [107.70808410700005, -7.071437833999937], [107.70795547400007, -7.071157089999929], [107.70789337400004, -7.0710215539999695], [107.70753479100006, -7.070306776999928]], [[107.73274279100008, -7.075907110999935], [107.73239120900007, -7.077164322999977], [107.73125235700007, -7.0768123949999335], [107.73029439900006, -7.076698482999973], [107.72855761300008, -7.076409828999942], [107.72802266700006, -7.077010654999981], [107.72761089100004, -7.078208450999966], [107.72725613300008, -7.078927759999942], [107.72588287200006, -7.0794139639999685], [107.72588778800008, -7.08025070399998], [107.72570865100005, -7.080311521999931], [107.72516422100006, -7.079298636999965], [107.72396483200004, -7.078827510999929], [107.72307370900006, -7.0799085749999335], [107.72362518500006, -7.08097123999994], [107.72434234600007, -7.080369469999937], [107.72542572100008, -7.081438537999929], [107.72584536400007, -7.081496001999938], [107.72626495600008, -7.081553454999948], [107.72686004700006, -7.081191061999959], [107.72709655900007, -7.080831048999926], [107.72721862800006, -7.079982991999941], [107.72817230300006, -7.080466267999952], [107.72857666000004, -7.079893110999933], [107.72876739600008, -7.079626080999958], [107.72885131900006, -7.0786838519999264], [107.72887039200003, -7.078292128999976], [107.72846985000007, -7.077701804999947], [107.72875213800006, -7.077354903999947], [107.72913360800004, -7.077421661999949], [107.73007202200006, -7.07758617199994], [107.73138427700007, -7.077578542999959], [107.73167419500004, -7.07761764299994], [107.73174285900006, -7.078008886999953], [107.73223114200005, -7.078888414999938], [107.73258972200006, -7.079005714999937], [107.73331451400009, -7.078870294999945], [107.73384857300005, -7.078769681999972], [107.73426055900006, -7.078517910999949], [107.73545837400007, -7.078510756999947], [107.73641967800006, -7.078864095999961], [107.73682027100006, -7.077437126999939], [107.73622234000004, -7.077500413999928], [107.73544069700006, -7.076847553999926], [107.73417972600004, -7.076077974999976], [107.73274279100008, -7.075907110999935]], [[107.72027013700006, -7.081359452999948], [107.71912496600004, -7.079931684999963], [107.72032050400009, -7.079745381999942], [107.72104301300004, -7.080518157999961], [107.72163745300008, -7.079857214999947], [107.72103425100005, -7.0790239729999485], [107.72001365100004, -7.0784322519999705], [107.71941781100008, -7.078854122999928], [107.71882336600004, -7.079515059999949], [107.71858895100007, -7.080353204999938], [107.71901371200005, -7.08136680399997], [107.71818205100004, -7.082387744999949], [107.71782972700004, -7.083525425999937], [107.71741756800009, -7.084663457999966], [107.71801727200005, -7.084899028999928], [107.71849276100005, -7.084358320999968], [107.71908405300007, -7.083159473999956], [107.71961621500009, -7.082080509999969], [107.72027013700006, -7.081359452999948]], [[107.71885489500005, -7.084894128999963], [107.71778565800008, -7.086215310999933], [107.71797285900004, -7.087529144999962], [107.71845816500007, -7.0886619269999755], [107.71840359200007, -7.089558787999977], [107.71828848900009, -7.090336463999961], [107.72002253100004, -7.09014700299997], [107.72013903500005, -7.089608393999981], [107.72110018700005, -7.090260224999952], [107.72247278200007, -7.089654485999972], [107.72258717500006, -7.0887572769999565], [107.72180902900004, -7.0887020689999645], [107.72090385200005, -7.087392447999946], [107.71982690300007, -7.087398752999945], [107.71898647200004, -7.08692551799993], [107.71969882700006, -7.085965038999973], [107.72011097800004, -7.084827007999934], [107.71885489500005, -7.084894128999963]], [[107.70790732000006, -7.085197136999966], [107.70778172500007, -7.084181778999948], [107.70813617300007, -7.08340270399998], [107.70951087500003, -7.083155609999949], [107.71076382200005, -7.082550604999938], [107.71195867800009, -7.082244787999969], [107.71189151200008, -7.080990014999941], [107.71063158800007, -7.080399664999959], [107.70979571300006, -7.080703384999936], [107.70980339300007, -7.082018276999975], [107.70878662800004, -7.082083974999932], [107.70836258200006, -7.0811898939999764], [107.70734442100007, -7.081016514999931], [107.70579197100005, -7.0815634839999575], [107.70489939600009, -7.082405458999972], [107.70550327800004, -7.083358265999948], [107.70658929800004, -7.084905964999962], [107.70689612800004, -7.086219117999974], [107.70666238900009, -7.087176799999952], [107.70582789400004, -7.087719590999939], [107.70522679000004, -7.087244933999955], [107.70421244900007, -7.0877289999999675], [107.70445840100007, -7.088863200999981], [107.70559345200007, -7.088557738999953], [107.70649650600006, -7.08950879899993], [107.70698528400004, -7.0912392789999785], [107.70728199700005, -7.090819158999977], [107.70751713200008, -7.090100546999963], [107.70829109700009, -7.089438563999977], [107.70883237400005, -7.089913567999929], [107.70919800200005, -7.091047061999973], [107.70968539400008, -7.092538463999972], [107.71082569100008, -7.093129502999943], [107.71003948700007, -7.091699619999929], [107.71044956600008, -7.090202978999969], [107.71146809600003, -7.0904361119999635], [107.71140302000003, -7.0895399439999665], [107.70996322600007, -7.08889088199993], [107.70864135200009, -7.087942277999957], [107.70791953900005, -7.087289011999928], [107.70790732000006, -7.085197136999966]], [[107.69913478800004, -7.089133252999943], [107.69835419100008, -7.088659625999981], [107.69799937600004, -7.089378932999978], [107.69812704700007, -7.090752910999981], [107.69692518800008, -7.08986333699994], [107.69632686700004, -7.089866810999979], [107.69657245700006, -7.090941253999972], [107.69765430500007, -7.091771754999968], [107.69858037200004, -7.092743262999932], [107.69897235300004, -7.092062945999942], [107.69897026300004, -7.091704335999964], [107.69932507700008, -7.090985028999967], [107.69973867700008, -7.090086067999948], [107.69913478800004, -7.089133252999943]], [[107.71473305000006, -7.065552858999979], [107.71496887100005, -7.064953786999979], [107.71538068700005, -7.0637559929999725], [107.71484223600004, -7.063759129999937], [107.71407075700006, -7.064839478999943], [107.71336014600007, -7.066098782999973], [107.71318345200007, -7.066577970999958], [107.71408680400003, -7.067588790999935], [107.71391046000008, -7.0681277489999275], [107.71325618800006, -7.06878902699998], [107.71373970100007, -7.069622985999956], [107.71475852900005, -7.069915894999951], [107.71510772400006, -7.068240308999975], [107.71509760100008, -7.0665070479999486], [107.71473305000006, -7.065552858999979]], [[107.72964406600005, -7.026974500999927], [107.72905491300008, -7.028531931999964], [107.72924519900005, -7.030383662999952], [107.72978814200007, -7.031157494999945], [107.73044235100008, -7.030496219999975], [107.73061658100005, -7.029598670999974], [107.73115009500003, -7.028758793999941], [107.73132467300007, -7.027921012999968], [107.73137960400004, -7.027083923999953], [107.73233152000006, -7.026181840999925], [107.73340691600004, -7.0259364899999355], [107.73323059200004, -7.02485179599995], [107.73239898800006, -7.0253348339999775], [107.73143005500003, -7.024145123999972], [107.73095703300004, -7.0241475099999775], [107.73023077200008, -7.024998706999952], [107.73023037600007, -7.024999998999931], [107.73000058100007, -7.025750000999949], [107.73000000000008, -7.025751896999964], [107.72993724400004, -7.025956722999979], [107.72985276300005, -7.026249998999958], [107.72964406600005, -7.026974500999927]], [[107.69782567600004, -7.024148598999943], [107.69857145500004, -7.022910835999937], [107.69778858200004, -7.022018785999933], [107.69652643900008, -7.0210099459999356], [107.69586150000003, -7.019818357999952], [107.69549946400008, -7.019282503999932], [107.69531242500005, -7.017968621999955], [107.69351877200006, -7.018158238999945], [107.69262521000007, -7.018820848999951], [107.69348144600008, -7.0199413269999695], [107.69461416400009, -7.02137956699994], [107.69581682800003, -7.022448524999959], [107.69684600800008, -7.0223131149999745], [107.69744873000008, -7.0233855219999555], [107.69782567600004, -7.024148598999943]], [[107.72528839300008, -7.01724719799995], [107.72708892900005, -7.018193240999949], [107.72694397200007, -7.018004892999954], [107.72624969600008, -7.017122266999934], [107.72552490300006, -7.015811438999947], [107.72515869100005, -7.015455243999952], [107.72407531900006, -7.014146327999981], [107.72370910700005, -7.013311859999931], [107.72322845600007, -7.012358186999961], [107.72298431400009, -7.011283872999968], [107.72261810300006, -7.0098514559999785], [107.72236633300008, -7.00841855799996], [107.72223663300008, -7.007104393999953], [107.72187805400006, -7.006030556999974], [107.72079467800006, -7.004841325999962], [107.72031402600004, -7.004844188999925], [107.71983337500006, -7.0049667329999465], [107.71984100400005, -7.006161687999963], [107.72055816700004, -7.006866690999971], [107.72055804100006, -7.00686740499998], [107.72045135700006, -7.007473466999954], [107.71949005100004, -7.007598396999981], [107.71878052000005, -7.008558746999938], [107.71850000000006, -7.0085204969999495], [107.71794128500005, -7.0084443089999695], [107.71793561600003, -7.007999999999981], [107.71793365500008, -7.007846352999934], [107.71793365500008, -7.007368563999933], [107.71793365500008, -7.007363078999958], [107.71828460700004, -7.006237743999975], [107.71828460700004, -7.0055732719999355], [107.71780395700006, -7.005576130999941], [107.71720123400007, -7.005340573999945], [107.71695709200009, -7.0043854699999315], [107.71591186700005, -7.004391667999926], [107.71599103800008, -7.005249999999933], [107.71600000000007, -7.005347161999964], [107.71601104800004, -7.005466937999927], [107.71601587700007, -7.005499998999937], [107.71613312000005, -7.006302830999971], [107.71645647200006, -7.006749999999954], [107.71663724800004, -7.006999998999959], [107.71673584100006, -7.007136344999935], [107.71733856300006, -7.007730480999953], [107.71770477300004, -7.008684633999962], [107.71806335400004, -7.009519096999952], [107.71825000100006, -7.00941600699997], [107.71937561000004, -7.008794304999981], [107.72021484600003, -7.008789535999938], [107.72093200700004, -7.008546348999971], [107.72177124100006, -7.009019849999959], [107.72200775200008, -7.009593721999977], [107.72200719500006, -7.009595908999927], [107.72169234500006, -7.010828157999981], [107.72167587300004, -7.010892626999976], [107.72214508100006, -7.01176690799997], [107.72238922100007, -7.012004372999968], [107.72275543200004, -7.0129590019999455], [107.72311401400009, -7.013793465999981], [107.72371292200006, -7.014740943999925], [107.72369479900004, -7.015195917999961], [107.72369003500006, -7.015315529999953], [107.72396087700008, -7.01546192099994], [107.72468567000004, -7.016772743999979], [107.72528839300008, -7.01724719799995]], [[107.72217559900008, -7.015056128999959], [107.72195434800005, -7.014461513999947], [107.72180175900007, -7.014637944999947], [107.72084808400007, -7.014643189999958], [107.72060394500005, -7.0142860389999555], [107.72060394500005, -7.013210294999965], [107.72000122200006, -7.013213630999928], [107.71952819900008, -7.013694759999964], [107.71903991700009, -7.0128803229999335], [107.71917724700006, -7.015130993999946], [107.72074127400003, -7.016437051999958], [107.72109222500006, -7.016076562999956], [107.72204589900008, -7.0151147829999445], [107.72217559900008, -7.015056128999959]], [[107.65916326300004, -7.010214596999958], [107.65921868000004, -7.009437242999979], [107.65993418600004, -7.0090147819999515], [107.66082780400006, -7.008352222999974], [107.66064426400004, -7.00763599499993], [107.66004196400007, -7.006922138999926], [107.66051715800006, -7.006321722999928], [107.66100116700005, -7.007275337999943], [107.66213984100006, -7.007627517999936], [107.66273603500008, -7.007265507999932], [107.66237166900004, -7.006311216999961], [107.66284041100005, -7.00457516299997], [107.66283532100005, -7.003678605999937], [107.66217150800009, -7.00266623899995], [107.66067696300007, -7.002854018999926], [107.66038564500008, -7.00423042999995], [107.65991316600008, -7.005309010999952], [107.65949779300007, -7.005909086999964], [107.65848486900006, -7.006632088999936], [107.65711232400008, -7.00723757999998], [107.65633766700006, -7.007779915999947], [107.65544539700005, -7.008681549999949], [107.65473259000004, -7.009582167999952], [107.65352630700005, -7.010445114999925], [107.65425907800005, -7.010481434999974], [107.65527879100006, -7.010953852999933], [107.65629715000006, -7.011187180999968], [107.65683048200003, -7.01028757499995], [107.65700283800004, -7.009031375999939], [107.65688048300007, -7.008553887999938], [107.65760005600004, -7.008848677999936], [107.65796340200006, -7.009623663999946], [107.65869043900005, -7.011233405999974], [107.65917038500004, -7.011469777999935], [107.65916326300004, -7.010214596999958]], [[107.64046519100003, -7.004462331999946], [107.64106141000008, -7.004100343999937], [107.64135413400004, -7.002963005999959], [107.64279730400006, -7.004269903999955], [107.64339385500006, -7.003967680999949], [107.64212813500006, -7.002301148999948], [107.64170567100007, -7.001646014999949], [107.64254319700007, -7.001641310999958], [107.64368388000008, -7.002352173999952], [107.64464475700004, -7.003004274999967], [107.64523591400007, -7.001745712999934], [107.64571247700007, -7.001384390999931], [107.64654730400008, -7.00090150799997], [107.64590274800008, -6.999999998999954], [107.64582370000005, -6.999889436999979], [107.64486316500006, -6.999297110999976], [107.64479311500008, -6.999999998999954], [107.64474992000004, -7.000433437999959], [107.64415269900007, -7.0006161159999465], [107.64404029600007, -6.999999998999954], [107.64396750500003, -6.999601011999971], [107.64288665600009, -6.9988898109999695], [107.64204812400004, -6.998715200999925], [107.64240167900005, -6.997756842999934], [107.64192209000004, -6.99758021699995], [107.64132587900008, -6.997942207999927], [107.64127177100005, -6.998958655999957], [107.64067925700004, -6.999978130999978], [107.64067862600007, -6.999999998999954], [107.64062918700006, -7.001711838999938], [107.63973351800007, -7.0020157349999295], [107.63877163900008, -7.001184308999939], [107.63781311900004, -7.000950590999935], [107.63709792600008, -7.001432792999935], [107.63896220000004, -7.0031557609999595], [107.64046519100003, -7.004462331999946]], [[107.66663780700009, -6.999054591999936], [107.66843415500006, -6.999343263999947], [107.67004968000003, -6.999393866999981], [107.67088548100008, -6.999090262999971], [107.67183310200005, -6.997411263999936], [107.67248365400008, -6.996092589999932], [107.67319572200006, -6.995072422999954], [107.67312468000006, -6.993100356999946], [107.67210466800009, -6.992568200999926], [107.67138070400006, -6.991496416999951], [107.67144478800009, -6.990941827999961], [107.67145204900004, -6.990878986999974], [107.67160877500004, -6.98952264899998], [107.67136032500008, -6.987910216999978], [107.67027745200005, -6.9868404629999645], [107.66956368400008, -6.9875617719999354], [107.67082500100008, -6.98845119799995], [107.67047185000007, -6.989469327999927], [107.67024037800007, -6.990845394999951], [107.67023097900005, -6.990878986999974], [107.67021339500008, -6.990941827999961], [107.67012311300005, -6.991264461999947], [107.66898720000006, -6.991390449999926], [107.66994976300003, -6.992341339999939], [107.67114617800007, -6.992334552999978], [107.67162882100007, -6.993049077999956], [107.67145445700004, -6.993946642999958], [107.67181814300005, -6.994781385999943], [107.67158565600005, -6.995978144999981], [107.67003574300008, -6.996943294999937], [107.67046095200004, -6.998076547999972], [107.66974581200009, -6.998558783999954], [107.66920810000005, -6.998681379999937], [107.66878697000004, -6.998265364999952], [107.66775981500007, -6.99647803199997], [107.66735193000005, -6.998393050999937], [107.66663780700009, -6.999054591999936]], [[107.67884564800005, -6.98924244899996], [107.67819341600006, -6.990262274999964], [107.67717817700009, -6.990566907999948], [107.67585941000004, -6.990096231999928], [107.67507834700007, -6.989502950999963], [107.67376366300005, -6.989749505999953], [107.67386843800006, -6.990878986999974], [107.67387426700009, -6.990941827999961], [107.67389112400008, -6.99112353299995], [107.67616634000007, -6.9914692359999435], [107.67814279100008, -6.991876395999952], [107.67942642900005, -6.990941827999961], [107.67951273800008, -6.990878986999974], [107.67963216300006, -6.9907920339999805], [107.67992206300005, -6.989176551999947], [107.67884564800005, -6.98924244899996]], [[107.70300502700007, -6.991447225999934], [107.70277404900008, -6.9919156989999465], [107.70266342200006, -6.992462635999971], [107.70265960700004, -6.993231295999976], [107.70337677100008, -6.993705270999953], [107.70345095300007, -6.99386827099994], [107.70386505100004, -6.99477815299997], [107.70398712300005, -6.99501657299993], [107.70398712300005, -6.995805261999976], [107.70359882000008, -6.9963924449999695], [107.70339965800008, -6.996693609999966], [107.70327758800005, -6.9970526669999344], [107.70306015300008, -6.997383114999934], [107.70480003100005, -6.998238942999933], [107.70611641000005, -6.998291139999935], [107.70674146400006, -6.997774546999949], [107.70858356100007, -6.998695878999968], [107.70929133200008, -6.999049873999979], [107.71032530000008, -6.999406163999936], [107.71059761400005, -6.999500000999944], [107.71150914600008, -6.99981410099997], [107.71175000000005, -6.999782607999975], [107.71246556800008, -6.999689041999943], [107.71197976300004, -6.998436678999951], [107.71047978900003, -6.997668314999942], [107.70856349800005, -6.99732073399997], [107.70784325300008, -6.996906487999979], [107.70663893900007, -6.995538705999934], [107.70613098200005, -6.993928427999947], [107.70648956300005, -6.99320936099997], [107.70702169400005, -6.993419996999933], [107.70708465700005, -6.993444916999977], [107.70756530800008, -6.993680949999941], [107.70804596000005, -6.99367856899994], [107.70847702100008, -6.993507858999976], [107.70767975100006, -6.992604728999936], [107.70742347500004, -6.992504573999952], [107.70707702700008, -6.992369172999929], [107.70696258500004, -6.991346833999955], [107.70635223500005, -6.991177556999958], [107.70611612600004, -6.990941827999961], [107.70605318500009, -6.990878986999974], [107.70575714100005, -6.990583414999946], [107.70576477100008, -6.989554879999957], [107.70514679000007, -6.989630696999939], [107.70467376700009, -6.98999213899998], [107.70407867400007, -6.990592953999965], [107.70342403500007, -6.990878986999974], [107.70328021200004, -6.990941827999961], [107.70324707100008, -6.990956303999951], [107.70301056000005, -6.991436004999969], [107.70300502700007, -6.991447225999934]], [[107.74689471500005, -6.990941827999961], [107.74643464900004, -6.991586192999932], [107.74517814500007, -6.991533754999978], [107.74410842100008, -6.9927353599999265], [107.74453028300007, -6.99327081499996], [107.74542509500009, -6.992847214999927], [107.74614080600008, -6.992484431999969], [107.74715908900004, -6.992717564999964], [107.74686629400009, -6.993795101999979], [107.74770653200005, -6.994268340999952], [107.74770128800009, -6.993371847999981], [107.74793391400004, -6.992234893999978], [107.74811108500006, -6.990941827999961], [107.74811969500007, -6.990878986999974], [107.74816339500006, -6.990560043999949], [107.74720598100004, -6.9905058639999424], [107.74693958200004, -6.990878986999974], [107.74689471500005, -6.990941827999961]], [[107.75493141200008, -6.992014685999948], [107.75290010100008, -6.992444945999978], [107.75182445300004, -6.9926305399999364], [107.75040762700007, -6.99216784999993], [107.75000000100005, -6.992890367999962], [107.74997188100008, -6.992940207999936], [107.75000000100005, -6.992941521999967], [107.75110875000007, -6.992993333999948], [107.75135256800007, -6.99376889499996], [107.75230788800008, -6.993464465999978], [107.75278642100005, -6.993461665999973], [107.75303164200005, -6.994476289999966], [107.75410869600006, -6.994529752999938], [107.75356158700004, -6.993038756999965], [107.75416080400004, -6.993214552999973], [107.75625684000005, -6.993620657999941], [107.75732757400004, -6.992598331999943], [107.75672450200005, -6.991765118999979], [107.75493141200008, -6.992014685999948]], [[107.74104686600003, -6.99431412399997], [107.74059295700005, -6.994087692999926], [107.74173841000004, -6.9929447349999805], [107.74227083700004, -6.9919255659999635], [107.74107449500008, -6.991932534999933], [107.73982181800005, -6.992537514999981], [107.73767083000007, -6.992968411999925], [107.73605680400004, -6.99315710299993], [107.73426645000006, -6.993884733999948], [107.73247400300005, -6.994253760999925], [107.73110062100005, -6.994680115999927], [107.73122512300006, -6.995516158999976], [107.73128876500004, -6.99617324899998], [107.73142240000004, -6.996181370999977], [107.73150634800004, -6.996172424999941], [107.73229569800009, -6.996080402999951], [107.73258209200009, -6.9960470189999455], [107.73329925600007, -6.995923038999933], [107.73348455900003, -6.995427743999926], [107.73361714800006, -6.99538273099995], [107.73412840900005, -6.9957295649999764], [107.73422940100005, -6.995798074999925], [107.73470228300005, -6.995795423999937], [107.73473358300004, -6.995795247999979], [107.73518424900004, -6.994887411999969], [107.73576734700003, -6.994562549999955], [107.73699951300006, -6.99446725599995], [107.73915863100007, -6.994454380999969], [107.73856353800005, -6.995653624999932], [107.73892212000004, -6.995769975999963], [107.73983645700008, -6.9950477099999375], [107.74071502700008, -6.995640751999929], [107.74104684900004, -6.994314182999972], [107.74104686600003, -6.99431412399997]], [[107.71345210800007, -6.994423603999962], [107.71159737700003, -6.994374524999955], [107.71129862800007, -6.994436015999952], [107.71256414500004, -6.996042508999949], [107.71381930900009, -6.9958559619999505], [107.71495552400006, -6.995789636999973], [107.71657201800008, -6.996019384999954], [107.71872861000008, -6.996544852999932], [107.71810913200005, -6.995532988999969], [107.71714782800007, -6.995060441999954], [107.71657944000003, -6.994979619999981], [107.71495068800004, -6.994952885999965], [107.71345210800007, -6.994423603999962]], [[107.69667275600005, -6.999720110999931], [107.69511399200007, -6.9991313419999415], [107.69373812400005, -6.9991392239999755], [107.69296080100008, -6.999203446999957], [107.69266512700005, -6.9998028499999805], [107.69259241800006, -6.999999998999954], [107.69231168900006, -7.000761204999947], [107.69195824900004, -7.001719565999963], [107.69243621800007, -7.002568240999949], [107.69388580400005, -7.001756667999928], [107.69445038000003, -7.001526352999974], [107.69442749000007, -7.000565525999946], [107.69493866100004, -7.00045800099997], [107.69540405300006, -7.000684258999968], [107.69647979700005, -7.001156326999933], [107.69733490000004, -7.000433560999966], [107.69693251600006, -6.999999998999954], [107.69667275600005, -6.999720110999931]], [[107.79974746800008, -7.01335787499994], [107.79936218300008, -7.014131065999948], [107.79927063100007, -7.015444274999936], [107.79926300100004, -7.015969751999933], [107.79855346700003, -7.016840454999965], [107.79767608800006, -7.01762294599996], [107.79775238200006, -7.018920656999967], [107.79850387800008, -7.019527908999976], [107.79850371000003, -7.019528416999947], [107.79817962600004, -7.020516868999948], [107.79800415000005, -7.02121638999995], [107.79782104700007, -7.022265907999952], [107.79781341800003, -7.023316859999966], [107.79780578600008, -7.023842332999948], [107.79763031100003, -7.024716850999937], [107.79761505200008, -7.0259432769999535], [107.79743957700003, -7.026467319999938], [107.79656219600008, -7.026812075999942], [107.79489135800009, -7.027413364999973], [107.79462814400006, -7.02801775699993], [107.79514312700007, -7.028553963999968], [107.79564666800007, -7.028485297999964], [107.79637146000005, -7.028387067999972], [107.79734039300007, -7.028043265999941], [107.79845428500005, -7.027880428999936], [107.79847757600004, -7.02853984199993], [107.79848098700006, -7.028636450999954], [107.79853850500007, -7.02922904899998], [107.79855728200005, -7.029422518999979], [107.79855802300006, -7.029422772999965], [107.79917145000007, -7.029632566999965], [107.79942703400008, -7.0283710949999545], [107.79892730700004, -7.02682828899998], [107.79894256700004, -7.026381965999974], [107.79903412000004, -7.024201390999963], [107.79965210100005, -7.0232419959999675], [107.79989590000008, -7.022070610999947], [107.79989624100006, -7.022068972999932], [107.79914119800009, -7.02121907399993], [107.79914093000008, -7.021218773999976], [107.79924011200006, -7.019385335999971], [107.79942321900006, -7.017985339999939], [107.80000000000007, -7.016902749999929], [107.80039978200006, -7.016152378999948], [107.80093383900004, -7.0151052449999725], [107.80079650900007, -7.013526673999934], [107.80000000000007, -7.0133985089999555], [107.79974746800008, -7.01335787499994]], [[107.78085620900004, -7.017528991999939], [107.78001591400005, -7.017055840999944], [107.78002549400009, -7.018669483999929], [107.78050865900008, -7.019443581999951], [107.78117447700004, -7.020754498999963], [107.78177906000008, -7.021826707999935], [107.78220419100006, -7.022899980999966], [107.78346181200004, -7.0231315799999265], [107.78309507500006, -7.021818896999946], [107.78201016300005, -7.020450705999963], [107.78146540100005, -7.019378140999947], [107.78151001100008, -7.018249999999966], [107.78151740600003, -7.018062972999928], [107.78150000100004, -7.018048914999952], [107.78143943100008, -7.017999998999926], [107.78112987000009, -7.017749999999978], [107.78085620900004, -7.017528991999939]], [[107.76201467200008, -7.017879397999934], [107.76201960900005, -7.018716111999936], [107.76016203000006, -7.018189139999947], [107.75975000100004, -7.018840777999969], [107.75964932400007, -7.018999999999949], [107.75925000000007, -7.019631541999956], [107.75921372600004, -7.019688910999946], [107.75922633000005, -7.0197499989999415], [107.75939847100005, -7.020584337999935], [107.76023453800008, -7.020340346999944], [107.76025000000004, -7.0202930769999625], [107.76042763900006, -7.0197499989999415], [107.76052834900008, -7.01944210399995], [107.76075000100008, -7.019454635999978], [107.76148581600006, -7.019496234999963], [107.76286413600008, -7.0199064869999575], [107.76300000000003, -7.019803424999964], [107.76357879600005, -7.0193643679999695], [107.76375402100007, -7.018646125999965], [107.76350874400003, -7.017631527999981], [107.76398236000006, -7.01679199199998], [107.76248652600009, -7.016741036999974], [107.76201467200008, -7.017879397999934]], [[107.64604169500006, -6.9854828949999614], [107.64471857700005, -6.984235084999966], [107.64340419300004, -6.984541326999931], [107.64136893600005, -6.984313646999965], [107.63992987500006, -6.983723975999965], [107.64023501600008, -6.984798188999946], [107.64106750500008, -6.985661978999929], [107.64274597200006, -6.986130712999966], [107.64418029800004, -6.986002916999951], [107.64489746200007, -6.985640522999972], [107.64539650000006, -6.986134515999936], [107.64604169500006, -6.9854828949999614]], [[107.74333051500008, -7.041158958999972], [107.74145668900007, -7.041605107999942], [107.74059413400005, -7.0413969029999635], [107.73973158000007, -7.04124818899993], [107.73877979500008, -7.041456392999976], [107.73886902500004, -7.042675863999932], [107.73979106900003, -7.043478931999971], [107.74071310700003, -7.043597905999945], [107.74130797300006, -7.042973297999936], [107.74160540700007, -7.0424676639999575], [107.74217052700004, -7.04294355299993], [107.74327102900008, -7.043270728999971], [107.74333051500008, -7.04187279599995], [107.74333051500008, -7.041158958999972]], [[107.79617939100007, -7.039073094999935], [107.79600637600004, -7.0401499129999365], [107.79661245900007, -7.041461133999974], [107.79757568400004, -7.042471387999967], [107.79834904900008, -7.041749567999943], [107.79834403100006, -7.04091288199993], [107.79971918400008, -7.040785115999938], [107.80000000000007, -7.040883418999954], [107.80055846300007, -7.041078915999947], [107.80097361900005, -7.04047877499994], [107.80000000000007, -7.040135178999947], [107.79947488400006, -7.039949861999958], [107.79791525400009, -7.039242009999953], [107.79743239500004, -7.038527710999972], [107.79617939100007, -7.039073094999935]], [[107.79150000100009, -7.050033078999945], [107.79211761500005, -7.050094297999976], [107.79175000000004, -7.049550488999955], [107.79154686700008, -7.049249998999926], [107.79150000100009, -7.0491806699999415], [107.79139330900006, -7.049022842999932], [107.79150000100009, -7.048982140999954], [107.79210854800004, -7.048749997999948], [107.79234831000008, -7.0486585369999375], [107.79342581600008, -7.048771622999936], [107.79294222900006, -7.047937794999939], [107.79132596900007, -7.0477681599999755], [107.79048274100006, -7.046816941999964], [107.78970362800004, -7.046582530999956], [107.78971328500006, -7.04819615699995], [107.78984294700007, -7.04986882999998], [107.79050000000007, -7.04993395799994], [107.79100000000005, -7.049983518999966], [107.79116626400008, -7.0499999999999545], [107.79125000100004, -7.0500082989999555], [107.79150000100009, -7.050033078999945]], [[107.79658964900005, -7.057598010999925], [107.79629843400005, -7.058914601999959], [107.79540575700008, -7.0596969089999675], [107.79469147200007, -7.060298848999935], [107.79325607400006, -7.060367213999939], [107.79182641000006, -7.061391798999978], [107.79249236000004, -7.062702660999946], [107.79357277300005, -7.06329384299994], [107.79398687200006, -7.062514404999945], [107.79356272400008, -7.061620460999961], [107.79409754700004, -7.061019594999948], [107.79505399900006, -7.060894331999975], [107.79624950200008, -7.061249999999973], [107.79643244700009, -7.061304425999936], [107.79647954300003, -7.061249999999973], [107.79726422200008, -7.060343184999965], [107.79725272700006, -7.058430749999957], [107.79658964900005, -7.057598010999925]], [[107.76470031400004, -6.978767250999965], [107.76470031400004, -6.977834501999951], [107.76481452900003, -6.976787538999929], [107.76498585100006, -6.976083216999939], [107.76506199500005, -6.975340825999979], [107.76489257900005, -6.974521635999963], [107.76452636700009, -6.974519251999936], [107.76397695800006, -6.974941074999947], [107.76357721000005, -6.97583575699997], [107.76325000000008, -6.976886271999945], [107.76321553300005, -6.976996930999974], [107.76319199000005, -6.97724999899998], [107.76313938800007, -6.977815466999971], [107.76313938800007, -6.978557858999977], [107.76363372800006, -6.978693005999958], [107.76363137500005, -6.97922409399996], [107.76323456900008, -6.979224105999947], [107.76294903100006, -6.979623855999932], [107.76230468300008, -6.979999460999977], [107.76227188100006, -6.980347629999926], [107.76233989100007, -6.980708890999949], [107.76266349700006, -6.980861175999962], [107.76332974700006, -6.980842139999936], [107.76362609900008, -6.980413914999929], [107.76439574500006, -6.979300248999948], [107.76470031400004, -6.978767250999965]], [[107.77135824300007, -6.977932760999977], [107.77243559400006, -6.978045962999943], [107.77417019300009, -6.978035763999969], [107.77470851500004, -6.978032596999981], [107.77488267300004, -6.977135067999939], [107.77404422700005, -6.97696069999995], [107.77344292400005, -6.976426333999939], [107.77415787000007, -6.97594399299993], [107.77523169600005, -6.975459540999964], [107.77612713300005, -6.975155438999934], [107.77612396300009, -6.9746175559999415], [107.77552301600008, -6.97414295599998], [107.77324976200003, -6.974096553999971], [107.77211963900004, -6.975179001999948], [107.77176814500007, -6.976436174999947], [107.77135824300007, -6.977932760999977]], [[107.76970145300004, -6.970830198999977], [107.77029290900003, -6.969691153999975], [107.77040586200008, -6.96855491499997], [107.77045830100008, -6.967299498999978], [107.77099907300004, -6.967714692999948], [107.77124921300003, -6.969566006999969], [107.77173368800004, -6.9705792019999535], [107.77280891300006, -6.97033382199993], [107.77304535300004, -6.969854297999973], [107.77442350600006, -6.970264570999973], [107.77525244500004, -6.969872091999946], [107.77482847600004, -6.967931280999949], [107.77374060500006, -6.966025126999966], [107.77254436100009, -6.966032151999968], [107.77205532600004, -6.9642420059999495], [107.77116341100009, -6.965143743999931], [107.77105010600008, -6.966220215999954], [107.77032463700004, -6.964909593999948], [107.76989998600004, -6.963896039999952], [107.76869988400006, -6.963245635999954], [107.76846589500008, -6.964143515999979], [107.76943517000007, -6.966229686999952], [107.76956251800004, -6.967543820999936], [107.76927293200004, -6.969159230999935], [107.76790039400004, -6.9697051849999525], [107.76856535800005, -6.97089662999997], [107.76958779900008, -6.971846907999975], [107.77090579500003, -6.972197776999963], [107.77066162200003, -6.971362467999938], [107.76970145300004, -6.970830198999977]]]}, "properties": {"OBJECTID": 32540, "KODE_PROV": 32, "PL2021_ID_R": 20093, "PL2022_ID": 20093}}]}